ISO-10303-21;
HEADER;
FILE_DESCRIPTION(('KiCad electronic assembly'),'2;1');
FILE_NAME('DCDC_Adapter.step','2025-07-10T16:00:44',('Pcbnew'),('Kicad')
  ,'Open CASCADE STEP processor 7.9','KiCad to STEP converter','Unknown'
  );
FILE_SCHEMA(('AUTOMOTIVE_DESIGN { 1 0 10303 214 1 1 1 1 }'));
ENDSEC;
DATA;
#1 = APPLICATION_PROTOCOL_DEFINITION('international standard',
  'automotive_design',2000,#2);
#2 = APPLICATION_CONTEXT(
  'core data for automotive mechanical design processes');
#3 = SHAPE_DEFINITION_REPRESENTATION(#4,#10);
#4 = PRODUCT_DEFINITION_SHAPE('','',#5);
#5 = PRODUCT_DEFINITION('design','',#6,#9);
#6 = PRODUCT_DEFINITION_FORMATION('','',#7);
#7 = PRODUCT('DCDC_Adapter 1','DCDC_Adapter 1','',(#8));
#8 = PRODUCT_CONTEXT('',#2,'mechanical');
#9 = PRODUCT_DEFINITION_CONTEXT('part definition',#2,'design');
#10 = SHAPE_REPRESENTATION('',(#11,#15,#19,#23,#27,#31,#35,#39),#43);
#11 = AXIS2_PLACEMENT_3D('',#12,#13,#14);
#12 = CARTESIAN_POINT('',(0.,0.,0.));
#13 = DIRECTION('',(0.,0.,1.));
#14 = DIRECTION('',(1.,0.,-0.));
#15 = AXIS2_PLACEMENT_3D('',#16,#17,#18);
#16 = CARTESIAN_POINT('',(132.25,-97.,1.495));
#17 = DIRECTION('',(-0.,0.,1.));
#18 = DIRECTION('',(1.110223024625E-16,-1.,0.));
#19 = AXIS2_PLACEMENT_3D('',#20,#21,#22);
#20 = CARTESIAN_POINT('',(153.35,-99.,-5.E-03));
#21 = DIRECTION('',(-1.224646799147E-16,1.359631073447E-32,-1.));
#22 = DIRECTION('',(1.110223024625E-16,1.,0.));
#23 = AXIS2_PLACEMENT_3D('',#24,#25,#26);
#24 = CARTESIAN_POINT('',(135.65,-99.,-5.E-03));
#25 = DIRECTION('',(1.224646799147E-16,1.359631073447E-32,-1.));
#26 = DIRECTION('',(1.110223024625E-16,-1.,0.));
#27 = AXIS2_PLACEMENT_3D('',#28,#29,#30);
#28 = CARTESIAN_POINT('',(145.75,-97.5,1.495));
#29 = DIRECTION('',(-0.,1.,1.110223024625E-16));
#30 = DIRECTION('',(1.,0.,0.));
#31 = AXIS2_PLACEMENT_3D('',#32,#33,#34);
#32 = CARTESIAN_POINT('',(0.,0.,0.));
#33 = DIRECTION('',(0.,0.,1.));
#34 = DIRECTION('',(1.,0.,-0.));
#35 = AXIS2_PLACEMENT_3D('',#36,#37,#38);
#36 = CARTESIAN_POINT('',(0.,0.,0.));
#37 = DIRECTION('',(0.,0.,1.));
#38 = DIRECTION('',(1.,0.,-0.));
#39 = AXIS2_PLACEMENT_3D('',#40,#41,#42);
#40 = CARTESIAN_POINT('',(0.,0.,0.));
#41 = DIRECTION('',(0.,0.,1.));
#42 = DIRECTION('',(1.,0.,-0.));
#43 = ( GEOMETRIC_REPRESENTATION_CONTEXT(3) 
GLOBAL_UNCERTAINTY_ASSIGNED_CONTEXT((#47)) GLOBAL_UNIT_ASSIGNED_CONTEXT(
(#44,#45,#46)) REPRESENTATION_CONTEXT('Context #1',
  '3D Context with UNIT and UNCERTAINTY') );
#44 = ( LENGTH_UNIT() NAMED_UNIT(*) SI_UNIT(.MILLI.,.METRE.) );
#45 = ( NAMED_UNIT(*) PLANE_ANGLE_UNIT() SI_UNIT($,.RADIAN.) );
#46 = ( NAMED_UNIT(*) SI_UNIT($,.STERADIAN.) SOLID_ANGLE_UNIT() );
#47 = UNCERTAINTY_MEASURE_WITH_UNIT(LENGTH_MEASURE(1.E-07),#44,
  'distance_accuracy_value','confusion accuracy');
#48 = PRODUCT_RELATED_PRODUCT_CATEGORY('part',$,(#7));
#49 = SHAPE_DEFINITION_REPRESENTATION(#50,#56);
#50 = PRODUCT_DEFINITION_SHAPE('','',#51);
#51 = PRODUCT_DEFINITION('design','',#52,#55);
#52 = PRODUCT_DEFINITION_FORMATION('','',#53);
#53 = PRODUCT('L_1812_4532Metric','L_1812_4532Metric','',(#54));
#54 = PRODUCT_CONTEXT('',#2,'mechanical');
#55 = PRODUCT_DEFINITION_CONTEXT('part definition',#2,'design');
#56 = ADVANCED_BREP_SHAPE_REPRESENTATION('',(#11,#57),#911);
#57 = MANIFOLD_SOLID_BREP('',#58);
#58 = CLOSED_SHELL('',(#59,#135,#166,#191,#216,#240,#264,#289,#314,#331,
    #417,#449,#473,#498,#522,#547,#571,#596,#613,#699,#730,#755,#780,
    #804,#828,#853,#878,#895));
#59 = ADVANCED_FACE('',(#60),#130,.F.);
#60 = FACE_BOUND('',#61,.F.);
#61 = EDGE_LOOP('',(#62,#72,#81,#89,#98,#106,#115,#123));
#62 = ORIENTED_EDGE('',*,*,#63,.F.);
#63 = EDGE_CURVE('',#64,#66,#68,.T.);
#64 = VERTEX_POINT('',#65);
#65 = CARTESIAN_POINT('',(-2.25,-1.6,5.E-02));
#66 = VERTEX_POINT('',#67);
#67 = CARTESIAN_POINT('',(-2.25,-1.6,2.45));
#68 = LINE('',#69,#70);
#69 = CARTESIAN_POINT('',(-2.25,-1.6,0.));
#70 = VECTOR('',#71,1.);
#71 = DIRECTION('',(0.,0.,1.));
#72 = ORIENTED_EDGE('',*,*,#73,.T.);
#73 = EDGE_CURVE('',#64,#74,#76,.T.);
#74 = VERTEX_POINT('',#75);
#75 = CARTESIAN_POINT('',(-2.25,-1.55,0.));
#76 = CIRCLE('',#77,5.E-02);
#77 = AXIS2_PLACEMENT_3D('',#78,#79,#80);
#78 = CARTESIAN_POINT('',(-2.25,-1.55,5.E-02));
#79 = DIRECTION('',(1.,0.,-0.));
#80 = DIRECTION('',(0.,0.,1.));
#81 = ORIENTED_EDGE('',*,*,#82,.T.);
#82 = EDGE_CURVE('',#74,#83,#85,.T.);
#83 = VERTEX_POINT('',#84);
#84 = CARTESIAN_POINT('',(-2.25,1.55,0.));
#85 = LINE('',#86,#87);
#86 = CARTESIAN_POINT('',(-2.25,-1.6,0.));
#87 = VECTOR('',#88,1.);
#88 = DIRECTION('',(0.,1.,0.));
#89 = ORIENTED_EDGE('',*,*,#90,.F.);
#90 = EDGE_CURVE('',#91,#83,#93,.T.);
#91 = VERTEX_POINT('',#92);
#92 = CARTESIAN_POINT('',(-2.25,1.6,5.E-02));
#93 = CIRCLE('',#94,5.E-02);
#94 = AXIS2_PLACEMENT_3D('',#95,#96,#97);
#95 = CARTESIAN_POINT('',(-2.25,1.55,5.E-02));
#96 = DIRECTION('',(-1.,0.,0.));
#97 = DIRECTION('',(0.,0.,1.));
#98 = ORIENTED_EDGE('',*,*,#99,.T.);
#99 = EDGE_CURVE('',#91,#100,#102,.T.);
#100 = VERTEX_POINT('',#101);
#101 = CARTESIAN_POINT('',(-2.25,1.6,2.45));
#102 = LINE('',#103,#104);
#103 = CARTESIAN_POINT('',(-2.25,1.6,0.));
#104 = VECTOR('',#105,1.);
#105 = DIRECTION('',(0.,0.,1.));
#106 = ORIENTED_EDGE('',*,*,#107,.T.);
#107 = EDGE_CURVE('',#100,#108,#110,.T.);
#108 = VERTEX_POINT('',#109);
#109 = CARTESIAN_POINT('',(-2.25,1.55,2.5));
#110 = CIRCLE('',#111,5.E-02);
#111 = AXIS2_PLACEMENT_3D('',#112,#113,#114);
#112 = CARTESIAN_POINT('',(-2.25,1.55,2.45));
#113 = DIRECTION('',(1.,0.,-0.));
#114 = DIRECTION('',(0.,0.,1.));
#115 = ORIENTED_EDGE('',*,*,#116,.F.);
#116 = EDGE_CURVE('',#117,#108,#119,.T.);
#117 = VERTEX_POINT('',#118);
#118 = CARTESIAN_POINT('',(-2.25,-1.55,2.5));
#119 = LINE('',#120,#121);
#120 = CARTESIAN_POINT('',(-2.25,-1.6,2.5));
#121 = VECTOR('',#122,1.);
#122 = DIRECTION('',(0.,1.,0.));
#123 = ORIENTED_EDGE('',*,*,#124,.F.);
#124 = EDGE_CURVE('',#66,#117,#125,.T.);
#125 = CIRCLE('',#126,5.E-02);
#126 = AXIS2_PLACEMENT_3D('',#127,#128,#129);
#127 = CARTESIAN_POINT('',(-2.25,-1.55,2.45));
#128 = DIRECTION('',(-1.,0.,0.));
#129 = DIRECTION('',(0.,0.,1.));
#130 = PLANE('',#131);
#131 = AXIS2_PLACEMENT_3D('',#132,#133,#134);
#132 = CARTESIAN_POINT('',(-2.25,-1.6,0.));
#133 = DIRECTION('',(1.,0.,0.));
#134 = DIRECTION('',(0.,0.,1.));
#135 = ADVANCED_FACE('',(#136),#161,.F.);
#136 = FACE_BOUND('',#137,.F.);
#137 = EDGE_LOOP('',(#138,#148,#154,#155));
#138 = ORIENTED_EDGE('',*,*,#139,.F.);
#139 = EDGE_CURVE('',#140,#142,#144,.T.);
#140 = VERTEX_POINT('',#141);
#141 = CARTESIAN_POINT('',(-1.75,-1.6,5.E-02));
#142 = VERTEX_POINT('',#143);
#143 = CARTESIAN_POINT('',(-1.75,-1.6,2.45));
#144 = LINE('',#145,#146);
#145 = CARTESIAN_POINT('',(-1.75,-1.6,0.));
#146 = VECTOR('',#147,1.);
#147 = DIRECTION('',(0.,0.,1.));
#148 = ORIENTED_EDGE('',*,*,#149,.F.);
#149 = EDGE_CURVE('',#64,#140,#150,.T.);
#150 = LINE('',#151,#152);
#151 = CARTESIAN_POINT('',(-2.25,-1.6,5.E-02));
#152 = VECTOR('',#153,1.);
#153 = DIRECTION('',(1.,0.,0.));
#154 = ORIENTED_EDGE('',*,*,#63,.T.);
#155 = ORIENTED_EDGE('',*,*,#156,.T.);
#156 = EDGE_CURVE('',#66,#142,#157,.T.);
#157 = LINE('',#158,#159);
#158 = CARTESIAN_POINT('',(-2.25,-1.6,2.45));
#159 = VECTOR('',#160,1.);
#160 = DIRECTION('',(1.,0.,0.));
#161 = PLANE('',#162);
#162 = AXIS2_PLACEMENT_3D('',#163,#164,#165);
#163 = CARTESIAN_POINT('',(-2.25,-1.6,0.));
#164 = DIRECTION('',(0.,1.,0.));
#165 = DIRECTION('',(0.,-0.,1.));
#166 = ADVANCED_FACE('',(#167),#186,.T.);
#167 = FACE_BOUND('',#168,.T.);
#168 = EDGE_LOOP('',(#169,#170,#178,#185));
#169 = ORIENTED_EDGE('',*,*,#73,.T.);
#170 = ORIENTED_EDGE('',*,*,#171,.T.);
#171 = EDGE_CURVE('',#74,#172,#174,.T.);
#172 = VERTEX_POINT('',#173);
#173 = CARTESIAN_POINT('',(-1.75,-1.55,0.));
#174 = LINE('',#175,#176);
#175 = CARTESIAN_POINT('',(-2.25,-1.55,0.));
#176 = VECTOR('',#177,1.);
#177 = DIRECTION('',(1.,0.,0.));
#178 = ORIENTED_EDGE('',*,*,#179,.F.);
#179 = EDGE_CURVE('',#140,#172,#180,.T.);
#180 = CIRCLE('',#181,5.E-02);
#181 = AXIS2_PLACEMENT_3D('',#182,#183,#184);
#182 = CARTESIAN_POINT('',(-1.75,-1.55,5.E-02));
#183 = DIRECTION('',(1.,0.,-0.));
#184 = DIRECTION('',(0.,0.,1.));
#185 = ORIENTED_EDGE('',*,*,#149,.F.);
#186 = CYLINDRICAL_SURFACE('',#187,5.E-02);
#187 = AXIS2_PLACEMENT_3D('',#188,#189,#190);
#188 = CARTESIAN_POINT('',(-2.25,-1.55,5.E-02));
#189 = DIRECTION('',(1.,0.,0.));
#190 = DIRECTION('',(0.,-1.,0.));
#191 = ADVANCED_FACE('',(#192),#211,.T.);
#192 = FACE_BOUND('',#193,.T.);
#193 = EDGE_LOOP('',(#194,#195,#204,#210));
#194 = ORIENTED_EDGE('',*,*,#156,.T.);
#195 = ORIENTED_EDGE('',*,*,#196,.T.);
#196 = EDGE_CURVE('',#142,#197,#199,.T.);
#197 = VERTEX_POINT('',#198);
#198 = CARTESIAN_POINT('',(-1.75,-1.55,2.5));
#199 = CIRCLE('',#200,5.E-02);
#200 = AXIS2_PLACEMENT_3D('',#201,#202,#203);
#201 = CARTESIAN_POINT('',(-1.75,-1.55,2.45));
#202 = DIRECTION('',(-1.,0.,0.));
#203 = DIRECTION('',(0.,0.,1.));
#204 = ORIENTED_EDGE('',*,*,#205,.F.);
#205 = EDGE_CURVE('',#117,#197,#206,.T.);
#206 = LINE('',#207,#208);
#207 = CARTESIAN_POINT('',(-2.25,-1.55,2.5));
#208 = VECTOR('',#209,1.);
#209 = DIRECTION('',(1.,0.,0.));
#210 = ORIENTED_EDGE('',*,*,#124,.F.);
#211 = CYLINDRICAL_SURFACE('',#212,5.E-02);
#212 = AXIS2_PLACEMENT_3D('',#213,#214,#215);
#213 = CARTESIAN_POINT('',(-2.25,-1.55,2.45));
#214 = DIRECTION('',(1.,0.,0.));
#215 = DIRECTION('',(0.,-1.,0.));
#216 = ADVANCED_FACE('',(#217),#235,.F.);
#217 = FACE_BOUND('',#218,.F.);
#218 = EDGE_LOOP('',(#219,#220,#221,#229));
#219 = ORIENTED_EDGE('',*,*,#82,.F.);
#220 = ORIENTED_EDGE('',*,*,#171,.T.);
#221 = ORIENTED_EDGE('',*,*,#222,.T.);
#222 = EDGE_CURVE('',#172,#223,#225,.T.);
#223 = VERTEX_POINT('',#224);
#224 = CARTESIAN_POINT('',(-1.75,1.55,0.));
#225 = LINE('',#226,#227);
#226 = CARTESIAN_POINT('',(-1.75,-1.6,0.));
#227 = VECTOR('',#228,1.);
#228 = DIRECTION('',(0.,1.,0.));
#229 = ORIENTED_EDGE('',*,*,#230,.F.);
#230 = EDGE_CURVE('',#83,#223,#231,.T.);
#231 = LINE('',#232,#233);
#232 = CARTESIAN_POINT('',(-2.25,1.55,0.));
#233 = VECTOR('',#234,1.);
#234 = DIRECTION('',(1.,0.,0.));
#235 = PLANE('',#236);
#236 = AXIS2_PLACEMENT_3D('',#237,#238,#239);
#237 = CARTESIAN_POINT('',(-2.25,-1.6,0.));
#238 = DIRECTION('',(0.,0.,1.));
#239 = DIRECTION('',(1.,0.,-0.));
#240 = ADVANCED_FACE('',(#241),#259,.T.);
#241 = FACE_BOUND('',#242,.T.);
#242 = EDGE_LOOP('',(#243,#244,#245,#253));
#243 = ORIENTED_EDGE('',*,*,#116,.F.);
#244 = ORIENTED_EDGE('',*,*,#205,.T.);
#245 = ORIENTED_EDGE('',*,*,#246,.T.);
#246 = EDGE_CURVE('',#197,#247,#249,.T.);
#247 = VERTEX_POINT('',#248);
#248 = CARTESIAN_POINT('',(-1.75,1.55,2.5));
#249 = LINE('',#250,#251);
#250 = CARTESIAN_POINT('',(-1.75,-1.6,2.5));
#251 = VECTOR('',#252,1.);
#252 = DIRECTION('',(0.,1.,0.));
#253 = ORIENTED_EDGE('',*,*,#254,.F.);
#254 = EDGE_CURVE('',#108,#247,#255,.T.);
#255 = LINE('',#256,#257);
#256 = CARTESIAN_POINT('',(-2.25,1.55,2.5));
#257 = VECTOR('',#258,1.);
#258 = DIRECTION('',(1.,0.,0.));
#259 = PLANE('',#260);
#260 = AXIS2_PLACEMENT_3D('',#261,#262,#263);
#261 = CARTESIAN_POINT('',(-2.25,-1.6,2.5));
#262 = DIRECTION('',(0.,0.,1.));
#263 = DIRECTION('',(1.,0.,-0.));
#264 = ADVANCED_FACE('',(#265),#284,.T.);
#265 = FACE_BOUND('',#266,.T.);
#266 = EDGE_LOOP('',(#267,#275,#282,#283));
#267 = ORIENTED_EDGE('',*,*,#268,.T.);
#268 = EDGE_CURVE('',#91,#269,#271,.T.);
#269 = VERTEX_POINT('',#270);
#270 = CARTESIAN_POINT('',(-1.75,1.6,5.E-02));
#271 = LINE('',#272,#273);
#272 = CARTESIAN_POINT('',(-2.25,1.6,5.E-02));
#273 = VECTOR('',#274,1.);
#274 = DIRECTION('',(1.,0.,0.));
#275 = ORIENTED_EDGE('',*,*,#276,.T.);
#276 = EDGE_CURVE('',#269,#223,#277,.T.);
#277 = CIRCLE('',#278,5.E-02);
#278 = AXIS2_PLACEMENT_3D('',#279,#280,#281);
#279 = CARTESIAN_POINT('',(-1.75,1.55,5.E-02));
#280 = DIRECTION('',(-1.,0.,0.));
#281 = DIRECTION('',(0.,0.,1.));
#282 = ORIENTED_EDGE('',*,*,#230,.F.);
#283 = ORIENTED_EDGE('',*,*,#90,.F.);
#284 = CYLINDRICAL_SURFACE('',#285,5.E-02);
#285 = AXIS2_PLACEMENT_3D('',#286,#287,#288);
#286 = CARTESIAN_POINT('',(-2.25,1.55,5.E-02));
#287 = DIRECTION('',(1.,0.,0.));
#288 = DIRECTION('',(-0.,1.,0.));
#289 = ADVANCED_FACE('',(#290),#309,.T.);
#290 = FACE_BOUND('',#291,.T.);
#291 = EDGE_LOOP('',(#292,#293,#294,#303));
#292 = ORIENTED_EDGE('',*,*,#107,.T.);
#293 = ORIENTED_EDGE('',*,*,#254,.T.);
#294 = ORIENTED_EDGE('',*,*,#295,.F.);
#295 = EDGE_CURVE('',#296,#247,#298,.T.);
#296 = VERTEX_POINT('',#297);
#297 = CARTESIAN_POINT('',(-1.75,1.6,2.45));
#298 = CIRCLE('',#299,5.E-02);
#299 = AXIS2_PLACEMENT_3D('',#300,#301,#302);
#300 = CARTESIAN_POINT('',(-1.75,1.55,2.45));
#301 = DIRECTION('',(1.,0.,-0.));
#302 = DIRECTION('',(0.,0.,1.));
#303 = ORIENTED_EDGE('',*,*,#304,.F.);
#304 = EDGE_CURVE('',#100,#296,#305,.T.);
#305 = LINE('',#306,#307);
#306 = CARTESIAN_POINT('',(-2.25,1.6,2.45));
#307 = VECTOR('',#308,1.);
#308 = DIRECTION('',(1.,0.,0.));
#309 = CYLINDRICAL_SURFACE('',#310,5.E-02);
#310 = AXIS2_PLACEMENT_3D('',#311,#312,#313);
#311 = CARTESIAN_POINT('',(-2.25,1.55,2.45));
#312 = DIRECTION('',(1.,0.,0.));
#313 = DIRECTION('',(-0.,1.,0.));
#314 = ADVANCED_FACE('',(#315),#326,.T.);
#315 = FACE_BOUND('',#316,.T.);
#316 = EDGE_LOOP('',(#317,#323,#324,#325));
#317 = ORIENTED_EDGE('',*,*,#318,.F.);
#318 = EDGE_CURVE('',#269,#296,#319,.T.);
#319 = LINE('',#320,#321);
#320 = CARTESIAN_POINT('',(-1.75,1.6,0.));
#321 = VECTOR('',#322,1.);
#322 = DIRECTION('',(0.,0.,1.));
#323 = ORIENTED_EDGE('',*,*,#268,.F.);
#324 = ORIENTED_EDGE('',*,*,#99,.T.);
#325 = ORIENTED_EDGE('',*,*,#304,.T.);
#326 = PLANE('',#327);
#327 = AXIS2_PLACEMENT_3D('',#328,#329,#330);
#328 = CARTESIAN_POINT('',(-2.25,1.6,0.));
#329 = DIRECTION('',(0.,1.,0.));
#330 = DIRECTION('',(0.,-0.,1.));
#331 = ADVANCED_FACE('',(#332,#342),#412,.T.);
#332 = FACE_BOUND('',#333,.T.);
#333 = EDGE_LOOP('',(#334,#335,#336,#337,#338,#339,#340,#341));
#334 = ORIENTED_EDGE('',*,*,#139,.F.);
#335 = ORIENTED_EDGE('',*,*,#179,.T.);
#336 = ORIENTED_EDGE('',*,*,#222,.T.);
#337 = ORIENTED_EDGE('',*,*,#276,.F.);
#338 = ORIENTED_EDGE('',*,*,#318,.T.);
#339 = ORIENTED_EDGE('',*,*,#295,.T.);
#340 = ORIENTED_EDGE('',*,*,#246,.F.);
#341 = ORIENTED_EDGE('',*,*,#196,.F.);
#342 = FACE_BOUND('',#343,.T.);
#343 = EDGE_LOOP('',(#344,#355,#363,#372,#380,#389,#397,#406));
#344 = ORIENTED_EDGE('',*,*,#345,.F.);
#345 = EDGE_CURVE('',#346,#348,#350,.T.);
#346 = VERTEX_POINT('',#347);
#347 = CARTESIAN_POINT('',(-1.75,-1.55,0.1));
#348 = VERTEX_POINT('',#349);
#349 = CARTESIAN_POINT('',(-1.75,-1.5,5.E-02));
#350 = CIRCLE('',#351,5.E-02);
#351 = AXIS2_PLACEMENT_3D('',#352,#353,#354);
#352 = CARTESIAN_POINT('',(-1.75,-1.5,0.1));
#353 = DIRECTION('',(1.,0.,-0.));
#354 = DIRECTION('',(0.,0.,1.));
#355 = ORIENTED_EDGE('',*,*,#356,.T.);
#356 = EDGE_CURVE('',#346,#357,#359,.T.);
#357 = VERTEX_POINT('',#358);
#358 = CARTESIAN_POINT('',(-1.75,-1.55,2.4));
#359 = LINE('',#360,#361);
#360 = CARTESIAN_POINT('',(-1.75,-1.55,5.E-02));
#361 = VECTOR('',#362,1.);
#362 = DIRECTION('',(0.,0.,1.));
#363 = ORIENTED_EDGE('',*,*,#364,.T.);
#364 = EDGE_CURVE('',#357,#365,#367,.T.);
#365 = VERTEX_POINT('',#366);
#366 = CARTESIAN_POINT('',(-1.75,-1.5,2.45));
#367 = CIRCLE('',#368,5.E-02);
#368 = AXIS2_PLACEMENT_3D('',#369,#370,#371);
#369 = CARTESIAN_POINT('',(-1.75,-1.5,2.4));
#370 = DIRECTION('',(-1.,0.,0.));
#371 = DIRECTION('',(0.,0.,1.));
#372 = ORIENTED_EDGE('',*,*,#373,.T.);
#373 = EDGE_CURVE('',#365,#374,#376,.T.);
#374 = VERTEX_POINT('',#375);
#375 = CARTESIAN_POINT('',(-1.75,1.5,2.45));
#376 = LINE('',#377,#378);
#377 = CARTESIAN_POINT('',(-1.75,-1.55,2.45));
#378 = VECTOR('',#379,1.);
#379 = DIRECTION('',(0.,1.,0.));
#380 = ORIENTED_EDGE('',*,*,#381,.F.);
#381 = EDGE_CURVE('',#382,#374,#384,.T.);
#382 = VERTEX_POINT('',#383);
#383 = CARTESIAN_POINT('',(-1.75,1.55,2.4));
#384 = CIRCLE('',#385,5.E-02);
#385 = AXIS2_PLACEMENT_3D('',#386,#387,#388);
#386 = CARTESIAN_POINT('',(-1.75,1.5,2.4));
#387 = DIRECTION('',(1.,0.,-0.));
#388 = DIRECTION('',(0.,0.,1.));
#389 = ORIENTED_EDGE('',*,*,#390,.F.);
#390 = EDGE_CURVE('',#391,#382,#393,.T.);
#391 = VERTEX_POINT('',#392);
#392 = CARTESIAN_POINT('',(-1.75,1.55,0.1));
#393 = LINE('',#394,#395);
#394 = CARTESIAN_POINT('',(-1.75,1.55,5.E-02));
#395 = VECTOR('',#396,1.);
#396 = DIRECTION('',(0.,0.,1.));
#397 = ORIENTED_EDGE('',*,*,#398,.T.);
#398 = EDGE_CURVE('',#391,#399,#401,.T.);
#399 = VERTEX_POINT('',#400);
#400 = CARTESIAN_POINT('',(-1.75,1.5,5.E-02));
#401 = CIRCLE('',#402,5.E-02);
#402 = AXIS2_PLACEMENT_3D('',#403,#404,#405);
#403 = CARTESIAN_POINT('',(-1.75,1.5,0.1));
#404 = DIRECTION('',(-1.,0.,0.));
#405 = DIRECTION('',(0.,0.,1.));
#406 = ORIENTED_EDGE('',*,*,#407,.F.);
#407 = EDGE_CURVE('',#348,#399,#408,.T.);
#408 = LINE('',#409,#410);
#409 = CARTESIAN_POINT('',(-1.75,-1.55,5.E-02));
#410 = VECTOR('',#411,1.);
#411 = DIRECTION('',(0.,1.,0.));
#412 = PLANE('',#413);
#413 = AXIS2_PLACEMENT_3D('',#414,#415,#416);
#414 = CARTESIAN_POINT('',(-1.75,-1.6,0.));
#415 = DIRECTION('',(1.,0.,0.));
#416 = DIRECTION('',(0.,0.,1.));
#417 = ADVANCED_FACE('',(#418),#444,.T.);
#418 = FACE_BOUND('',#419,.T.);
#419 = EDGE_LOOP('',(#420,#421,#429,#438));
#420 = ORIENTED_EDGE('',*,*,#345,.T.);
#421 = ORIENTED_EDGE('',*,*,#422,.T.);
#422 = EDGE_CURVE('',#348,#423,#425,.T.);
#423 = VERTEX_POINT('',#424);
#424 = CARTESIAN_POINT('',(1.75,-1.5,5.E-02));
#425 = LINE('',#426,#427);
#426 = CARTESIAN_POINT('',(-1.75,-1.5,5.E-02));
#427 = VECTOR('',#428,1.);
#428 = DIRECTION('',(1.,0.,0.));
#429 = ORIENTED_EDGE('',*,*,#430,.F.);
#430 = EDGE_CURVE('',#431,#423,#433,.T.);
#431 = VERTEX_POINT('',#432);
#432 = CARTESIAN_POINT('',(1.75,-1.55,0.1));
#433 = CIRCLE('',#434,5.E-02);
#434 = AXIS2_PLACEMENT_3D('',#435,#436,#437);
#435 = CARTESIAN_POINT('',(1.75,-1.5,0.1));
#436 = DIRECTION('',(1.,0.,-0.));
#437 = DIRECTION('',(0.,0.,1.));
#438 = ORIENTED_EDGE('',*,*,#439,.F.);
#439 = EDGE_CURVE('',#346,#431,#440,.T.);
#440 = LINE('',#441,#442);
#441 = CARTESIAN_POINT('',(-1.75,-1.55,0.1));
#442 = VECTOR('',#443,1.);
#443 = DIRECTION('',(1.,0.,0.));
#444 = CYLINDRICAL_SURFACE('',#445,5.E-02);
#445 = AXIS2_PLACEMENT_3D('',#446,#447,#448);
#446 = CARTESIAN_POINT('',(-1.75,-1.5,0.1));
#447 = DIRECTION('',(1.,0.,0.));
#448 = DIRECTION('',(0.,-1.,0.));
#449 = ADVANCED_FACE('',(#450),#468,.F.);
#450 = FACE_BOUND('',#451,.F.);
#451 = EDGE_LOOP('',(#452,#453,#454,#462));
#452 = ORIENTED_EDGE('',*,*,#407,.F.);
#453 = ORIENTED_EDGE('',*,*,#422,.T.);
#454 = ORIENTED_EDGE('',*,*,#455,.T.);
#455 = EDGE_CURVE('',#423,#456,#458,.T.);
#456 = VERTEX_POINT('',#457);
#457 = CARTESIAN_POINT('',(1.75,1.5,5.E-02));
#458 = LINE('',#459,#460);
#459 = CARTESIAN_POINT('',(1.75,-1.55,5.E-02));
#460 = VECTOR('',#461,1.);
#461 = DIRECTION('',(0.,1.,0.));
#462 = ORIENTED_EDGE('',*,*,#463,.F.);
#463 = EDGE_CURVE('',#399,#456,#464,.T.);
#464 = LINE('',#465,#466);
#465 = CARTESIAN_POINT('',(-1.75,1.5,5.E-02));
#466 = VECTOR('',#467,1.);
#467 = DIRECTION('',(1.,0.,0.));
#468 = PLANE('',#469);
#469 = AXIS2_PLACEMENT_3D('',#470,#471,#472);
#470 = CARTESIAN_POINT('',(-1.75,-1.55,5.E-02));
#471 = DIRECTION('',(0.,0.,1.));
#472 = DIRECTION('',(1.,0.,-0.));
#473 = ADVANCED_FACE('',(#474),#493,.T.);
#474 = FACE_BOUND('',#475,.T.);
#475 = EDGE_LOOP('',(#476,#484,#491,#492));
#476 = ORIENTED_EDGE('',*,*,#477,.T.);
#477 = EDGE_CURVE('',#391,#478,#480,.T.);
#478 = VERTEX_POINT('',#479);
#479 = CARTESIAN_POINT('',(1.75,1.55,0.1));
#480 = LINE('',#481,#482);
#481 = CARTESIAN_POINT('',(-1.75,1.55,0.1));
#482 = VECTOR('',#483,1.);
#483 = DIRECTION('',(1.,0.,0.));
#484 = ORIENTED_EDGE('',*,*,#485,.T.);
#485 = EDGE_CURVE('',#478,#456,#486,.T.);
#486 = CIRCLE('',#487,5.E-02);
#487 = AXIS2_PLACEMENT_3D('',#488,#489,#490);
#488 = CARTESIAN_POINT('',(1.75,1.5,0.1));
#489 = DIRECTION('',(-1.,0.,0.));
#490 = DIRECTION('',(0.,0.,1.));
#491 = ORIENTED_EDGE('',*,*,#463,.F.);
#492 = ORIENTED_EDGE('',*,*,#398,.F.);
#493 = CYLINDRICAL_SURFACE('',#494,5.E-02);
#494 = AXIS2_PLACEMENT_3D('',#495,#496,#497);
#495 = CARTESIAN_POINT('',(-1.75,1.5,0.1));
#496 = DIRECTION('',(1.,0.,0.));
#497 = DIRECTION('',(-0.,1.,0.));
#498 = ADVANCED_FACE('',(#499),#517,.T.);
#499 = FACE_BOUND('',#500,.T.);
#500 = EDGE_LOOP('',(#501,#509,#510,#511));
#501 = ORIENTED_EDGE('',*,*,#502,.F.);
#502 = EDGE_CURVE('',#478,#503,#505,.T.);
#503 = VERTEX_POINT('',#504);
#504 = CARTESIAN_POINT('',(1.75,1.55,2.4));
#505 = LINE('',#506,#507);
#506 = CARTESIAN_POINT('',(1.75,1.55,5.E-02));
#507 = VECTOR('',#508,1.);
#508 = DIRECTION('',(0.,0.,1.));
#509 = ORIENTED_EDGE('',*,*,#477,.F.);
#510 = ORIENTED_EDGE('',*,*,#390,.T.);
#511 = ORIENTED_EDGE('',*,*,#512,.T.);
#512 = EDGE_CURVE('',#382,#503,#513,.T.);
#513 = LINE('',#514,#515);
#514 = CARTESIAN_POINT('',(-1.75,1.55,2.4));
#515 = VECTOR('',#516,1.);
#516 = DIRECTION('',(1.,0.,0.));
#517 = PLANE('',#518);
#518 = AXIS2_PLACEMENT_3D('',#519,#520,#521);
#519 = CARTESIAN_POINT('',(-1.75,1.55,5.E-02));
#520 = DIRECTION('',(0.,1.,0.));
#521 = DIRECTION('',(0.,-0.,1.));
#522 = ADVANCED_FACE('',(#523),#542,.T.);
#523 = FACE_BOUND('',#524,.T.);
#524 = EDGE_LOOP('',(#525,#526,#534,#541));
#525 = ORIENTED_EDGE('',*,*,#381,.T.);
#526 = ORIENTED_EDGE('',*,*,#527,.T.);
#527 = EDGE_CURVE('',#374,#528,#530,.T.);
#528 = VERTEX_POINT('',#529);
#529 = CARTESIAN_POINT('',(1.75,1.5,2.45));
#530 = LINE('',#531,#532);
#531 = CARTESIAN_POINT('',(-1.75,1.5,2.45));
#532 = VECTOR('',#533,1.);
#533 = DIRECTION('',(1.,0.,0.));
#534 = ORIENTED_EDGE('',*,*,#535,.F.);
#535 = EDGE_CURVE('',#503,#528,#536,.T.);
#536 = CIRCLE('',#537,5.E-02);
#537 = AXIS2_PLACEMENT_3D('',#538,#539,#540);
#538 = CARTESIAN_POINT('',(1.75,1.5,2.4));
#539 = DIRECTION('',(1.,0.,-0.));
#540 = DIRECTION('',(0.,0.,1.));
#541 = ORIENTED_EDGE('',*,*,#512,.F.);
#542 = CYLINDRICAL_SURFACE('',#543,5.E-02);
#543 = AXIS2_PLACEMENT_3D('',#544,#545,#546);
#544 = CARTESIAN_POINT('',(-1.75,1.5,2.4));
#545 = DIRECTION('',(1.,0.,0.));
#546 = DIRECTION('',(-0.,1.,0.));
#547 = ADVANCED_FACE('',(#548),#566,.T.);
#548 = FACE_BOUND('',#549,.T.);
#549 = EDGE_LOOP('',(#550,#551,#559,#565));
#550 = ORIENTED_EDGE('',*,*,#373,.F.);
#551 = ORIENTED_EDGE('',*,*,#552,.T.);
#552 = EDGE_CURVE('',#365,#553,#555,.T.);
#553 = VERTEX_POINT('',#554);
#554 = CARTESIAN_POINT('',(1.75,-1.5,2.45));
#555 = LINE('',#556,#557);
#556 = CARTESIAN_POINT('',(-1.75,-1.5,2.45));
#557 = VECTOR('',#558,1.);
#558 = DIRECTION('',(1.,0.,0.));
#559 = ORIENTED_EDGE('',*,*,#560,.T.);
#560 = EDGE_CURVE('',#553,#528,#561,.T.);
#561 = LINE('',#562,#563);
#562 = CARTESIAN_POINT('',(1.75,-1.55,2.45));
#563 = VECTOR('',#564,1.);
#564 = DIRECTION('',(0.,1.,0.));
#565 = ORIENTED_EDGE('',*,*,#527,.F.);
#566 = PLANE('',#567);
#567 = AXIS2_PLACEMENT_3D('',#568,#569,#570);
#568 = CARTESIAN_POINT('',(-1.75,-1.55,2.45));
#569 = DIRECTION('',(0.,0.,1.));
#570 = DIRECTION('',(1.,0.,-0.));
#571 = ADVANCED_FACE('',(#572),#591,.T.);
#572 = FACE_BOUND('',#573,.T.);
#573 = EDGE_LOOP('',(#574,#582,#589,#590));
#574 = ORIENTED_EDGE('',*,*,#575,.T.);
#575 = EDGE_CURVE('',#357,#576,#578,.T.);
#576 = VERTEX_POINT('',#577);
#577 = CARTESIAN_POINT('',(1.75,-1.55,2.4));
#578 = LINE('',#579,#580);
#579 = CARTESIAN_POINT('',(-1.75,-1.55,2.4));
#580 = VECTOR('',#581,1.);
#581 = DIRECTION('',(1.,0.,0.));
#582 = ORIENTED_EDGE('',*,*,#583,.T.);
#583 = EDGE_CURVE('',#576,#553,#584,.T.);
#584 = CIRCLE('',#585,5.E-02);
#585 = AXIS2_PLACEMENT_3D('',#586,#587,#588);
#586 = CARTESIAN_POINT('',(1.75,-1.5,2.4));
#587 = DIRECTION('',(-1.,0.,0.));
#588 = DIRECTION('',(0.,0.,1.));
#589 = ORIENTED_EDGE('',*,*,#552,.F.);
#590 = ORIENTED_EDGE('',*,*,#364,.F.);
#591 = CYLINDRICAL_SURFACE('',#592,5.E-02);
#592 = AXIS2_PLACEMENT_3D('',#593,#594,#595);
#593 = CARTESIAN_POINT('',(-1.75,-1.5,2.4));
#594 = DIRECTION('',(1.,0.,0.));
#595 = DIRECTION('',(0.,-1.,0.));
#596 = ADVANCED_FACE('',(#597),#608,.F.);
#597 = FACE_BOUND('',#598,.F.);
#598 = EDGE_LOOP('',(#599,#605,#606,#607));
#599 = ORIENTED_EDGE('',*,*,#600,.F.);
#600 = EDGE_CURVE('',#431,#576,#601,.T.);
#601 = LINE('',#602,#603);
#602 = CARTESIAN_POINT('',(1.75,-1.55,5.E-02));
#603 = VECTOR('',#604,1.);
#604 = DIRECTION('',(0.,0.,1.));
#605 = ORIENTED_EDGE('',*,*,#439,.F.);
#606 = ORIENTED_EDGE('',*,*,#356,.T.);
#607 = ORIENTED_EDGE('',*,*,#575,.T.);
#608 = PLANE('',#609);
#609 = AXIS2_PLACEMENT_3D('',#610,#611,#612);
#610 = CARTESIAN_POINT('',(-1.75,-1.55,5.E-02));
#611 = DIRECTION('',(0.,1.,0.));
#612 = DIRECTION('',(0.,-0.,1.));
#613 = ADVANCED_FACE('',(#614,#684),#694,.F.);
#614 = FACE_BOUND('',#615,.F.);
#615 = EDGE_LOOP('',(#616,#626,#635,#643,#652,#660,#669,#677));
#616 = ORIENTED_EDGE('',*,*,#617,.F.);
#617 = EDGE_CURVE('',#618,#620,#622,.T.);
#618 = VERTEX_POINT('',#619);
#619 = CARTESIAN_POINT('',(1.75,-1.6,5.E-02));
#620 = VERTEX_POINT('',#621);
#621 = CARTESIAN_POINT('',(1.75,-1.6,2.45));
#622 = LINE('',#623,#624);
#623 = CARTESIAN_POINT('',(1.75,-1.6,0.));
#624 = VECTOR('',#625,1.);
#625 = DIRECTION('',(0.,0.,1.));
#626 = ORIENTED_EDGE('',*,*,#627,.T.);
#627 = EDGE_CURVE('',#618,#628,#630,.T.);
#628 = VERTEX_POINT('',#629);
#629 = CARTESIAN_POINT('',(1.75,-1.55,0.));
#630 = CIRCLE('',#631,5.E-02);
#631 = AXIS2_PLACEMENT_3D('',#632,#633,#634);
#632 = CARTESIAN_POINT('',(1.75,-1.55,5.E-02));
#633 = DIRECTION('',(1.,0.,-0.));
#634 = DIRECTION('',(0.,0.,1.));
#635 = ORIENTED_EDGE('',*,*,#636,.T.);
#636 = EDGE_CURVE('',#628,#637,#639,.T.);
#637 = VERTEX_POINT('',#638);
#638 = CARTESIAN_POINT('',(1.75,1.55,0.));
#639 = LINE('',#640,#641);
#640 = CARTESIAN_POINT('',(1.75,-1.6,0.));
#641 = VECTOR('',#642,1.);
#642 = DIRECTION('',(0.,1.,0.));
#643 = ORIENTED_EDGE('',*,*,#644,.F.);
#644 = EDGE_CURVE('',#645,#637,#647,.T.);
#645 = VERTEX_POINT('',#646);
#646 = CARTESIAN_POINT('',(1.75,1.6,5.E-02));
#647 = CIRCLE('',#648,5.E-02);
#648 = AXIS2_PLACEMENT_3D('',#649,#650,#651);
#649 = CARTESIAN_POINT('',(1.75,1.55,5.E-02));
#650 = DIRECTION('',(-1.,0.,0.));
#651 = DIRECTION('',(0.,0.,1.));
#652 = ORIENTED_EDGE('',*,*,#653,.T.);
#653 = EDGE_CURVE('',#645,#654,#656,.T.);
#654 = VERTEX_POINT('',#655);
#655 = CARTESIAN_POINT('',(1.75,1.6,2.45));
#656 = LINE('',#657,#658);
#657 = CARTESIAN_POINT('',(1.75,1.6,0.));
#658 = VECTOR('',#659,1.);
#659 = DIRECTION('',(0.,0.,1.));
#660 = ORIENTED_EDGE('',*,*,#661,.T.);
#661 = EDGE_CURVE('',#654,#662,#664,.T.);
#662 = VERTEX_POINT('',#663);
#663 = CARTESIAN_POINT('',(1.75,1.55,2.5));
#664 = CIRCLE('',#665,5.E-02);
#665 = AXIS2_PLACEMENT_3D('',#666,#667,#668);
#666 = CARTESIAN_POINT('',(1.75,1.55,2.45));
#667 = DIRECTION('',(1.,0.,-0.));
#668 = DIRECTION('',(0.,0.,1.));
#669 = ORIENTED_EDGE('',*,*,#670,.F.);
#670 = EDGE_CURVE('',#671,#662,#673,.T.);
#671 = VERTEX_POINT('',#672);
#672 = CARTESIAN_POINT('',(1.75,-1.55,2.5));
#673 = LINE('',#674,#675);
#674 = CARTESIAN_POINT('',(1.75,-1.6,2.5));
#675 = VECTOR('',#676,1.);
#676 = DIRECTION('',(0.,1.,0.));
#677 = ORIENTED_EDGE('',*,*,#678,.F.);
#678 = EDGE_CURVE('',#620,#671,#679,.T.);
#679 = CIRCLE('',#680,5.E-02);
#680 = AXIS2_PLACEMENT_3D('',#681,#682,#683);
#681 = CARTESIAN_POINT('',(1.75,-1.55,2.45));
#682 = DIRECTION('',(-1.,0.,0.));
#683 = DIRECTION('',(0.,0.,1.));
#684 = FACE_BOUND('',#685,.F.);
#685 = EDGE_LOOP('',(#686,#687,#688,#689,#690,#691,#692,#693));
#686 = ORIENTED_EDGE('',*,*,#430,.F.);
#687 = ORIENTED_EDGE('',*,*,#600,.T.);
#688 = ORIENTED_EDGE('',*,*,#583,.T.);
#689 = ORIENTED_EDGE('',*,*,#560,.T.);
#690 = ORIENTED_EDGE('',*,*,#535,.F.);
#691 = ORIENTED_EDGE('',*,*,#502,.F.);
#692 = ORIENTED_EDGE('',*,*,#485,.T.);
#693 = ORIENTED_EDGE('',*,*,#455,.F.);
#694 = PLANE('',#695);
#695 = AXIS2_PLACEMENT_3D('',#696,#697,#698);
#696 = CARTESIAN_POINT('',(1.75,-1.6,0.));
#697 = DIRECTION('',(1.,0.,0.));
#698 = DIRECTION('',(0.,0.,1.));
#699 = ADVANCED_FACE('',(#700),#725,.F.);
#700 = FACE_BOUND('',#701,.F.);
#701 = EDGE_LOOP('',(#702,#712,#718,#719));
#702 = ORIENTED_EDGE('',*,*,#703,.F.);
#703 = EDGE_CURVE('',#704,#706,#708,.T.);
#704 = VERTEX_POINT('',#705);
#705 = CARTESIAN_POINT('',(2.25,-1.6,5.E-02));
#706 = VERTEX_POINT('',#707);
#707 = CARTESIAN_POINT('',(2.25,-1.6,2.45));
#708 = LINE('',#709,#710);
#709 = CARTESIAN_POINT('',(2.25,-1.6,0.));
#710 = VECTOR('',#711,1.);
#711 = DIRECTION('',(0.,0.,1.));
#712 = ORIENTED_EDGE('',*,*,#713,.F.);
#713 = EDGE_CURVE('',#618,#704,#714,.T.);
#714 = LINE('',#715,#716);
#715 = CARTESIAN_POINT('',(1.75,-1.6,5.E-02));
#716 = VECTOR('',#717,1.);
#717 = DIRECTION('',(1.,0.,0.));
#718 = ORIENTED_EDGE('',*,*,#617,.T.);
#719 = ORIENTED_EDGE('',*,*,#720,.T.);
#720 = EDGE_CURVE('',#620,#706,#721,.T.);
#721 = LINE('',#722,#723);
#722 = CARTESIAN_POINT('',(1.75,-1.6,2.45));
#723 = VECTOR('',#724,1.);
#724 = DIRECTION('',(1.,0.,0.));
#725 = PLANE('',#726);
#726 = AXIS2_PLACEMENT_3D('',#727,#728,#729);
#727 = CARTESIAN_POINT('',(1.75,-1.6,0.));
#728 = DIRECTION('',(0.,1.,0.));
#729 = DIRECTION('',(0.,-0.,1.));
#730 = ADVANCED_FACE('',(#731),#750,.T.);
#731 = FACE_BOUND('',#732,.T.);
#732 = EDGE_LOOP('',(#733,#734,#742,#749));
#733 = ORIENTED_EDGE('',*,*,#627,.T.);
#734 = ORIENTED_EDGE('',*,*,#735,.T.);
#735 = EDGE_CURVE('',#628,#736,#738,.T.);
#736 = VERTEX_POINT('',#737);
#737 = CARTESIAN_POINT('',(2.25,-1.55,0.));
#738 = LINE('',#739,#740);
#739 = CARTESIAN_POINT('',(1.75,-1.55,0.));
#740 = VECTOR('',#741,1.);
#741 = DIRECTION('',(1.,0.,0.));
#742 = ORIENTED_EDGE('',*,*,#743,.F.);
#743 = EDGE_CURVE('',#704,#736,#744,.T.);
#744 = CIRCLE('',#745,5.E-02);
#745 = AXIS2_PLACEMENT_3D('',#746,#747,#748);
#746 = CARTESIAN_POINT('',(2.25,-1.55,5.E-02));
#747 = DIRECTION('',(1.,0.,-0.));
#748 = DIRECTION('',(0.,0.,1.));
#749 = ORIENTED_EDGE('',*,*,#713,.F.);
#750 = CYLINDRICAL_SURFACE('',#751,5.E-02);
#751 = AXIS2_PLACEMENT_3D('',#752,#753,#754);
#752 = CARTESIAN_POINT('',(1.75,-1.55,5.E-02));
#753 = DIRECTION('',(1.,0.,0.));
#754 = DIRECTION('',(0.,-1.,0.));
#755 = ADVANCED_FACE('',(#756),#775,.T.);
#756 = FACE_BOUND('',#757,.T.);
#757 = EDGE_LOOP('',(#758,#759,#768,#774));
#758 = ORIENTED_EDGE('',*,*,#720,.T.);
#759 = ORIENTED_EDGE('',*,*,#760,.T.);
#760 = EDGE_CURVE('',#706,#761,#763,.T.);
#761 = VERTEX_POINT('',#762);
#762 = CARTESIAN_POINT('',(2.25,-1.55,2.5));
#763 = CIRCLE('',#764,5.E-02);
#764 = AXIS2_PLACEMENT_3D('',#765,#766,#767);
#765 = CARTESIAN_POINT('',(2.25,-1.55,2.45));
#766 = DIRECTION('',(-1.,0.,0.));
#767 = DIRECTION('',(0.,0.,1.));
#768 = ORIENTED_EDGE('',*,*,#769,.F.);
#769 = EDGE_CURVE('',#671,#761,#770,.T.);
#770 = LINE('',#771,#772);
#771 = CARTESIAN_POINT('',(1.75,-1.55,2.5));
#772 = VECTOR('',#773,1.);
#773 = DIRECTION('',(1.,0.,0.));
#774 = ORIENTED_EDGE('',*,*,#678,.F.);
#775 = CYLINDRICAL_SURFACE('',#776,5.E-02);
#776 = AXIS2_PLACEMENT_3D('',#777,#778,#779);
#777 = CARTESIAN_POINT('',(1.75,-1.55,2.45));
#778 = DIRECTION('',(1.,0.,0.));
#779 = DIRECTION('',(0.,-1.,0.));
#780 = ADVANCED_FACE('',(#781),#799,.F.);
#781 = FACE_BOUND('',#782,.F.);
#782 = EDGE_LOOP('',(#783,#784,#785,#793));
#783 = ORIENTED_EDGE('',*,*,#636,.F.);
#784 = ORIENTED_EDGE('',*,*,#735,.T.);
#785 = ORIENTED_EDGE('',*,*,#786,.T.);
#786 = EDGE_CURVE('',#736,#787,#789,.T.);
#787 = VERTEX_POINT('',#788);
#788 = CARTESIAN_POINT('',(2.25,1.55,0.));
#789 = LINE('',#790,#791);
#790 = CARTESIAN_POINT('',(2.25,-1.6,0.));
#791 = VECTOR('',#792,1.);
#792 = DIRECTION('',(0.,1.,0.));
#793 = ORIENTED_EDGE('',*,*,#794,.F.);
#794 = EDGE_CURVE('',#637,#787,#795,.T.);
#795 = LINE('',#796,#797);
#796 = CARTESIAN_POINT('',(1.75,1.55,0.));
#797 = VECTOR('',#798,1.);
#798 = DIRECTION('',(1.,0.,0.));
#799 = PLANE('',#800);
#800 = AXIS2_PLACEMENT_3D('',#801,#802,#803);
#801 = CARTESIAN_POINT('',(1.75,-1.6,0.));
#802 = DIRECTION('',(0.,0.,1.));
#803 = DIRECTION('',(1.,0.,-0.));
#804 = ADVANCED_FACE('',(#805),#823,.T.);
#805 = FACE_BOUND('',#806,.T.);
#806 = EDGE_LOOP('',(#807,#808,#809,#817));
#807 = ORIENTED_EDGE('',*,*,#670,.F.);
#808 = ORIENTED_EDGE('',*,*,#769,.T.);
#809 = ORIENTED_EDGE('',*,*,#810,.T.);
#810 = EDGE_CURVE('',#761,#811,#813,.T.);
#811 = VERTEX_POINT('',#812);
#812 = CARTESIAN_POINT('',(2.25,1.55,2.5));
#813 = LINE('',#814,#815);
#814 = CARTESIAN_POINT('',(2.25,-1.6,2.5));
#815 = VECTOR('',#816,1.);
#816 = DIRECTION('',(0.,1.,0.));
#817 = ORIENTED_EDGE('',*,*,#818,.F.);
#818 = EDGE_CURVE('',#662,#811,#819,.T.);
#819 = LINE('',#820,#821);
#820 = CARTESIAN_POINT('',(1.75,1.55,2.5));
#821 = VECTOR('',#822,1.);
#822 = DIRECTION('',(1.,0.,0.));
#823 = PLANE('',#824);
#824 = AXIS2_PLACEMENT_3D('',#825,#826,#827);
#825 = CARTESIAN_POINT('',(1.75,-1.6,2.5));
#826 = DIRECTION('',(0.,0.,1.));
#827 = DIRECTION('',(1.,0.,-0.));
#828 = ADVANCED_FACE('',(#829),#848,.T.);
#829 = FACE_BOUND('',#830,.T.);
#830 = EDGE_LOOP('',(#831,#839,#846,#847));
#831 = ORIENTED_EDGE('',*,*,#832,.T.);
#832 = EDGE_CURVE('',#645,#833,#835,.T.);
#833 = VERTEX_POINT('',#834);
#834 = CARTESIAN_POINT('',(2.25,1.6,5.E-02));
#835 = LINE('',#836,#837);
#836 = CARTESIAN_POINT('',(1.75,1.6,5.E-02));
#837 = VECTOR('',#838,1.);
#838 = DIRECTION('',(1.,0.,0.));
#839 = ORIENTED_EDGE('',*,*,#840,.T.);
#840 = EDGE_CURVE('',#833,#787,#841,.T.);
#841 = CIRCLE('',#842,5.E-02);
#842 = AXIS2_PLACEMENT_3D('',#843,#844,#845);
#843 = CARTESIAN_POINT('',(2.25,1.55,5.E-02));
#844 = DIRECTION('',(-1.,0.,0.));
#845 = DIRECTION('',(0.,0.,1.));
#846 = ORIENTED_EDGE('',*,*,#794,.F.);
#847 = ORIENTED_EDGE('',*,*,#644,.F.);
#848 = CYLINDRICAL_SURFACE('',#849,5.E-02);
#849 = AXIS2_PLACEMENT_3D('',#850,#851,#852);
#850 = CARTESIAN_POINT('',(1.75,1.55,5.E-02));
#851 = DIRECTION('',(1.,0.,0.));
#852 = DIRECTION('',(-0.,1.,0.));
#853 = ADVANCED_FACE('',(#854),#873,.T.);
#854 = FACE_BOUND('',#855,.T.);
#855 = EDGE_LOOP('',(#856,#857,#858,#867));
#856 = ORIENTED_EDGE('',*,*,#661,.T.);
#857 = ORIENTED_EDGE('',*,*,#818,.T.);
#858 = ORIENTED_EDGE('',*,*,#859,.F.);
#859 = EDGE_CURVE('',#860,#811,#862,.T.);
#860 = VERTEX_POINT('',#861);
#861 = CARTESIAN_POINT('',(2.25,1.6,2.45));
#862 = CIRCLE('',#863,5.E-02);
#863 = AXIS2_PLACEMENT_3D('',#864,#865,#866);
#864 = CARTESIAN_POINT('',(2.25,1.55,2.45));
#865 = DIRECTION('',(1.,0.,-0.));
#866 = DIRECTION('',(0.,0.,1.));
#867 = ORIENTED_EDGE('',*,*,#868,.F.);
#868 = EDGE_CURVE('',#654,#860,#869,.T.);
#869 = LINE('',#870,#871);
#870 = CARTESIAN_POINT('',(1.75,1.6,2.45));
#871 = VECTOR('',#872,1.);
#872 = DIRECTION('',(1.,0.,0.));
#873 = CYLINDRICAL_SURFACE('',#874,5.E-02);
#874 = AXIS2_PLACEMENT_3D('',#875,#876,#877);
#875 = CARTESIAN_POINT('',(1.75,1.55,2.45));
#876 = DIRECTION('',(1.,0.,0.));
#877 = DIRECTION('',(-0.,1.,0.));
#878 = ADVANCED_FACE('',(#879),#890,.T.);
#879 = FACE_BOUND('',#880,.T.);
#880 = EDGE_LOOP('',(#881,#887,#888,#889));
#881 = ORIENTED_EDGE('',*,*,#882,.F.);
#882 = EDGE_CURVE('',#833,#860,#883,.T.);
#883 = LINE('',#884,#885);
#884 = CARTESIAN_POINT('',(2.25,1.6,0.));
#885 = VECTOR('',#886,1.);
#886 = DIRECTION('',(0.,0.,1.));
#887 = ORIENTED_EDGE('',*,*,#832,.F.);
#888 = ORIENTED_EDGE('',*,*,#653,.T.);
#889 = ORIENTED_EDGE('',*,*,#868,.T.);
#890 = PLANE('',#891);
#891 = AXIS2_PLACEMENT_3D('',#892,#893,#894);
#892 = CARTESIAN_POINT('',(1.75,1.6,0.));
#893 = DIRECTION('',(0.,1.,0.));
#894 = DIRECTION('',(0.,-0.,1.));
#895 = ADVANCED_FACE('',(#896),#906,.T.);
#896 = FACE_BOUND('',#897,.T.);
#897 = EDGE_LOOP('',(#898,#899,#900,#901,#902,#903,#904,#905));
#898 = ORIENTED_EDGE('',*,*,#703,.F.);
#899 = ORIENTED_EDGE('',*,*,#743,.T.);
#900 = ORIENTED_EDGE('',*,*,#786,.T.);
#901 = ORIENTED_EDGE('',*,*,#840,.F.);
#902 = ORIENTED_EDGE('',*,*,#882,.T.);
#903 = ORIENTED_EDGE('',*,*,#859,.T.);
#904 = ORIENTED_EDGE('',*,*,#810,.F.);
#905 = ORIENTED_EDGE('',*,*,#760,.F.);
#906 = PLANE('',#907);
#907 = AXIS2_PLACEMENT_3D('',#908,#909,#910);
#908 = CARTESIAN_POINT('',(2.25,-1.6,0.));
#909 = DIRECTION('',(1.,0.,0.));
#910 = DIRECTION('',(0.,0.,1.));
#911 = ( GEOMETRIC_REPRESENTATION_CONTEXT(3) 
GLOBAL_UNCERTAINTY_ASSIGNED_CONTEXT((#915)) GLOBAL_UNIT_ASSIGNED_CONTEXT
((#912,#913,#914)) REPRESENTATION_CONTEXT('Context #1',
  '3D Context with UNIT and UNCERTAINTY') );
#912 = ( LENGTH_UNIT() NAMED_UNIT(*) SI_UNIT(.MILLI.,.METRE.) );
#913 = ( NAMED_UNIT(*) PLANE_ANGLE_UNIT() SI_UNIT($,.RADIAN.) );
#914 = ( NAMED_UNIT(*) SI_UNIT($,.STERADIAN.) SOLID_ANGLE_UNIT() );
#915 = UNCERTAINTY_MEASURE_WITH_UNIT(LENGTH_MEASURE(1.E-07),#912,
  'distance_accuracy_value','confusion accuracy');
#916 = CONTEXT_DEPENDENT_SHAPE_REPRESENTATION(#917,#919);
#917 = ( REPRESENTATION_RELATIONSHIP('','',#56,#10) 
REPRESENTATION_RELATIONSHIP_WITH_TRANSFORMATION(#918) 
SHAPE_REPRESENTATION_RELATIONSHIP() );
#918 = ITEM_DEFINED_TRANSFORMATION('','',#11,#15);
#919 = PRODUCT_DEFINITION_SHAPE('Placement','Placement of an item',#920
  );
#920 = NEXT_ASSEMBLY_USAGE_OCCURRENCE('1','L1','',#5,#51,$);
#921 = PRODUCT_RELATED_PRODUCT_CATEGORY('part',$,(#53));
#922 = SHAPE_DEFINITION_REPRESENTATION(#923,#929);
#923 = PRODUCT_DEFINITION_SHAPE('','',#924);
#924 = PRODUCT_DEFINITION('design','',#925,#928);
#925 = PRODUCT_DEFINITION_FORMATION('','',#926);
#926 = PRODUCT('PinHeader_1x03_P2.54mm_Vertical',
  'PinHeader_1x03_P2.54mm_Vertical','',(#927));
#927 = PRODUCT_CONTEXT('',#2,'mechanical');
#928 = PRODUCT_DEFINITION_CONTEXT('part definition',#2,'design');
#929 = ADVANCED_BREP_SHAPE_REPRESENTATION('',(#11,#930),#3036);
#930 = MANIFOLD_SOLID_BREP('',#931);
#931 = CLOSED_SHELL('',(#932,#972,#1003,#1034,#1281,#1528,#1545,#1562,
    #1579,#1596,#1613,#1630,#1647,#1664,#1681,#1698,#1715,#1732,#1749,
    #1766,#1783,#1800,#1812,#1843,#1867,#1891,#1908,#1939,#1963,#1987,
    #2004,#2035,#2059,#2083,#2100,#2131,#2155,#2179,#2196,#2227,#2251,
    #2275,#2292,#2323,#2347,#2371,#2388,#2419,#2443,#2467,#2484,#2515,
    #2539,#2563,#2580,#2611,#2635,#2659,#2676,#2707,#2731,#2755,#2772,
    #2803,#2827,#2851,#2868,#2899,#2923,#2947,#2964,#2976,#2988,#3000,
    #3012,#3024));
#932 = ADVANCED_FACE('',(#933),#967,.F.);
#933 = FACE_BOUND('',#934,.F.);
#934 = EDGE_LOOP('',(#935,#945,#953,#961));
#935 = ORIENTED_EDGE('',*,*,#936,.T.);
#936 = EDGE_CURVE('',#937,#939,#941,.T.);
#937 = VERTEX_POINT('',#938);
#938 = CARTESIAN_POINT('',(-1.016,1.27,0.));
#939 = VERTEX_POINT('',#940);
#940 = CARTESIAN_POINT('',(-1.016,1.27,2.54));
#941 = LINE('',#942,#943);
#942 = CARTESIAN_POINT('',(-1.016,1.27,0.));
#943 = VECTOR('',#944,1.);
#944 = DIRECTION('',(0.,0.,1.));
#945 = ORIENTED_EDGE('',*,*,#946,.T.);
#946 = EDGE_CURVE('',#939,#947,#949,.T.);
#947 = VERTEX_POINT('',#948);
#948 = CARTESIAN_POINT('',(-1.27,1.016,2.54));
#949 = LINE('',#950,#951);
#950 = CARTESIAN_POINT('',(-1.016,1.27,2.54));
#951 = VECTOR('',#952,1.);
#952 = DIRECTION('',(-0.707106781187,-0.707106781187,0.));
#953 = ORIENTED_EDGE('',*,*,#954,.F.);
#954 = EDGE_CURVE('',#955,#947,#957,.T.);
#955 = VERTEX_POINT('',#956);
#956 = CARTESIAN_POINT('',(-1.27,1.016,0.));
#957 = LINE('',#958,#959);
#958 = CARTESIAN_POINT('',(-1.27,1.016,0.));
#959 = VECTOR('',#960,1.);
#960 = DIRECTION('',(0.,0.,1.));
#961 = ORIENTED_EDGE('',*,*,#962,.F.);
#962 = EDGE_CURVE('',#937,#955,#963,.T.);
#963 = LINE('',#964,#965);
#964 = CARTESIAN_POINT('',(-1.016,1.27,0.));
#965 = VECTOR('',#966,1.);
#966 = DIRECTION('',(-0.707106781187,-0.707106781187,0.));
#967 = PLANE('',#968);
#968 = AXIS2_PLACEMENT_3D('',#969,#970,#971);
#969 = CARTESIAN_POINT('',(-1.016,1.27,0.));
#970 = DIRECTION('',(0.707106781187,-0.707106781187,0.));
#971 = DIRECTION('',(-0.707106781187,-0.707106781187,0.));
#972 = ADVANCED_FACE('',(#973),#998,.F.);
#973 = FACE_BOUND('',#974,.F.);
#974 = EDGE_LOOP('',(#975,#985,#991,#992));
#975 = ORIENTED_EDGE('',*,*,#976,.T.);
#976 = EDGE_CURVE('',#977,#979,#981,.T.);
#977 = VERTEX_POINT('',#978);
#978 = CARTESIAN_POINT('',(1.016,1.27,0.));
#979 = VERTEX_POINT('',#980);
#980 = CARTESIAN_POINT('',(1.016,1.27,2.54));
#981 = LINE('',#982,#983);
#982 = CARTESIAN_POINT('',(1.016,1.27,0.));
#983 = VECTOR('',#984,1.);
#984 = DIRECTION('',(0.,0.,1.));
#985 = ORIENTED_EDGE('',*,*,#986,.T.);
#986 = EDGE_CURVE('',#979,#939,#987,.T.);
#987 = LINE('',#988,#989);
#988 = CARTESIAN_POINT('',(1.016,1.27,2.54));
#989 = VECTOR('',#990,1.);
#990 = DIRECTION('',(-1.,0.,0.));
#991 = ORIENTED_EDGE('',*,*,#936,.F.);
#992 = ORIENTED_EDGE('',*,*,#993,.F.);
#993 = EDGE_CURVE('',#977,#937,#994,.T.);
#994 = LINE('',#995,#996);
#995 = CARTESIAN_POINT('',(1.016,1.27,0.));
#996 = VECTOR('',#997,1.);
#997 = DIRECTION('',(-1.,0.,0.));
#998 = PLANE('',#999);
#999 = AXIS2_PLACEMENT_3D('',#1000,#1001,#1002);
#1000 = CARTESIAN_POINT('',(1.016,1.27,0.));
#1001 = DIRECTION('',(0.,-1.,0.));
#1002 = DIRECTION('',(-1.,0.,0.));
#1003 = ADVANCED_FACE('',(#1004),#1029,.F.);
#1004 = FACE_BOUND('',#1005,.F.);
#1005 = EDGE_LOOP('',(#1006,#1007,#1015,#1023));
#1006 = ORIENTED_EDGE('',*,*,#954,.T.);
#1007 = ORIENTED_EDGE('',*,*,#1008,.T.);
#1008 = EDGE_CURVE('',#947,#1009,#1011,.T.);
#1009 = VERTEX_POINT('',#1010);
#1010 = CARTESIAN_POINT('',(-1.27,-1.016,2.54));
#1011 = LINE('',#1012,#1013);
#1012 = CARTESIAN_POINT('',(-1.27,1.016,2.54));
#1013 = VECTOR('',#1014,1.);
#1014 = DIRECTION('',(0.,-1.,0.));
#1015 = ORIENTED_EDGE('',*,*,#1016,.F.);
#1016 = EDGE_CURVE('',#1017,#1009,#1019,.T.);
#1017 = VERTEX_POINT('',#1018);
#1018 = CARTESIAN_POINT('',(-1.27,-1.016,0.));
#1019 = LINE('',#1020,#1021);
#1020 = CARTESIAN_POINT('',(-1.27,-1.016,0.));
#1021 = VECTOR('',#1022,1.);
#1022 = DIRECTION('',(0.,0.,1.));
#1023 = ORIENTED_EDGE('',*,*,#1024,.F.);
#1024 = EDGE_CURVE('',#955,#1017,#1025,.T.);
#1025 = LINE('',#1026,#1027);
#1026 = CARTESIAN_POINT('',(-1.27,1.016,0.));
#1027 = VECTOR('',#1028,1.);
#1028 = DIRECTION('',(0.,-1.,0.));
#1029 = PLANE('',#1030);
#1030 = AXIS2_PLACEMENT_3D('',#1031,#1032,#1033);
#1031 = CARTESIAN_POINT('',(-1.27,1.016,0.));
#1032 = DIRECTION('',(1.,0.,0.));
#1033 = DIRECTION('',(0.,-1.,0.));
#1034 = ADVANCED_FACE('',(#1035,#1174,#1208,#1242),#1276,.F.);
#1035 = FACE_BOUND('',#1036,.F.);
#1036 = EDGE_LOOP('',(#1037,#1038,#1039,#1047,#1055,#1063,#1071,#1079,
    #1087,#1095,#1103,#1111,#1119,#1127,#1135,#1143,#1151,#1159,#1167,
    #1173));
#1037 = ORIENTED_EDGE('',*,*,#962,.T.);
#1038 = ORIENTED_EDGE('',*,*,#1024,.T.);
#1039 = ORIENTED_EDGE('',*,*,#1040,.T.);
#1040 = EDGE_CURVE('',#1017,#1041,#1043,.T.);
#1041 = VERTEX_POINT('',#1042);
#1042 = CARTESIAN_POINT('',(-1.016,-1.27,0.));
#1043 = LINE('',#1044,#1045);
#1044 = CARTESIAN_POINT('',(-1.27,-1.016,0.));
#1045 = VECTOR('',#1046,1.);
#1046 = DIRECTION('',(0.707106781187,-0.707106781187,0.));
#1047 = ORIENTED_EDGE('',*,*,#1048,.T.);
#1048 = EDGE_CURVE('',#1041,#1049,#1051,.T.);
#1049 = VERTEX_POINT('',#1050);
#1050 = CARTESIAN_POINT('',(-1.27,-1.524,0.));
#1051 = LINE('',#1052,#1053);
#1052 = CARTESIAN_POINT('',(-1.016,-1.27,0.));
#1053 = VECTOR('',#1054,1.);
#1054 = DIRECTION('',(-0.707106781187,-0.707106781187,0.));
#1055 = ORIENTED_EDGE('',*,*,#1056,.T.);
#1056 = EDGE_CURVE('',#1049,#1057,#1059,.T.);
#1057 = VERTEX_POINT('',#1058);
#1058 = CARTESIAN_POINT('',(-1.27,-3.556,0.));
#1059 = LINE('',#1060,#1061);
#1060 = CARTESIAN_POINT('',(-1.27,-1.524,0.));
#1061 = VECTOR('',#1062,1.);
#1062 = DIRECTION('',(0.,-1.,0.));
#1063 = ORIENTED_EDGE('',*,*,#1064,.T.);
#1064 = EDGE_CURVE('',#1057,#1065,#1067,.T.);
#1065 = VERTEX_POINT('',#1066);
#1066 = CARTESIAN_POINT('',(-1.016,-3.81,0.));
#1067 = LINE('',#1068,#1069);
#1068 = CARTESIAN_POINT('',(-1.27,-3.556,0.));
#1069 = VECTOR('',#1070,1.);
#1070 = DIRECTION('',(0.707106781187,-0.707106781187,0.));
#1071 = ORIENTED_EDGE('',*,*,#1072,.T.);
#1072 = EDGE_CURVE('',#1065,#1073,#1075,.T.);
#1073 = VERTEX_POINT('',#1074);
#1074 = CARTESIAN_POINT('',(-1.27,-4.064,0.));
#1075 = LINE('',#1076,#1077);
#1076 = CARTESIAN_POINT('',(-1.016,-3.81,0.));
#1077 = VECTOR('',#1078,1.);
#1078 = DIRECTION('',(-0.707106781187,-0.707106781187,0.));
#1079 = ORIENTED_EDGE('',*,*,#1080,.T.);
#1080 = EDGE_CURVE('',#1073,#1081,#1083,.T.);
#1081 = VERTEX_POINT('',#1082);
#1082 = CARTESIAN_POINT('',(-1.27,-6.096,0.));
#1083 = LINE('',#1084,#1085);
#1084 = CARTESIAN_POINT('',(-1.27,-4.064,0.));
#1085 = VECTOR('',#1086,1.);
#1086 = DIRECTION('',(0.,-1.,0.));
#1087 = ORIENTED_EDGE('',*,*,#1088,.T.);
#1088 = EDGE_CURVE('',#1081,#1089,#1091,.T.);
#1089 = VERTEX_POINT('',#1090);
#1090 = CARTESIAN_POINT('',(-1.016,-6.35,0.));
#1091 = LINE('',#1092,#1093);
#1092 = CARTESIAN_POINT('',(-1.27,-6.096,0.));
#1093 = VECTOR('',#1094,1.);
#1094 = DIRECTION('',(0.707106781187,-0.707106781187,0.));
#1095 = ORIENTED_EDGE('',*,*,#1096,.T.);
#1096 = EDGE_CURVE('',#1089,#1097,#1099,.T.);
#1097 = VERTEX_POINT('',#1098);
#1098 = CARTESIAN_POINT('',(1.016,-6.35,0.));
#1099 = LINE('',#1100,#1101);
#1100 = CARTESIAN_POINT('',(-1.016,-6.35,0.));
#1101 = VECTOR('',#1102,1.);
#1102 = DIRECTION('',(1.,0.,0.));
#1103 = ORIENTED_EDGE('',*,*,#1104,.T.);
#1104 = EDGE_CURVE('',#1097,#1105,#1107,.T.);
#1105 = VERTEX_POINT('',#1106);
#1106 = CARTESIAN_POINT('',(1.27,-6.096,0.));
#1107 = LINE('',#1108,#1109);
#1108 = CARTESIAN_POINT('',(1.016,-6.35,0.));
#1109 = VECTOR('',#1110,1.);
#1110 = DIRECTION('',(0.707106781187,0.707106781187,0.));
#1111 = ORIENTED_EDGE('',*,*,#1112,.T.);
#1112 = EDGE_CURVE('',#1105,#1113,#1115,.T.);
#1113 = VERTEX_POINT('',#1114);
#1114 = CARTESIAN_POINT('',(1.27,-4.064,0.));
#1115 = LINE('',#1116,#1117);
#1116 = CARTESIAN_POINT('',(1.27,-6.096,0.));
#1117 = VECTOR('',#1118,1.);
#1118 = DIRECTION('',(0.,1.,0.));
#1119 = ORIENTED_EDGE('',*,*,#1120,.T.);
#1120 = EDGE_CURVE('',#1113,#1121,#1123,.T.);
#1121 = VERTEX_POINT('',#1122);
#1122 = CARTESIAN_POINT('',(1.016,-3.81,0.));
#1123 = LINE('',#1124,#1125);
#1124 = CARTESIAN_POINT('',(1.27,-4.064,0.));
#1125 = VECTOR('',#1126,1.);
#1126 = DIRECTION('',(-0.707106781187,0.707106781187,0.));
#1127 = ORIENTED_EDGE('',*,*,#1128,.T.);
#1128 = EDGE_CURVE('',#1121,#1129,#1131,.T.);
#1129 = VERTEX_POINT('',#1130);
#1130 = CARTESIAN_POINT('',(1.27,-3.556,0.));
#1131 = LINE('',#1132,#1133);
#1132 = CARTESIAN_POINT('',(1.016,-3.81,0.));
#1133 = VECTOR('',#1134,1.);
#1134 = DIRECTION('',(0.707106781187,0.707106781187,0.));
#1135 = ORIENTED_EDGE('',*,*,#1136,.T.);
#1136 = EDGE_CURVE('',#1129,#1137,#1139,.T.);
#1137 = VERTEX_POINT('',#1138);
#1138 = CARTESIAN_POINT('',(1.27,-1.524,0.));
#1139 = LINE('',#1140,#1141);
#1140 = CARTESIAN_POINT('',(1.27,-3.556,0.));
#1141 = VECTOR('',#1142,1.);
#1142 = DIRECTION('',(0.,1.,0.));
#1143 = ORIENTED_EDGE('',*,*,#1144,.T.);
#1144 = EDGE_CURVE('',#1137,#1145,#1147,.T.);
#1145 = VERTEX_POINT('',#1146);
#1146 = CARTESIAN_POINT('',(1.016,-1.27,0.));
#1147 = LINE('',#1148,#1149);
#1148 = CARTESIAN_POINT('',(1.27,-1.524,0.));
#1149 = VECTOR('',#1150,1.);
#1150 = DIRECTION('',(-0.707106781187,0.707106781187,0.));
#1151 = ORIENTED_EDGE('',*,*,#1152,.T.);
#1152 = EDGE_CURVE('',#1145,#1153,#1155,.T.);
#1153 = VERTEX_POINT('',#1154);
#1154 = CARTESIAN_POINT('',(1.27,-1.016,0.));
#1155 = LINE('',#1156,#1157);
#1156 = CARTESIAN_POINT('',(1.016,-1.27,0.));
#1157 = VECTOR('',#1158,1.);
#1158 = DIRECTION('',(0.707106781187,0.707106781187,0.));
#1159 = ORIENTED_EDGE('',*,*,#1160,.T.);
#1160 = EDGE_CURVE('',#1153,#1161,#1163,.T.);
#1161 = VERTEX_POINT('',#1162);
#1162 = CARTESIAN_POINT('',(1.27,1.016,0.));
#1163 = LINE('',#1164,#1165);
#1164 = CARTESIAN_POINT('',(1.27,-1.016,0.));
#1165 = VECTOR('',#1166,1.);
#1166 = DIRECTION('',(0.,1.,0.));
#1167 = ORIENTED_EDGE('',*,*,#1168,.T.);
#1168 = EDGE_CURVE('',#1161,#977,#1169,.T.);
#1169 = LINE('',#1170,#1171);
#1170 = CARTESIAN_POINT('',(1.27,1.016,0.));
#1171 = VECTOR('',#1172,1.);
#1172 = DIRECTION('',(-0.707106781187,0.707106781187,0.));
#1173 = ORIENTED_EDGE('',*,*,#993,.T.);
#1174 = FACE_BOUND('',#1175,.F.);
#1175 = EDGE_LOOP('',(#1176,#1186,#1194,#1202));
#1176 = ORIENTED_EDGE('',*,*,#1177,.F.);
#1177 = EDGE_CURVE('',#1178,#1180,#1182,.T.);
#1178 = VERTEX_POINT('',#1179);
#1179 = CARTESIAN_POINT('',(0.32,-0.32,0.));
#1180 = VERTEX_POINT('',#1181);
#1181 = CARTESIAN_POINT('',(0.32,0.32,0.));
#1182 = LINE('',#1183,#1184);
#1183 = CARTESIAN_POINT('',(0.32,-1.43,0.));
#1184 = VECTOR('',#1185,1.);
#1185 = DIRECTION('',(0.,1.,0.));
#1186 = ORIENTED_EDGE('',*,*,#1187,.T.);
#1187 = EDGE_CURVE('',#1178,#1188,#1190,.T.);
#1188 = VERTEX_POINT('',#1189);
#1189 = CARTESIAN_POINT('',(-0.32,-0.32,0.));
#1190 = LINE('',#1191,#1192);
#1191 = CARTESIAN_POINT('',(-0.16,-0.32,0.));
#1192 = VECTOR('',#1193,1.);
#1193 = DIRECTION('',(-1.,0.,0.));
#1194 = ORIENTED_EDGE('',*,*,#1195,.T.);
#1195 = EDGE_CURVE('',#1188,#1196,#1198,.T.);
#1196 = VERTEX_POINT('',#1197);
#1197 = CARTESIAN_POINT('',(-0.32,0.32,0.));
#1198 = LINE('',#1199,#1200);
#1199 = CARTESIAN_POINT('',(-0.32,-1.43,0.));
#1200 = VECTOR('',#1201,1.);
#1201 = DIRECTION('',(0.,1.,0.));
#1202 = ORIENTED_EDGE('',*,*,#1203,.F.);
#1203 = EDGE_CURVE('',#1180,#1196,#1204,.T.);
#1204 = LINE('',#1205,#1206);
#1205 = CARTESIAN_POINT('',(-0.16,0.32,0.));
#1206 = VECTOR('',#1207,1.);
#1207 = DIRECTION('',(-1.,0.,0.));
#1208 = FACE_BOUND('',#1209,.F.);
#1209 = EDGE_LOOP('',(#1210,#1220,#1228,#1236));
#1210 = ORIENTED_EDGE('',*,*,#1211,.T.);
#1211 = EDGE_CURVE('',#1212,#1214,#1216,.T.);
#1212 = VERTEX_POINT('',#1213);
#1213 = CARTESIAN_POINT('',(0.32,-2.86,0.));
#1214 = VERTEX_POINT('',#1215);
#1215 = CARTESIAN_POINT('',(-0.32,-2.86,0.));
#1216 = LINE('',#1217,#1218);
#1217 = CARTESIAN_POINT('',(-0.16,-2.86,0.));
#1218 = VECTOR('',#1219,1.);
#1219 = DIRECTION('',(-1.,0.,0.));
#1220 = ORIENTED_EDGE('',*,*,#1221,.T.);
#1221 = EDGE_CURVE('',#1214,#1222,#1224,.T.);
#1222 = VERTEX_POINT('',#1223);
#1223 = CARTESIAN_POINT('',(-0.32,-2.22,0.));
#1224 = LINE('',#1225,#1226);
#1225 = CARTESIAN_POINT('',(-0.32,-2.7,0.));
#1226 = VECTOR('',#1227,1.);
#1227 = DIRECTION('',(0.,1.,0.));
#1228 = ORIENTED_EDGE('',*,*,#1229,.F.);
#1229 = EDGE_CURVE('',#1230,#1222,#1232,.T.);
#1230 = VERTEX_POINT('',#1231);
#1231 = CARTESIAN_POINT('',(0.32,-2.22,0.));
#1232 = LINE('',#1233,#1234);
#1233 = CARTESIAN_POINT('',(-0.16,-2.22,0.));
#1234 = VECTOR('',#1235,1.);
#1235 = DIRECTION('',(-1.,0.,0.));
#1236 = ORIENTED_EDGE('',*,*,#1237,.F.);
#1237 = EDGE_CURVE('',#1212,#1230,#1238,.T.);
#1238 = LINE('',#1239,#1240);
#1239 = CARTESIAN_POINT('',(0.32,-2.7,0.));
#1240 = VECTOR('',#1241,1.);
#1241 = DIRECTION('',(0.,1.,0.));
#1242 = FACE_BOUND('',#1243,.F.);
#1243 = EDGE_LOOP('',(#1244,#1254,#1262,#1270));
#1244 = ORIENTED_EDGE('',*,*,#1245,.F.);
#1245 = EDGE_CURVE('',#1246,#1248,#1250,.T.);
#1246 = VERTEX_POINT('',#1247);
#1247 = CARTESIAN_POINT('',(0.32,-4.76,0.));
#1248 = VERTEX_POINT('',#1249);
#1249 = CARTESIAN_POINT('',(-0.32,-4.76,0.));
#1250 = LINE('',#1251,#1252);
#1251 = CARTESIAN_POINT('',(-0.16,-4.76,0.));
#1252 = VECTOR('',#1253,1.);
#1253 = DIRECTION('',(-1.,0.,0.));
#1254 = ORIENTED_EDGE('',*,*,#1255,.F.);
#1255 = EDGE_CURVE('',#1256,#1246,#1258,.T.);
#1256 = VERTEX_POINT('',#1257);
#1257 = CARTESIAN_POINT('',(0.32,-5.4,0.));
#1258 = LINE('',#1259,#1260);
#1259 = CARTESIAN_POINT('',(0.32,-3.97,0.));
#1260 = VECTOR('',#1261,1.);
#1261 = DIRECTION('',(0.,1.,0.));
#1262 = ORIENTED_EDGE('',*,*,#1263,.T.);
#1263 = EDGE_CURVE('',#1256,#1264,#1266,.T.);
#1264 = VERTEX_POINT('',#1265);
#1265 = CARTESIAN_POINT('',(-0.32,-5.4,0.));
#1266 = LINE('',#1267,#1268);
#1267 = CARTESIAN_POINT('',(-0.16,-5.4,0.));
#1268 = VECTOR('',#1269,1.);
#1269 = DIRECTION('',(-1.,0.,0.));
#1270 = ORIENTED_EDGE('',*,*,#1271,.T.);
#1271 = EDGE_CURVE('',#1264,#1248,#1272,.T.);
#1272 = LINE('',#1273,#1274);
#1273 = CARTESIAN_POINT('',(-0.32,-3.97,0.));
#1274 = VECTOR('',#1275,1.);
#1275 = DIRECTION('',(0.,1.,0.));
#1276 = PLANE('',#1277);
#1277 = AXIS2_PLACEMENT_3D('',#1278,#1279,#1280);
#1278 = CARTESIAN_POINT('',(5.398204781459E-17,-2.54,0.));
#1279 = DIRECTION('',(0.,0.,1.));
#1280 = DIRECTION('',(1.,0.,-0.));
#1281 = ADVANCED_FACE('',(#1282,#1421,#1455,#1489),#1523,.T.);
#1282 = FACE_BOUND('',#1283,.T.);
#1283 = EDGE_LOOP('',(#1284,#1285,#1286,#1294,#1302,#1310,#1318,#1326,
    #1334,#1342,#1350,#1358,#1366,#1374,#1382,#1390,#1398,#1406,#1414,
    #1420));
#1284 = ORIENTED_EDGE('',*,*,#946,.T.);
#1285 = ORIENTED_EDGE('',*,*,#1008,.T.);
#1286 = ORIENTED_EDGE('',*,*,#1287,.T.);
#1287 = EDGE_CURVE('',#1009,#1288,#1290,.T.);
#1288 = VERTEX_POINT('',#1289);
#1289 = CARTESIAN_POINT('',(-1.016,-1.27,2.54));
#1290 = LINE('',#1291,#1292);
#1291 = CARTESIAN_POINT('',(-1.27,-1.016,2.54));
#1292 = VECTOR('',#1293,1.);
#1293 = DIRECTION('',(0.707106781187,-0.707106781187,0.));
#1294 = ORIENTED_EDGE('',*,*,#1295,.T.);
#1295 = EDGE_CURVE('',#1288,#1296,#1298,.T.);
#1296 = VERTEX_POINT('',#1297);
#1297 = CARTESIAN_POINT('',(-1.27,-1.524,2.54));
#1298 = LINE('',#1299,#1300);
#1299 = CARTESIAN_POINT('',(-1.016,-1.27,2.54));
#1300 = VECTOR('',#1301,1.);
#1301 = DIRECTION('',(-0.707106781187,-0.707106781187,0.));
#1302 = ORIENTED_EDGE('',*,*,#1303,.T.);
#1303 = EDGE_CURVE('',#1296,#1304,#1306,.T.);
#1304 = VERTEX_POINT('',#1305);
#1305 = CARTESIAN_POINT('',(-1.27,-3.556,2.54));
#1306 = LINE('',#1307,#1308);
#1307 = CARTESIAN_POINT('',(-1.27,-1.524,2.54));
#1308 = VECTOR('',#1309,1.);
#1309 = DIRECTION('',(0.,-1.,0.));
#1310 = ORIENTED_EDGE('',*,*,#1311,.T.);
#1311 = EDGE_CURVE('',#1304,#1312,#1314,.T.);
#1312 = VERTEX_POINT('',#1313);
#1313 = CARTESIAN_POINT('',(-1.016,-3.81,2.54));
#1314 = LINE('',#1315,#1316);
#1315 = CARTESIAN_POINT('',(-1.27,-3.556,2.54));
#1316 = VECTOR('',#1317,1.);
#1317 = DIRECTION('',(0.707106781187,-0.707106781187,0.));
#1318 = ORIENTED_EDGE('',*,*,#1319,.T.);
#1319 = EDGE_CURVE('',#1312,#1320,#1322,.T.);
#1320 = VERTEX_POINT('',#1321);
#1321 = CARTESIAN_POINT('',(-1.27,-4.064,2.54));
#1322 = LINE('',#1323,#1324);
#1323 = CARTESIAN_POINT('',(-1.016,-3.81,2.54));
#1324 = VECTOR('',#1325,1.);
#1325 = DIRECTION('',(-0.707106781187,-0.707106781187,0.));
#1326 = ORIENTED_EDGE('',*,*,#1327,.T.);
#1327 = EDGE_CURVE('',#1320,#1328,#1330,.T.);
#1328 = VERTEX_POINT('',#1329);
#1329 = CARTESIAN_POINT('',(-1.27,-6.096,2.54));
#1330 = LINE('',#1331,#1332);
#1331 = CARTESIAN_POINT('',(-1.27,-4.064,2.54));
#1332 = VECTOR('',#1333,1.);
#1333 = DIRECTION('',(0.,-1.,0.));
#1334 = ORIENTED_EDGE('',*,*,#1335,.T.);
#1335 = EDGE_CURVE('',#1328,#1336,#1338,.T.);
#1336 = VERTEX_POINT('',#1337);
#1337 = CARTESIAN_POINT('',(-1.016,-6.35,2.54));
#1338 = LINE('',#1339,#1340);
#1339 = CARTESIAN_POINT('',(-1.27,-6.096,2.54));
#1340 = VECTOR('',#1341,1.);
#1341 = DIRECTION('',(0.707106781187,-0.707106781187,0.));
#1342 = ORIENTED_EDGE('',*,*,#1343,.T.);
#1343 = EDGE_CURVE('',#1336,#1344,#1346,.T.);
#1344 = VERTEX_POINT('',#1345);
#1345 = CARTESIAN_POINT('',(1.016,-6.35,2.54));
#1346 = LINE('',#1347,#1348);
#1347 = CARTESIAN_POINT('',(-1.016,-6.35,2.54));
#1348 = VECTOR('',#1349,1.);
#1349 = DIRECTION('',(1.,0.,0.));
#1350 = ORIENTED_EDGE('',*,*,#1351,.T.);
#1351 = EDGE_CURVE('',#1344,#1352,#1354,.T.);
#1352 = VERTEX_POINT('',#1353);
#1353 = CARTESIAN_POINT('',(1.27,-6.096,2.54));
#1354 = LINE('',#1355,#1356);
#1355 = CARTESIAN_POINT('',(1.016,-6.35,2.54));
#1356 = VECTOR('',#1357,1.);
#1357 = DIRECTION('',(0.707106781187,0.707106781187,0.));
#1358 = ORIENTED_EDGE('',*,*,#1359,.T.);
#1359 = EDGE_CURVE('',#1352,#1360,#1362,.T.);
#1360 = VERTEX_POINT('',#1361);
#1361 = CARTESIAN_POINT('',(1.27,-4.064,2.54));
#1362 = LINE('',#1363,#1364);
#1363 = CARTESIAN_POINT('',(1.27,-6.096,2.54));
#1364 = VECTOR('',#1365,1.);
#1365 = DIRECTION('',(0.,1.,0.));
#1366 = ORIENTED_EDGE('',*,*,#1367,.T.);
#1367 = EDGE_CURVE('',#1360,#1368,#1370,.T.);
#1368 = VERTEX_POINT('',#1369);
#1369 = CARTESIAN_POINT('',(1.016,-3.81,2.54));
#1370 = LINE('',#1371,#1372);
#1371 = CARTESIAN_POINT('',(1.27,-4.064,2.54));
#1372 = VECTOR('',#1373,1.);
#1373 = DIRECTION('',(-0.707106781187,0.707106781187,0.));
#1374 = ORIENTED_EDGE('',*,*,#1375,.T.);
#1375 = EDGE_CURVE('',#1368,#1376,#1378,.T.);
#1376 = VERTEX_POINT('',#1377);
#1377 = CARTESIAN_POINT('',(1.27,-3.556,2.54));
#1378 = LINE('',#1379,#1380);
#1379 = CARTESIAN_POINT('',(1.016,-3.81,2.54));
#1380 = VECTOR('',#1381,1.);
#1381 = DIRECTION('',(0.707106781187,0.707106781187,0.));
#1382 = ORIENTED_EDGE('',*,*,#1383,.T.);
#1383 = EDGE_CURVE('',#1376,#1384,#1386,.T.);
#1384 = VERTEX_POINT('',#1385);
#1385 = CARTESIAN_POINT('',(1.27,-1.524,2.54));
#1386 = LINE('',#1387,#1388);
#1387 = CARTESIAN_POINT('',(1.27,-3.556,2.54));
#1388 = VECTOR('',#1389,1.);
#1389 = DIRECTION('',(0.,1.,0.));
#1390 = ORIENTED_EDGE('',*,*,#1391,.T.);
#1391 = EDGE_CURVE('',#1384,#1392,#1394,.T.);
#1392 = VERTEX_POINT('',#1393);
#1393 = CARTESIAN_POINT('',(1.016,-1.27,2.54));
#1394 = LINE('',#1395,#1396);
#1395 = CARTESIAN_POINT('',(1.27,-1.524,2.54));
#1396 = VECTOR('',#1397,1.);
#1397 = DIRECTION('',(-0.707106781187,0.707106781187,0.));
#1398 = ORIENTED_EDGE('',*,*,#1399,.T.);
#1399 = EDGE_CURVE('',#1392,#1400,#1402,.T.);
#1400 = VERTEX_POINT('',#1401);
#1401 = CARTESIAN_POINT('',(1.27,-1.016,2.54));
#1402 = LINE('',#1403,#1404);
#1403 = CARTESIAN_POINT('',(1.016,-1.27,2.54));
#1404 = VECTOR('',#1405,1.);
#1405 = DIRECTION('',(0.707106781187,0.707106781187,0.));
#1406 = ORIENTED_EDGE('',*,*,#1407,.T.);
#1407 = EDGE_CURVE('',#1400,#1408,#1410,.T.);
#1408 = VERTEX_POINT('',#1409);
#1409 = CARTESIAN_POINT('',(1.27,1.016,2.54));
#1410 = LINE('',#1411,#1412);
#1411 = CARTESIAN_POINT('',(1.27,-1.016,2.54));
#1412 = VECTOR('',#1413,1.);
#1413 = DIRECTION('',(0.,1.,0.));
#1414 = ORIENTED_EDGE('',*,*,#1415,.T.);
#1415 = EDGE_CURVE('',#1408,#979,#1416,.T.);
#1416 = LINE('',#1417,#1418);
#1417 = CARTESIAN_POINT('',(1.27,1.016,2.54));
#1418 = VECTOR('',#1419,1.);
#1419 = DIRECTION('',(-0.707106781187,0.707106781187,0.));
#1420 = ORIENTED_EDGE('',*,*,#986,.T.);
#1421 = FACE_BOUND('',#1422,.T.);
#1422 = EDGE_LOOP('',(#1423,#1433,#1441,#1449));
#1423 = ORIENTED_EDGE('',*,*,#1424,.F.);
#1424 = EDGE_CURVE('',#1425,#1427,#1429,.T.);
#1425 = VERTEX_POINT('',#1426);
#1426 = CARTESIAN_POINT('',(0.32,-0.32,2.54));
#1427 = VERTEX_POINT('',#1428);
#1428 = CARTESIAN_POINT('',(0.32,0.32,2.54));
#1429 = LINE('',#1430,#1431);
#1430 = CARTESIAN_POINT('',(0.32,-1.43,2.54));
#1431 = VECTOR('',#1432,1.);
#1432 = DIRECTION('',(0.,1.,0.));
#1433 = ORIENTED_EDGE('',*,*,#1434,.T.);
#1434 = EDGE_CURVE('',#1425,#1435,#1437,.T.);
#1435 = VERTEX_POINT('',#1436);
#1436 = CARTESIAN_POINT('',(-0.32,-0.32,2.54));
#1437 = LINE('',#1438,#1439);
#1438 = CARTESIAN_POINT('',(-0.16,-0.32,2.54));
#1439 = VECTOR('',#1440,1.);
#1440 = DIRECTION('',(-1.,0.,0.));
#1441 = ORIENTED_EDGE('',*,*,#1442,.T.);
#1442 = EDGE_CURVE('',#1435,#1443,#1445,.T.);
#1443 = VERTEX_POINT('',#1444);
#1444 = CARTESIAN_POINT('',(-0.32,0.32,2.54));
#1445 = LINE('',#1446,#1447);
#1446 = CARTESIAN_POINT('',(-0.32,-1.43,2.54));
#1447 = VECTOR('',#1448,1.);
#1448 = DIRECTION('',(0.,1.,0.));
#1449 = ORIENTED_EDGE('',*,*,#1450,.F.);
#1450 = EDGE_CURVE('',#1427,#1443,#1451,.T.);
#1451 = LINE('',#1452,#1453);
#1452 = CARTESIAN_POINT('',(-0.16,0.32,2.54));
#1453 = VECTOR('',#1454,1.);
#1454 = DIRECTION('',(-1.,0.,0.));
#1455 = FACE_BOUND('',#1456,.T.);
#1456 = EDGE_LOOP('',(#1457,#1467,#1475,#1483));
#1457 = ORIENTED_EDGE('',*,*,#1458,.T.);
#1458 = EDGE_CURVE('',#1459,#1461,#1463,.T.);
#1459 = VERTEX_POINT('',#1460);
#1460 = CARTESIAN_POINT('',(0.32,-2.86,2.54));
#1461 = VERTEX_POINT('',#1462);
#1462 = CARTESIAN_POINT('',(-0.32,-2.86,2.54));
#1463 = LINE('',#1464,#1465);
#1464 = CARTESIAN_POINT('',(-0.16,-2.86,2.54));
#1465 = VECTOR('',#1466,1.);
#1466 = DIRECTION('',(-1.,0.,0.));
#1467 = ORIENTED_EDGE('',*,*,#1468,.T.);
#1468 = EDGE_CURVE('',#1461,#1469,#1471,.T.);
#1469 = VERTEX_POINT('',#1470);
#1470 = CARTESIAN_POINT('',(-0.32,-2.22,2.54));
#1471 = LINE('',#1472,#1473);
#1472 = CARTESIAN_POINT('',(-0.32,-2.7,2.54));
#1473 = VECTOR('',#1474,1.);
#1474 = DIRECTION('',(0.,1.,0.));
#1475 = ORIENTED_EDGE('',*,*,#1476,.F.);
#1476 = EDGE_CURVE('',#1477,#1469,#1479,.T.);
#1477 = VERTEX_POINT('',#1478);
#1478 = CARTESIAN_POINT('',(0.32,-2.22,2.54));
#1479 = LINE('',#1480,#1481);
#1480 = CARTESIAN_POINT('',(-0.16,-2.22,2.54));
#1481 = VECTOR('',#1482,1.);
#1482 = DIRECTION('',(-1.,0.,0.));
#1483 = ORIENTED_EDGE('',*,*,#1484,.F.);
#1484 = EDGE_CURVE('',#1459,#1477,#1485,.T.);
#1485 = LINE('',#1486,#1487);
#1486 = CARTESIAN_POINT('',(0.32,-2.7,2.54));
#1487 = VECTOR('',#1488,1.);
#1488 = DIRECTION('',(0.,1.,0.));
#1489 = FACE_BOUND('',#1490,.T.);
#1490 = EDGE_LOOP('',(#1491,#1501,#1509,#1517));
#1491 = ORIENTED_EDGE('',*,*,#1492,.F.);
#1492 = EDGE_CURVE('',#1493,#1495,#1497,.T.);
#1493 = VERTEX_POINT('',#1494);
#1494 = CARTESIAN_POINT('',(0.32,-4.76,2.54));
#1495 = VERTEX_POINT('',#1496);
#1496 = CARTESIAN_POINT('',(-0.32,-4.76,2.54));
#1497 = LINE('',#1498,#1499);
#1498 = CARTESIAN_POINT('',(-0.16,-4.76,2.54));
#1499 = VECTOR('',#1500,1.);
#1500 = DIRECTION('',(-1.,0.,0.));
#1501 = ORIENTED_EDGE('',*,*,#1502,.F.);
#1502 = EDGE_CURVE('',#1503,#1493,#1505,.T.);
#1503 = VERTEX_POINT('',#1504);
#1504 = CARTESIAN_POINT('',(0.32,-5.4,2.54));
#1505 = LINE('',#1506,#1507);
#1506 = CARTESIAN_POINT('',(0.32,-3.97,2.54));
#1507 = VECTOR('',#1508,1.);
#1508 = DIRECTION('',(0.,1.,0.));
#1509 = ORIENTED_EDGE('',*,*,#1510,.T.);
#1510 = EDGE_CURVE('',#1503,#1511,#1513,.T.);
#1511 = VERTEX_POINT('',#1512);
#1512 = CARTESIAN_POINT('',(-0.32,-5.4,2.54));
#1513 = LINE('',#1514,#1515);
#1514 = CARTESIAN_POINT('',(-0.16,-5.4,2.54));
#1515 = VECTOR('',#1516,1.);
#1516 = DIRECTION('',(-1.,0.,0.));
#1517 = ORIENTED_EDGE('',*,*,#1518,.T.);
#1518 = EDGE_CURVE('',#1511,#1495,#1519,.T.);
#1519 = LINE('',#1520,#1521);
#1520 = CARTESIAN_POINT('',(-0.32,-3.97,2.54));
#1521 = VECTOR('',#1522,1.);
#1522 = DIRECTION('',(0.,1.,0.));
#1523 = PLANE('',#1524);
#1524 = AXIS2_PLACEMENT_3D('',#1525,#1526,#1527);
#1525 = CARTESIAN_POINT('',(5.398204781459E-17,-2.54,2.54));
#1526 = DIRECTION('',(0.,0.,1.));
#1527 = DIRECTION('',(1.,0.,-0.));
#1528 = ADVANCED_FACE('',(#1529),#1540,.F.);
#1529 = FACE_BOUND('',#1530,.F.);
#1530 = EDGE_LOOP('',(#1531,#1537,#1538,#1539));
#1531 = ORIENTED_EDGE('',*,*,#1532,.T.);
#1532 = EDGE_CURVE('',#1161,#1408,#1533,.T.);
#1533 = LINE('',#1534,#1535);
#1534 = CARTESIAN_POINT('',(1.27,1.016,0.));
#1535 = VECTOR('',#1536,1.);
#1536 = DIRECTION('',(0.,0.,1.));
#1537 = ORIENTED_EDGE('',*,*,#1415,.T.);
#1538 = ORIENTED_EDGE('',*,*,#976,.F.);
#1539 = ORIENTED_EDGE('',*,*,#1168,.F.);
#1540 = PLANE('',#1541);
#1541 = AXIS2_PLACEMENT_3D('',#1542,#1543,#1544);
#1542 = CARTESIAN_POINT('',(1.27,1.016,0.));
#1543 = DIRECTION('',(-0.707106781187,-0.707106781187,0.));
#1544 = DIRECTION('',(-0.707106781187,0.707106781187,0.));
#1545 = ADVANCED_FACE('',(#1546),#1557,.F.);
#1546 = FACE_BOUND('',#1547,.F.);
#1547 = EDGE_LOOP('',(#1548,#1549,#1550,#1556));
#1548 = ORIENTED_EDGE('',*,*,#1016,.T.);
#1549 = ORIENTED_EDGE('',*,*,#1287,.T.);
#1550 = ORIENTED_EDGE('',*,*,#1551,.F.);
#1551 = EDGE_CURVE('',#1041,#1288,#1552,.T.);
#1552 = LINE('',#1553,#1554);
#1553 = CARTESIAN_POINT('',(-1.016,-1.27,0.));
#1554 = VECTOR('',#1555,1.);
#1555 = DIRECTION('',(0.,0.,1.));
#1556 = ORIENTED_EDGE('',*,*,#1040,.F.);
#1557 = PLANE('',#1558);
#1558 = AXIS2_PLACEMENT_3D('',#1559,#1560,#1561);
#1559 = CARTESIAN_POINT('',(-1.27,-1.016,0.));
#1560 = DIRECTION('',(0.707106781187,0.707106781187,0.));
#1561 = DIRECTION('',(0.707106781187,-0.707106781187,0.));
#1562 = ADVANCED_FACE('',(#1563),#1574,.F.);
#1563 = FACE_BOUND('',#1564,.F.);
#1564 = EDGE_LOOP('',(#1565,#1571,#1572,#1573));
#1565 = ORIENTED_EDGE('',*,*,#1566,.T.);
#1566 = EDGE_CURVE('',#1153,#1400,#1567,.T.);
#1567 = LINE('',#1568,#1569);
#1568 = CARTESIAN_POINT('',(1.27,-1.016,0.));
#1569 = VECTOR('',#1570,1.);
#1570 = DIRECTION('',(0.,0.,1.));
#1571 = ORIENTED_EDGE('',*,*,#1407,.T.);
#1572 = ORIENTED_EDGE('',*,*,#1532,.F.);
#1573 = ORIENTED_EDGE('',*,*,#1160,.F.);
#1574 = PLANE('',#1575);
#1575 = AXIS2_PLACEMENT_3D('',#1576,#1577,#1578);
#1576 = CARTESIAN_POINT('',(1.27,-1.016,0.));
#1577 = DIRECTION('',(-1.,0.,0.));
#1578 = DIRECTION('',(0.,1.,0.));
#1579 = ADVANCED_FACE('',(#1580),#1591,.F.);
#1580 = FACE_BOUND('',#1581,.F.);
#1581 = EDGE_LOOP('',(#1582,#1583,#1584,#1590));
#1582 = ORIENTED_EDGE('',*,*,#1551,.T.);
#1583 = ORIENTED_EDGE('',*,*,#1295,.T.);
#1584 = ORIENTED_EDGE('',*,*,#1585,.F.);
#1585 = EDGE_CURVE('',#1049,#1296,#1586,.T.);
#1586 = LINE('',#1587,#1588);
#1587 = CARTESIAN_POINT('',(-1.27,-1.524,0.));
#1588 = VECTOR('',#1589,1.);
#1589 = DIRECTION('',(0.,0.,1.));
#1590 = ORIENTED_EDGE('',*,*,#1048,.F.);
#1591 = PLANE('',#1592);
#1592 = AXIS2_PLACEMENT_3D('',#1593,#1594,#1595);
#1593 = CARTESIAN_POINT('',(-1.016,-1.27,0.));
#1594 = DIRECTION('',(0.707106781187,-0.707106781187,0.));
#1595 = DIRECTION('',(-0.707106781187,-0.707106781187,0.));
#1596 = ADVANCED_FACE('',(#1597),#1608,.F.);
#1597 = FACE_BOUND('',#1598,.F.);
#1598 = EDGE_LOOP('',(#1599,#1605,#1606,#1607));
#1599 = ORIENTED_EDGE('',*,*,#1600,.T.);
#1600 = EDGE_CURVE('',#1145,#1392,#1601,.T.);
#1601 = LINE('',#1602,#1603);
#1602 = CARTESIAN_POINT('',(1.016,-1.27,0.));
#1603 = VECTOR('',#1604,1.);
#1604 = DIRECTION('',(0.,0.,1.));
#1605 = ORIENTED_EDGE('',*,*,#1399,.T.);
#1606 = ORIENTED_EDGE('',*,*,#1566,.F.);
#1607 = ORIENTED_EDGE('',*,*,#1152,.F.);
#1608 = PLANE('',#1609);
#1609 = AXIS2_PLACEMENT_3D('',#1610,#1611,#1612);
#1610 = CARTESIAN_POINT('',(1.016,-1.27,0.));
#1611 = DIRECTION('',(-0.707106781187,0.707106781187,0.));
#1612 = DIRECTION('',(0.707106781187,0.707106781187,0.));
#1613 = ADVANCED_FACE('',(#1614),#1625,.F.);
#1614 = FACE_BOUND('',#1615,.F.);
#1615 = EDGE_LOOP('',(#1616,#1617,#1618,#1624));
#1616 = ORIENTED_EDGE('',*,*,#1585,.T.);
#1617 = ORIENTED_EDGE('',*,*,#1303,.T.);
#1618 = ORIENTED_EDGE('',*,*,#1619,.F.);
#1619 = EDGE_CURVE('',#1057,#1304,#1620,.T.);
#1620 = LINE('',#1621,#1622);
#1621 = CARTESIAN_POINT('',(-1.27,-3.556,0.));
#1622 = VECTOR('',#1623,1.);
#1623 = DIRECTION('',(0.,0.,1.));
#1624 = ORIENTED_EDGE('',*,*,#1056,.F.);
#1625 = PLANE('',#1626);
#1626 = AXIS2_PLACEMENT_3D('',#1627,#1628,#1629);
#1627 = CARTESIAN_POINT('',(-1.27,-1.524,0.));
#1628 = DIRECTION('',(1.,0.,0.));
#1629 = DIRECTION('',(0.,-1.,0.));
#1630 = ADVANCED_FACE('',(#1631),#1642,.F.);
#1631 = FACE_BOUND('',#1632,.F.);
#1632 = EDGE_LOOP('',(#1633,#1639,#1640,#1641));
#1633 = ORIENTED_EDGE('',*,*,#1634,.T.);
#1634 = EDGE_CURVE('',#1137,#1384,#1635,.T.);
#1635 = LINE('',#1636,#1637);
#1636 = CARTESIAN_POINT('',(1.27,-1.524,0.));
#1637 = VECTOR('',#1638,1.);
#1638 = DIRECTION('',(0.,0.,1.));
#1639 = ORIENTED_EDGE('',*,*,#1391,.T.);
#1640 = ORIENTED_EDGE('',*,*,#1600,.F.);
#1641 = ORIENTED_EDGE('',*,*,#1144,.F.);
#1642 = PLANE('',#1643);
#1643 = AXIS2_PLACEMENT_3D('',#1644,#1645,#1646);
#1644 = CARTESIAN_POINT('',(1.27,-1.524,0.));
#1645 = DIRECTION('',(-0.707106781187,-0.707106781187,0.));
#1646 = DIRECTION('',(-0.707106781187,0.707106781187,0.));
#1647 = ADVANCED_FACE('',(#1648),#1659,.F.);
#1648 = FACE_BOUND('',#1649,.F.);
#1649 = EDGE_LOOP('',(#1650,#1651,#1652,#1658));
#1650 = ORIENTED_EDGE('',*,*,#1619,.T.);
#1651 = ORIENTED_EDGE('',*,*,#1311,.T.);
#1652 = ORIENTED_EDGE('',*,*,#1653,.F.);
#1653 = EDGE_CURVE('',#1065,#1312,#1654,.T.);
#1654 = LINE('',#1655,#1656);
#1655 = CARTESIAN_POINT('',(-1.016,-3.81,0.));
#1656 = VECTOR('',#1657,1.);
#1657 = DIRECTION('',(0.,0.,1.));
#1658 = ORIENTED_EDGE('',*,*,#1064,.F.);
#1659 = PLANE('',#1660);
#1660 = AXIS2_PLACEMENT_3D('',#1661,#1662,#1663);
#1661 = CARTESIAN_POINT('',(-1.27,-3.556,0.));
#1662 = DIRECTION('',(0.707106781187,0.707106781187,0.));
#1663 = DIRECTION('',(0.707106781187,-0.707106781187,0.));
#1664 = ADVANCED_FACE('',(#1665),#1676,.F.);
#1665 = FACE_BOUND('',#1666,.F.);
#1666 = EDGE_LOOP('',(#1667,#1673,#1674,#1675));
#1667 = ORIENTED_EDGE('',*,*,#1668,.T.);
#1668 = EDGE_CURVE('',#1129,#1376,#1669,.T.);
#1669 = LINE('',#1670,#1671);
#1670 = CARTESIAN_POINT('',(1.27,-3.556,0.));
#1671 = VECTOR('',#1672,1.);
#1672 = DIRECTION('',(0.,0.,1.));
#1673 = ORIENTED_EDGE('',*,*,#1383,.T.);
#1674 = ORIENTED_EDGE('',*,*,#1634,.F.);
#1675 = ORIENTED_EDGE('',*,*,#1136,.F.);
#1676 = PLANE('',#1677);
#1677 = AXIS2_PLACEMENT_3D('',#1678,#1679,#1680);
#1678 = CARTESIAN_POINT('',(1.27,-3.556,0.));
#1679 = DIRECTION('',(-1.,0.,0.));
#1680 = DIRECTION('',(0.,1.,0.));
#1681 = ADVANCED_FACE('',(#1682),#1693,.F.);
#1682 = FACE_BOUND('',#1683,.F.);
#1683 = EDGE_LOOP('',(#1684,#1685,#1686,#1692));
#1684 = ORIENTED_EDGE('',*,*,#1653,.T.);
#1685 = ORIENTED_EDGE('',*,*,#1319,.T.);
#1686 = ORIENTED_EDGE('',*,*,#1687,.F.);
#1687 = EDGE_CURVE('',#1073,#1320,#1688,.T.);
#1688 = LINE('',#1689,#1690);
#1689 = CARTESIAN_POINT('',(-1.27,-4.064,0.));
#1690 = VECTOR('',#1691,1.);
#1691 = DIRECTION('',(0.,0.,1.));
#1692 = ORIENTED_EDGE('',*,*,#1072,.F.);
#1693 = PLANE('',#1694);
#1694 = AXIS2_PLACEMENT_3D('',#1695,#1696,#1697);
#1695 = CARTESIAN_POINT('',(-1.016,-3.81,0.));
#1696 = DIRECTION('',(0.707106781187,-0.707106781187,0.));
#1697 = DIRECTION('',(-0.707106781187,-0.707106781187,0.));
#1698 = ADVANCED_FACE('',(#1699),#1710,.F.);
#1699 = FACE_BOUND('',#1700,.F.);
#1700 = EDGE_LOOP('',(#1701,#1707,#1708,#1709));
#1701 = ORIENTED_EDGE('',*,*,#1702,.T.);
#1702 = EDGE_CURVE('',#1121,#1368,#1703,.T.);
#1703 = LINE('',#1704,#1705);
#1704 = CARTESIAN_POINT('',(1.016,-3.81,0.));
#1705 = VECTOR('',#1706,1.);
#1706 = DIRECTION('',(0.,0.,1.));
#1707 = ORIENTED_EDGE('',*,*,#1375,.T.);
#1708 = ORIENTED_EDGE('',*,*,#1668,.F.);
#1709 = ORIENTED_EDGE('',*,*,#1128,.F.);
#1710 = PLANE('',#1711);
#1711 = AXIS2_PLACEMENT_3D('',#1712,#1713,#1714);
#1712 = CARTESIAN_POINT('',(1.016,-3.81,0.));
#1713 = DIRECTION('',(-0.707106781187,0.707106781187,0.));
#1714 = DIRECTION('',(0.707106781187,0.707106781187,0.));
#1715 = ADVANCED_FACE('',(#1716),#1727,.F.);
#1716 = FACE_BOUND('',#1717,.F.);
#1717 = EDGE_LOOP('',(#1718,#1719,#1720,#1726));
#1718 = ORIENTED_EDGE('',*,*,#1687,.T.);
#1719 = ORIENTED_EDGE('',*,*,#1327,.T.);
#1720 = ORIENTED_EDGE('',*,*,#1721,.F.);
#1721 = EDGE_CURVE('',#1081,#1328,#1722,.T.);
#1722 = LINE('',#1723,#1724);
#1723 = CARTESIAN_POINT('',(-1.27,-6.096,0.));
#1724 = VECTOR('',#1725,1.);
#1725 = DIRECTION('',(0.,0.,1.));
#1726 = ORIENTED_EDGE('',*,*,#1080,.F.);
#1727 = PLANE('',#1728);
#1728 = AXIS2_PLACEMENT_3D('',#1729,#1730,#1731);
#1729 = CARTESIAN_POINT('',(-1.27,-4.064,0.));
#1730 = DIRECTION('',(1.,0.,0.));
#1731 = DIRECTION('',(0.,-1.,0.));
#1732 = ADVANCED_FACE('',(#1733),#1744,.F.);
#1733 = FACE_BOUND('',#1734,.F.);
#1734 = EDGE_LOOP('',(#1735,#1741,#1742,#1743));
#1735 = ORIENTED_EDGE('',*,*,#1736,.T.);
#1736 = EDGE_CURVE('',#1113,#1360,#1737,.T.);
#1737 = LINE('',#1738,#1739);
#1738 = CARTESIAN_POINT('',(1.27,-4.064,0.));
#1739 = VECTOR('',#1740,1.);
#1740 = DIRECTION('',(0.,0.,1.));
#1741 = ORIENTED_EDGE('',*,*,#1367,.T.);
#1742 = ORIENTED_EDGE('',*,*,#1702,.F.);
#1743 = ORIENTED_EDGE('',*,*,#1120,.F.);
#1744 = PLANE('',#1745);
#1745 = AXIS2_PLACEMENT_3D('',#1746,#1747,#1748);
#1746 = CARTESIAN_POINT('',(1.27,-4.064,0.));
#1747 = DIRECTION('',(-0.707106781187,-0.707106781187,0.));
#1748 = DIRECTION('',(-0.707106781187,0.707106781187,0.));
#1749 = ADVANCED_FACE('',(#1750),#1761,.F.);
#1750 = FACE_BOUND('',#1751,.F.);
#1751 = EDGE_LOOP('',(#1752,#1753,#1754,#1760));
#1752 = ORIENTED_EDGE('',*,*,#1721,.T.);
#1753 = ORIENTED_EDGE('',*,*,#1335,.T.);
#1754 = ORIENTED_EDGE('',*,*,#1755,.F.);
#1755 = EDGE_CURVE('',#1089,#1336,#1756,.T.);
#1756 = LINE('',#1757,#1758);
#1757 = CARTESIAN_POINT('',(-1.016,-6.35,0.));
#1758 = VECTOR('',#1759,1.);
#1759 = DIRECTION('',(0.,0.,1.));
#1760 = ORIENTED_EDGE('',*,*,#1088,.F.);
#1761 = PLANE('',#1762);
#1762 = AXIS2_PLACEMENT_3D('',#1763,#1764,#1765);
#1763 = CARTESIAN_POINT('',(-1.27,-6.096,0.));
#1764 = DIRECTION('',(0.707106781187,0.707106781187,0.));
#1765 = DIRECTION('',(0.707106781187,-0.707106781187,0.));
#1766 = ADVANCED_FACE('',(#1767),#1778,.F.);
#1767 = FACE_BOUND('',#1768,.F.);
#1768 = EDGE_LOOP('',(#1769,#1775,#1776,#1777));
#1769 = ORIENTED_EDGE('',*,*,#1770,.T.);
#1770 = EDGE_CURVE('',#1105,#1352,#1771,.T.);
#1771 = LINE('',#1772,#1773);
#1772 = CARTESIAN_POINT('',(1.27,-6.096,0.));
#1773 = VECTOR('',#1774,1.);
#1774 = DIRECTION('',(0.,0.,1.));
#1775 = ORIENTED_EDGE('',*,*,#1359,.T.);
#1776 = ORIENTED_EDGE('',*,*,#1736,.F.);
#1777 = ORIENTED_EDGE('',*,*,#1112,.F.);
#1778 = PLANE('',#1779);
#1779 = AXIS2_PLACEMENT_3D('',#1780,#1781,#1782);
#1780 = CARTESIAN_POINT('',(1.27,-6.096,0.));
#1781 = DIRECTION('',(-1.,0.,0.));
#1782 = DIRECTION('',(0.,1.,0.));
#1783 = ADVANCED_FACE('',(#1784),#1795,.F.);
#1784 = FACE_BOUND('',#1785,.F.);
#1785 = EDGE_LOOP('',(#1786,#1787,#1788,#1794));
#1786 = ORIENTED_EDGE('',*,*,#1755,.T.);
#1787 = ORIENTED_EDGE('',*,*,#1343,.T.);
#1788 = ORIENTED_EDGE('',*,*,#1789,.F.);
#1789 = EDGE_CURVE('',#1097,#1344,#1790,.T.);
#1790 = LINE('',#1791,#1792);
#1791 = CARTESIAN_POINT('',(1.016,-6.35,0.));
#1792 = VECTOR('',#1793,1.);
#1793 = DIRECTION('',(0.,0.,1.));
#1794 = ORIENTED_EDGE('',*,*,#1096,.F.);
#1795 = PLANE('',#1796);
#1796 = AXIS2_PLACEMENT_3D('',#1797,#1798,#1799);
#1797 = CARTESIAN_POINT('',(-1.016,-6.35,0.));
#1798 = DIRECTION('',(0.,1.,0.));
#1799 = DIRECTION('',(1.,0.,0.));
#1800 = ADVANCED_FACE('',(#1801),#1807,.F.);
#1801 = FACE_BOUND('',#1802,.F.);
#1802 = EDGE_LOOP('',(#1803,#1804,#1805,#1806));
#1803 = ORIENTED_EDGE('',*,*,#1789,.T.);
#1804 = ORIENTED_EDGE('',*,*,#1351,.T.);
#1805 = ORIENTED_EDGE('',*,*,#1770,.F.);
#1806 = ORIENTED_EDGE('',*,*,#1104,.F.);
#1807 = PLANE('',#1808);
#1808 = AXIS2_PLACEMENT_3D('',#1809,#1810,#1811);
#1809 = CARTESIAN_POINT('',(1.016,-6.35,0.));
#1810 = DIRECTION('',(-0.707106781187,0.707106781187,0.));
#1811 = DIRECTION('',(0.707106781187,0.707106781187,0.));
#1812 = ADVANCED_FACE('',(#1813),#1838,.T.);
#1813 = FACE_BOUND('',#1814,.T.);
#1814 = EDGE_LOOP('',(#1815,#1823,#1831,#1837));
#1815 = ORIENTED_EDGE('',*,*,#1816,.F.);
#1816 = EDGE_CURVE('',#1817,#1178,#1819,.T.);
#1817 = VERTEX_POINT('',#1818);
#1818 = CARTESIAN_POINT('',(0.32,-0.32,-2.84));
#1819 = LINE('',#1820,#1821);
#1820 = CARTESIAN_POINT('',(0.32,-0.32,-3.));
#1821 = VECTOR('',#1822,1.);
#1822 = DIRECTION('',(0.,0.,1.));
#1823 = ORIENTED_EDGE('',*,*,#1824,.T.);
#1824 = EDGE_CURVE('',#1817,#1825,#1827,.T.);
#1825 = VERTEX_POINT('',#1826);
#1826 = CARTESIAN_POINT('',(0.32,0.32,-2.84));
#1827 = LINE('',#1828,#1829);
#1828 = CARTESIAN_POINT('',(0.32,-0.32,-2.84));
#1829 = VECTOR('',#1830,1.);
#1830 = DIRECTION('',(0.,1.,0.));
#1831 = ORIENTED_EDGE('',*,*,#1832,.T.);
#1832 = EDGE_CURVE('',#1825,#1180,#1833,.T.);
#1833 = LINE('',#1834,#1835);
#1834 = CARTESIAN_POINT('',(0.32,0.32,-3.));
#1835 = VECTOR('',#1836,1.);
#1836 = DIRECTION('',(0.,0.,1.));
#1837 = ORIENTED_EDGE('',*,*,#1177,.F.);
#1838 = PLANE('',#1839);
#1839 = AXIS2_PLACEMENT_3D('',#1840,#1841,#1842);
#1840 = CARTESIAN_POINT('',(0.32,-0.32,-3.));
#1841 = DIRECTION('',(1.,0.,0.));
#1842 = DIRECTION('',(0.,0.,1.));
#1843 = ADVANCED_FACE('',(#1844),#1862,.T.);
#1844 = FACE_BOUND('',#1845,.T.);
#1845 = EDGE_LOOP('',(#1846,#1847,#1855,#1861));
#1846 = ORIENTED_EDGE('',*,*,#1832,.F.);
#1847 = ORIENTED_EDGE('',*,*,#1848,.F.);
#1848 = EDGE_CURVE('',#1849,#1825,#1851,.T.);
#1849 = VERTEX_POINT('',#1850);
#1850 = CARTESIAN_POINT('',(-0.32,0.32,-2.84));
#1851 = LINE('',#1852,#1853);
#1852 = CARTESIAN_POINT('',(-0.32,0.32,-2.84));
#1853 = VECTOR('',#1854,1.);
#1854 = DIRECTION('',(1.,0.,0.));
#1855 = ORIENTED_EDGE('',*,*,#1856,.T.);
#1856 = EDGE_CURVE('',#1849,#1196,#1857,.T.);
#1857 = LINE('',#1858,#1859);
#1858 = CARTESIAN_POINT('',(-0.32,0.32,-3.));
#1859 = VECTOR('',#1860,1.);
#1860 = DIRECTION('',(0.,0.,1.));
#1861 = ORIENTED_EDGE('',*,*,#1203,.F.);
#1862 = PLANE('',#1863);
#1863 = AXIS2_PLACEMENT_3D('',#1864,#1865,#1866);
#1864 = CARTESIAN_POINT('',(-0.32,0.32,-3.));
#1865 = DIRECTION('',(0.,1.,0.));
#1866 = DIRECTION('',(0.,-0.,1.));
#1867 = ADVANCED_FACE('',(#1868),#1886,.F.);
#1868 = FACE_BOUND('',#1869,.F.);
#1869 = EDGE_LOOP('',(#1870,#1878,#1884,#1885));
#1870 = ORIENTED_EDGE('',*,*,#1871,.F.);
#1871 = EDGE_CURVE('',#1872,#1188,#1874,.T.);
#1872 = VERTEX_POINT('',#1873);
#1873 = CARTESIAN_POINT('',(-0.32,-0.32,-2.84));
#1874 = LINE('',#1875,#1876);
#1875 = CARTESIAN_POINT('',(-0.32,-0.32,-3.));
#1876 = VECTOR('',#1877,1.);
#1877 = DIRECTION('',(0.,0.,1.));
#1878 = ORIENTED_EDGE('',*,*,#1879,.T.);
#1879 = EDGE_CURVE('',#1872,#1849,#1880,.T.);
#1880 = LINE('',#1881,#1882);
#1881 = CARTESIAN_POINT('',(-0.32,-0.32,-2.84));
#1882 = VECTOR('',#1883,1.);
#1883 = DIRECTION('',(0.,1.,0.));
#1884 = ORIENTED_EDGE('',*,*,#1856,.T.);
#1885 = ORIENTED_EDGE('',*,*,#1195,.F.);
#1886 = PLANE('',#1887);
#1887 = AXIS2_PLACEMENT_3D('',#1888,#1889,#1890);
#1888 = CARTESIAN_POINT('',(-0.32,-0.32,-3.));
#1889 = DIRECTION('',(1.,0.,0.));
#1890 = DIRECTION('',(0.,0.,1.));
#1891 = ADVANCED_FACE('',(#1892),#1903,.F.);
#1892 = FACE_BOUND('',#1893,.F.);
#1893 = EDGE_LOOP('',(#1894,#1895,#1901,#1902));
#1894 = ORIENTED_EDGE('',*,*,#1816,.F.);
#1895 = ORIENTED_EDGE('',*,*,#1896,.F.);
#1896 = EDGE_CURVE('',#1872,#1817,#1897,.T.);
#1897 = LINE('',#1898,#1899);
#1898 = CARTESIAN_POINT('',(-0.32,-0.32,-2.84));
#1899 = VECTOR('',#1900,1.);
#1900 = DIRECTION('',(1.,0.,0.));
#1901 = ORIENTED_EDGE('',*,*,#1871,.T.);
#1902 = ORIENTED_EDGE('',*,*,#1187,.F.);
#1903 = PLANE('',#1904);
#1904 = AXIS2_PLACEMENT_3D('',#1905,#1906,#1907);
#1905 = CARTESIAN_POINT('',(-0.32,-0.32,-3.));
#1906 = DIRECTION('',(0.,1.,0.));
#1907 = DIRECTION('',(0.,-0.,1.));
#1908 = ADVANCED_FACE('',(#1909),#1934,.F.);
#1909 = FACE_BOUND('',#1910,.F.);
#1910 = EDGE_LOOP('',(#1911,#1919,#1927,#1933));
#1911 = ORIENTED_EDGE('',*,*,#1912,.F.);
#1912 = EDGE_CURVE('',#1913,#1212,#1915,.T.);
#1913 = VERTEX_POINT('',#1914);
#1914 = CARTESIAN_POINT('',(0.32,-2.86,-2.84));
#1915 = LINE('',#1916,#1917);
#1916 = CARTESIAN_POINT('',(0.32,-2.86,-3.));
#1917 = VECTOR('',#1918,1.);
#1918 = DIRECTION('',(0.,0.,1.));
#1919 = ORIENTED_EDGE('',*,*,#1920,.F.);
#1920 = EDGE_CURVE('',#1921,#1913,#1923,.T.);
#1921 = VERTEX_POINT('',#1922);
#1922 = CARTESIAN_POINT('',(-0.32,-2.86,-2.84));
#1923 = LINE('',#1924,#1925);
#1924 = CARTESIAN_POINT('',(-0.32,-2.86,-2.84));
#1925 = VECTOR('',#1926,1.);
#1926 = DIRECTION('',(1.,0.,0.));
#1927 = ORIENTED_EDGE('',*,*,#1928,.T.);
#1928 = EDGE_CURVE('',#1921,#1214,#1929,.T.);
#1929 = LINE('',#1930,#1931);
#1930 = CARTESIAN_POINT('',(-0.32,-2.86,-3.));
#1931 = VECTOR('',#1932,1.);
#1932 = DIRECTION('',(0.,0.,1.));
#1933 = ORIENTED_EDGE('',*,*,#1211,.F.);
#1934 = PLANE('',#1935);
#1935 = AXIS2_PLACEMENT_3D('',#1936,#1937,#1938);
#1936 = CARTESIAN_POINT('',(-0.32,-2.86,-3.));
#1937 = DIRECTION('',(0.,1.,0.));
#1938 = DIRECTION('',(0.,-0.,1.));
#1939 = ADVANCED_FACE('',(#1940),#1958,.T.);
#1940 = FACE_BOUND('',#1941,.T.);
#1941 = EDGE_LOOP('',(#1942,#1943,#1951,#1957));
#1942 = ORIENTED_EDGE('',*,*,#1912,.F.);
#1943 = ORIENTED_EDGE('',*,*,#1944,.T.);
#1944 = EDGE_CURVE('',#1913,#1945,#1947,.T.);
#1945 = VERTEX_POINT('',#1946);
#1946 = CARTESIAN_POINT('',(0.32,-2.22,-2.84));
#1947 = LINE('',#1948,#1949);
#1948 = CARTESIAN_POINT('',(0.32,-2.86,-2.84));
#1949 = VECTOR('',#1950,1.);
#1950 = DIRECTION('',(0.,1.,0.));
#1951 = ORIENTED_EDGE('',*,*,#1952,.T.);
#1952 = EDGE_CURVE('',#1945,#1230,#1953,.T.);
#1953 = LINE('',#1954,#1955);
#1954 = CARTESIAN_POINT('',(0.32,-2.22,-3.));
#1955 = VECTOR('',#1956,1.);
#1956 = DIRECTION('',(0.,0.,1.));
#1957 = ORIENTED_EDGE('',*,*,#1237,.F.);
#1958 = PLANE('',#1959);
#1959 = AXIS2_PLACEMENT_3D('',#1960,#1961,#1962);
#1960 = CARTESIAN_POINT('',(0.32,-2.86,-3.));
#1961 = DIRECTION('',(1.,0.,0.));
#1962 = DIRECTION('',(0.,0.,1.));
#1963 = ADVANCED_FACE('',(#1964),#1982,.T.);
#1964 = FACE_BOUND('',#1965,.T.);
#1965 = EDGE_LOOP('',(#1966,#1967,#1975,#1981));
#1966 = ORIENTED_EDGE('',*,*,#1952,.F.);
#1967 = ORIENTED_EDGE('',*,*,#1968,.F.);
#1968 = EDGE_CURVE('',#1969,#1945,#1971,.T.);
#1969 = VERTEX_POINT('',#1970);
#1970 = CARTESIAN_POINT('',(-0.32,-2.22,-2.84));
#1971 = LINE('',#1972,#1973);
#1972 = CARTESIAN_POINT('',(-0.32,-2.22,-2.84));
#1973 = VECTOR('',#1974,1.);
#1974 = DIRECTION('',(1.,0.,0.));
#1975 = ORIENTED_EDGE('',*,*,#1976,.T.);
#1976 = EDGE_CURVE('',#1969,#1222,#1977,.T.);
#1977 = LINE('',#1978,#1979);
#1978 = CARTESIAN_POINT('',(-0.32,-2.22,-3.));
#1979 = VECTOR('',#1980,1.);
#1980 = DIRECTION('',(0.,0.,1.));
#1981 = ORIENTED_EDGE('',*,*,#1229,.F.);
#1982 = PLANE('',#1983);
#1983 = AXIS2_PLACEMENT_3D('',#1984,#1985,#1986);
#1984 = CARTESIAN_POINT('',(-0.32,-2.22,-3.));
#1985 = DIRECTION('',(0.,1.,0.));
#1986 = DIRECTION('',(0.,-0.,1.));
#1987 = ADVANCED_FACE('',(#1988),#1999,.F.);
#1988 = FACE_BOUND('',#1989,.F.);
#1989 = EDGE_LOOP('',(#1990,#1991,#1997,#1998));
#1990 = ORIENTED_EDGE('',*,*,#1928,.F.);
#1991 = ORIENTED_EDGE('',*,*,#1992,.T.);
#1992 = EDGE_CURVE('',#1921,#1969,#1993,.T.);
#1993 = LINE('',#1994,#1995);
#1994 = CARTESIAN_POINT('',(-0.32,-2.86,-2.84));
#1995 = VECTOR('',#1996,1.);
#1996 = DIRECTION('',(0.,1.,0.));
#1997 = ORIENTED_EDGE('',*,*,#1976,.T.);
#1998 = ORIENTED_EDGE('',*,*,#1221,.F.);
#1999 = PLANE('',#2000);
#2000 = AXIS2_PLACEMENT_3D('',#2001,#2002,#2003);
#2001 = CARTESIAN_POINT('',(-0.32,-2.86,-3.));
#2002 = DIRECTION('',(1.,0.,0.));
#2003 = DIRECTION('',(0.,0.,1.));
#2004 = ADVANCED_FACE('',(#2005),#2030,.T.);
#2005 = FACE_BOUND('',#2006,.T.);
#2006 = EDGE_LOOP('',(#2007,#2015,#2023,#2029));
#2007 = ORIENTED_EDGE('',*,*,#2008,.F.);
#2008 = EDGE_CURVE('',#2009,#1246,#2011,.T.);
#2009 = VERTEX_POINT('',#2010);
#2010 = CARTESIAN_POINT('',(0.32,-4.76,-2.84));
#2011 = LINE('',#2012,#2013);
#2012 = CARTESIAN_POINT('',(0.32,-4.76,-3.));
#2013 = VECTOR('',#2014,1.);
#2014 = DIRECTION('',(0.,0.,1.));
#2015 = ORIENTED_EDGE('',*,*,#2016,.F.);
#2016 = EDGE_CURVE('',#2017,#2009,#2019,.T.);
#2017 = VERTEX_POINT('',#2018);
#2018 = CARTESIAN_POINT('',(-0.32,-4.76,-2.84));
#2019 = LINE('',#2020,#2021);
#2020 = CARTESIAN_POINT('',(-0.32,-4.76,-2.84));
#2021 = VECTOR('',#2022,1.);
#2022 = DIRECTION('',(1.,0.,0.));
#2023 = ORIENTED_EDGE('',*,*,#2024,.T.);
#2024 = EDGE_CURVE('',#2017,#1248,#2025,.T.);
#2025 = LINE('',#2026,#2027);
#2026 = CARTESIAN_POINT('',(-0.32,-4.76,-3.));
#2027 = VECTOR('',#2028,1.);
#2028 = DIRECTION('',(0.,0.,1.));
#2029 = ORIENTED_EDGE('',*,*,#1245,.F.);
#2030 = PLANE('',#2031);
#2031 = AXIS2_PLACEMENT_3D('',#2032,#2033,#2034);
#2032 = CARTESIAN_POINT('',(-0.32,-4.76,-3.));
#2033 = DIRECTION('',(0.,1.,0.));
#2034 = DIRECTION('',(0.,-0.,1.));
#2035 = ADVANCED_FACE('',(#2036),#2054,.F.);
#2036 = FACE_BOUND('',#2037,.F.);
#2037 = EDGE_LOOP('',(#2038,#2046,#2052,#2053));
#2038 = ORIENTED_EDGE('',*,*,#2039,.F.);
#2039 = EDGE_CURVE('',#2040,#1264,#2042,.T.);
#2040 = VERTEX_POINT('',#2041);
#2041 = CARTESIAN_POINT('',(-0.32,-5.4,-2.84));
#2042 = LINE('',#2043,#2044);
#2043 = CARTESIAN_POINT('',(-0.32,-5.4,-3.));
#2044 = VECTOR('',#2045,1.);
#2045 = DIRECTION('',(0.,0.,1.));
#2046 = ORIENTED_EDGE('',*,*,#2047,.T.);
#2047 = EDGE_CURVE('',#2040,#2017,#2048,.T.);
#2048 = LINE('',#2049,#2050);
#2049 = CARTESIAN_POINT('',(-0.32,-5.4,-2.84));
#2050 = VECTOR('',#2051,1.);
#2051 = DIRECTION('',(0.,1.,0.));
#2052 = ORIENTED_EDGE('',*,*,#2024,.T.);
#2053 = ORIENTED_EDGE('',*,*,#1271,.F.);
#2054 = PLANE('',#2055);
#2055 = AXIS2_PLACEMENT_3D('',#2056,#2057,#2058);
#2056 = CARTESIAN_POINT('',(-0.32,-5.4,-3.));
#2057 = DIRECTION('',(1.,0.,0.));
#2058 = DIRECTION('',(0.,0.,1.));
#2059 = ADVANCED_FACE('',(#2060),#2078,.F.);
#2060 = FACE_BOUND('',#2061,.F.);
#2061 = EDGE_LOOP('',(#2062,#2070,#2076,#2077));
#2062 = ORIENTED_EDGE('',*,*,#2063,.F.);
#2063 = EDGE_CURVE('',#2064,#1256,#2066,.T.);
#2064 = VERTEX_POINT('',#2065);
#2065 = CARTESIAN_POINT('',(0.32,-5.4,-2.84));
#2066 = LINE('',#2067,#2068);
#2067 = CARTESIAN_POINT('',(0.32,-5.4,-3.));
#2068 = VECTOR('',#2069,1.);
#2069 = DIRECTION('',(0.,0.,1.));
#2070 = ORIENTED_EDGE('',*,*,#2071,.F.);
#2071 = EDGE_CURVE('',#2040,#2064,#2072,.T.);
#2072 = LINE('',#2073,#2074);
#2073 = CARTESIAN_POINT('',(-0.32,-5.4,-2.84));
#2074 = VECTOR('',#2075,1.);
#2075 = DIRECTION('',(1.,0.,0.));
#2076 = ORIENTED_EDGE('',*,*,#2039,.T.);
#2077 = ORIENTED_EDGE('',*,*,#1263,.F.);
#2078 = PLANE('',#2079);
#2079 = AXIS2_PLACEMENT_3D('',#2080,#2081,#2082);
#2080 = CARTESIAN_POINT('',(-0.32,-5.4,-3.));
#2081 = DIRECTION('',(0.,1.,0.));
#2082 = DIRECTION('',(0.,-0.,1.));
#2083 = ADVANCED_FACE('',(#2084),#2095,.T.);
#2084 = FACE_BOUND('',#2085,.T.);
#2085 = EDGE_LOOP('',(#2086,#2087,#2093,#2094));
#2086 = ORIENTED_EDGE('',*,*,#2063,.F.);
#2087 = ORIENTED_EDGE('',*,*,#2088,.T.);
#2088 = EDGE_CURVE('',#2064,#2009,#2089,.T.);
#2089 = LINE('',#2090,#2091);
#2090 = CARTESIAN_POINT('',(0.32,-5.4,-2.84));
#2091 = VECTOR('',#2092,1.);
#2092 = DIRECTION('',(0.,1.,0.));
#2093 = ORIENTED_EDGE('',*,*,#2008,.T.);
#2094 = ORIENTED_EDGE('',*,*,#1255,.F.);
#2095 = PLANE('',#2096);
#2096 = AXIS2_PLACEMENT_3D('',#2097,#2098,#2099);
#2097 = CARTESIAN_POINT('',(0.32,-5.4,-3.));
#2098 = DIRECTION('',(1.,0.,0.));
#2099 = DIRECTION('',(0.,0.,1.));
#2100 = ADVANCED_FACE('',(#2101),#2126,.T.);
#2101 = FACE_BOUND('',#2102,.T.);
#2102 = EDGE_LOOP('',(#2103,#2111,#2112,#2120));
#2103 = ORIENTED_EDGE('',*,*,#2104,.F.);
#2104 = EDGE_CURVE('',#1425,#2105,#2107,.T.);
#2105 = VERTEX_POINT('',#2106);
#2106 = CARTESIAN_POINT('',(0.32,-0.32,8.38));
#2107 = LINE('',#2108,#2109);
#2108 = CARTESIAN_POINT('',(0.32,-0.32,-3.));
#2109 = VECTOR('',#2110,1.);
#2110 = DIRECTION('',(0.,0.,1.));
#2111 = ORIENTED_EDGE('',*,*,#1424,.T.);
#2112 = ORIENTED_EDGE('',*,*,#2113,.T.);
#2113 = EDGE_CURVE('',#1427,#2114,#2116,.T.);
#2114 = VERTEX_POINT('',#2115);
#2115 = CARTESIAN_POINT('',(0.32,0.32,8.38));
#2116 = LINE('',#2117,#2118);
#2117 = CARTESIAN_POINT('',(0.32,0.32,-3.));
#2118 = VECTOR('',#2119,1.);
#2119 = DIRECTION('',(0.,0.,1.));
#2120 = ORIENTED_EDGE('',*,*,#2121,.F.);
#2121 = EDGE_CURVE('',#2105,#2114,#2122,.T.);
#2122 = LINE('',#2123,#2124);
#2123 = CARTESIAN_POINT('',(0.32,-0.32,8.38));
#2124 = VECTOR('',#2125,1.);
#2125 = DIRECTION('',(0.,1.,0.));
#2126 = PLANE('',#2127);
#2127 = AXIS2_PLACEMENT_3D('',#2128,#2129,#2130);
#2128 = CARTESIAN_POINT('',(0.32,-0.32,-3.));
#2129 = DIRECTION('',(1.,0.,0.));
#2130 = DIRECTION('',(0.,0.,1.));
#2131 = ADVANCED_FACE('',(#2132),#2150,.T.);
#2132 = FACE_BOUND('',#2133,.T.);
#2133 = EDGE_LOOP('',(#2134,#2135,#2136,#2144));
#2134 = ORIENTED_EDGE('',*,*,#2113,.F.);
#2135 = ORIENTED_EDGE('',*,*,#1450,.T.);
#2136 = ORIENTED_EDGE('',*,*,#2137,.T.);
#2137 = EDGE_CURVE('',#1443,#2138,#2140,.T.);
#2138 = VERTEX_POINT('',#2139);
#2139 = CARTESIAN_POINT('',(-0.32,0.32,8.38));
#2140 = LINE('',#2141,#2142);
#2141 = CARTESIAN_POINT('',(-0.32,0.32,-3.));
#2142 = VECTOR('',#2143,1.);
#2143 = DIRECTION('',(0.,0.,1.));
#2144 = ORIENTED_EDGE('',*,*,#2145,.T.);
#2145 = EDGE_CURVE('',#2138,#2114,#2146,.T.);
#2146 = LINE('',#2147,#2148);
#2147 = CARTESIAN_POINT('',(-0.32,0.32,8.38));
#2148 = VECTOR('',#2149,1.);
#2149 = DIRECTION('',(1.,0.,0.));
#2150 = PLANE('',#2151);
#2151 = AXIS2_PLACEMENT_3D('',#2152,#2153,#2154);
#2152 = CARTESIAN_POINT('',(-0.32,0.32,-3.));
#2153 = DIRECTION('',(0.,1.,0.));
#2154 = DIRECTION('',(0.,-0.,1.));
#2155 = ADVANCED_FACE('',(#2156),#2174,.F.);
#2156 = FACE_BOUND('',#2157,.F.);
#2157 = EDGE_LOOP('',(#2158,#2166,#2167,#2168));
#2158 = ORIENTED_EDGE('',*,*,#2159,.F.);
#2159 = EDGE_CURVE('',#1435,#2160,#2162,.T.);
#2160 = VERTEX_POINT('',#2161);
#2161 = CARTESIAN_POINT('',(-0.32,-0.32,8.38));
#2162 = LINE('',#2163,#2164);
#2163 = CARTESIAN_POINT('',(-0.32,-0.32,-3.));
#2164 = VECTOR('',#2165,1.);
#2165 = DIRECTION('',(0.,0.,1.));
#2166 = ORIENTED_EDGE('',*,*,#1442,.T.);
#2167 = ORIENTED_EDGE('',*,*,#2137,.T.);
#2168 = ORIENTED_EDGE('',*,*,#2169,.F.);
#2169 = EDGE_CURVE('',#2160,#2138,#2170,.T.);
#2170 = LINE('',#2171,#2172);
#2171 = CARTESIAN_POINT('',(-0.32,-0.32,8.38));
#2172 = VECTOR('',#2173,1.);
#2173 = DIRECTION('',(0.,1.,0.));
#2174 = PLANE('',#2175);
#2175 = AXIS2_PLACEMENT_3D('',#2176,#2177,#2178);
#2176 = CARTESIAN_POINT('',(-0.32,-0.32,-3.));
#2177 = DIRECTION('',(1.,0.,0.));
#2178 = DIRECTION('',(0.,0.,1.));
#2179 = ADVANCED_FACE('',(#2180),#2191,.F.);
#2180 = FACE_BOUND('',#2181,.F.);
#2181 = EDGE_LOOP('',(#2182,#2183,#2184,#2185));
#2182 = ORIENTED_EDGE('',*,*,#2104,.F.);
#2183 = ORIENTED_EDGE('',*,*,#1434,.T.);
#2184 = ORIENTED_EDGE('',*,*,#2159,.T.);
#2185 = ORIENTED_EDGE('',*,*,#2186,.T.);
#2186 = EDGE_CURVE('',#2160,#2105,#2187,.T.);
#2187 = LINE('',#2188,#2189);
#2188 = CARTESIAN_POINT('',(-0.32,-0.32,8.38));
#2189 = VECTOR('',#2190,1.);
#2190 = DIRECTION('',(1.,0.,0.));
#2191 = PLANE('',#2192);
#2192 = AXIS2_PLACEMENT_3D('',#2193,#2194,#2195);
#2193 = CARTESIAN_POINT('',(-0.32,-0.32,-3.));
#2194 = DIRECTION('',(0.,1.,0.));
#2195 = DIRECTION('',(0.,-0.,1.));
#2196 = ADVANCED_FACE('',(#2197),#2222,.F.);
#2197 = FACE_BOUND('',#2198,.F.);
#2198 = EDGE_LOOP('',(#2199,#2207,#2208,#2216));
#2199 = ORIENTED_EDGE('',*,*,#2200,.F.);
#2200 = EDGE_CURVE('',#1459,#2201,#2203,.T.);
#2201 = VERTEX_POINT('',#2202);
#2202 = CARTESIAN_POINT('',(0.32,-2.86,8.38));
#2203 = LINE('',#2204,#2205);
#2204 = CARTESIAN_POINT('',(0.32,-2.86,-3.));
#2205 = VECTOR('',#2206,1.);
#2206 = DIRECTION('',(0.,0.,1.));
#2207 = ORIENTED_EDGE('',*,*,#1458,.T.);
#2208 = ORIENTED_EDGE('',*,*,#2209,.T.);
#2209 = EDGE_CURVE('',#1461,#2210,#2212,.T.);
#2210 = VERTEX_POINT('',#2211);
#2211 = CARTESIAN_POINT('',(-0.32,-2.86,8.38));
#2212 = LINE('',#2213,#2214);
#2213 = CARTESIAN_POINT('',(-0.32,-2.86,-3.));
#2214 = VECTOR('',#2215,1.);
#2215 = DIRECTION('',(0.,0.,1.));
#2216 = ORIENTED_EDGE('',*,*,#2217,.T.);
#2217 = EDGE_CURVE('',#2210,#2201,#2218,.T.);
#2218 = LINE('',#2219,#2220);
#2219 = CARTESIAN_POINT('',(-0.32,-2.86,8.38));
#2220 = VECTOR('',#2221,1.);
#2221 = DIRECTION('',(1.,0.,0.));
#2222 = PLANE('',#2223);
#2223 = AXIS2_PLACEMENT_3D('',#2224,#2225,#2226);
#2224 = CARTESIAN_POINT('',(-0.32,-2.86,-3.));
#2225 = DIRECTION('',(0.,1.,0.));
#2226 = DIRECTION('',(0.,-0.,1.));
#2227 = ADVANCED_FACE('',(#2228),#2246,.T.);
#2228 = FACE_BOUND('',#2229,.T.);
#2229 = EDGE_LOOP('',(#2230,#2231,#2232,#2240));
#2230 = ORIENTED_EDGE('',*,*,#2200,.F.);
#2231 = ORIENTED_EDGE('',*,*,#1484,.T.);
#2232 = ORIENTED_EDGE('',*,*,#2233,.T.);
#2233 = EDGE_CURVE('',#1477,#2234,#2236,.T.);
#2234 = VERTEX_POINT('',#2235);
#2235 = CARTESIAN_POINT('',(0.32,-2.22,8.38));
#2236 = LINE('',#2237,#2238);
#2237 = CARTESIAN_POINT('',(0.32,-2.22,-3.));
#2238 = VECTOR('',#2239,1.);
#2239 = DIRECTION('',(0.,0.,1.));
#2240 = ORIENTED_EDGE('',*,*,#2241,.F.);
#2241 = EDGE_CURVE('',#2201,#2234,#2242,.T.);
#2242 = LINE('',#2243,#2244);
#2243 = CARTESIAN_POINT('',(0.32,-2.86,8.38));
#2244 = VECTOR('',#2245,1.);
#2245 = DIRECTION('',(0.,1.,0.));
#2246 = PLANE('',#2247);
#2247 = AXIS2_PLACEMENT_3D('',#2248,#2249,#2250);
#2248 = CARTESIAN_POINT('',(0.32,-2.86,-3.));
#2249 = DIRECTION('',(1.,0.,0.));
#2250 = DIRECTION('',(0.,0.,1.));
#2251 = ADVANCED_FACE('',(#2252),#2270,.T.);
#2252 = FACE_BOUND('',#2253,.T.);
#2253 = EDGE_LOOP('',(#2254,#2255,#2256,#2264));
#2254 = ORIENTED_EDGE('',*,*,#2233,.F.);
#2255 = ORIENTED_EDGE('',*,*,#1476,.T.);
#2256 = ORIENTED_EDGE('',*,*,#2257,.T.);
#2257 = EDGE_CURVE('',#1469,#2258,#2260,.T.);
#2258 = VERTEX_POINT('',#2259);
#2259 = CARTESIAN_POINT('',(-0.32,-2.22,8.38));
#2260 = LINE('',#2261,#2262);
#2261 = CARTESIAN_POINT('',(-0.32,-2.22,-3.));
#2262 = VECTOR('',#2263,1.);
#2263 = DIRECTION('',(0.,0.,1.));
#2264 = ORIENTED_EDGE('',*,*,#2265,.T.);
#2265 = EDGE_CURVE('',#2258,#2234,#2266,.T.);
#2266 = LINE('',#2267,#2268);
#2267 = CARTESIAN_POINT('',(-0.32,-2.22,8.38));
#2268 = VECTOR('',#2269,1.);
#2269 = DIRECTION('',(1.,0.,0.));
#2270 = PLANE('',#2271);
#2271 = AXIS2_PLACEMENT_3D('',#2272,#2273,#2274);
#2272 = CARTESIAN_POINT('',(-0.32,-2.22,-3.));
#2273 = DIRECTION('',(0.,1.,0.));
#2274 = DIRECTION('',(0.,-0.,1.));
#2275 = ADVANCED_FACE('',(#2276),#2287,.F.);
#2276 = FACE_BOUND('',#2277,.F.);
#2277 = EDGE_LOOP('',(#2278,#2279,#2280,#2281));
#2278 = ORIENTED_EDGE('',*,*,#2209,.F.);
#2279 = ORIENTED_EDGE('',*,*,#1468,.T.);
#2280 = ORIENTED_EDGE('',*,*,#2257,.T.);
#2281 = ORIENTED_EDGE('',*,*,#2282,.F.);
#2282 = EDGE_CURVE('',#2210,#2258,#2283,.T.);
#2283 = LINE('',#2284,#2285);
#2284 = CARTESIAN_POINT('',(-0.32,-2.86,8.38));
#2285 = VECTOR('',#2286,1.);
#2286 = DIRECTION('',(0.,1.,0.));
#2287 = PLANE('',#2288);
#2288 = AXIS2_PLACEMENT_3D('',#2289,#2290,#2291);
#2289 = CARTESIAN_POINT('',(-0.32,-2.86,-3.));
#2290 = DIRECTION('',(1.,0.,0.));
#2291 = DIRECTION('',(0.,0.,1.));
#2292 = ADVANCED_FACE('',(#2293),#2318,.T.);
#2293 = FACE_BOUND('',#2294,.T.);
#2294 = EDGE_LOOP('',(#2295,#2303,#2304,#2312));
#2295 = ORIENTED_EDGE('',*,*,#2296,.F.);
#2296 = EDGE_CURVE('',#1493,#2297,#2299,.T.);
#2297 = VERTEX_POINT('',#2298);
#2298 = CARTESIAN_POINT('',(0.32,-4.76,8.38));
#2299 = LINE('',#2300,#2301);
#2300 = CARTESIAN_POINT('',(0.32,-4.76,-3.));
#2301 = VECTOR('',#2302,1.);
#2302 = DIRECTION('',(0.,0.,1.));
#2303 = ORIENTED_EDGE('',*,*,#1492,.T.);
#2304 = ORIENTED_EDGE('',*,*,#2305,.T.);
#2305 = EDGE_CURVE('',#1495,#2306,#2308,.T.);
#2306 = VERTEX_POINT('',#2307);
#2307 = CARTESIAN_POINT('',(-0.32,-4.76,8.38));
#2308 = LINE('',#2309,#2310);
#2309 = CARTESIAN_POINT('',(-0.32,-4.76,-3.));
#2310 = VECTOR('',#2311,1.);
#2311 = DIRECTION('',(0.,0.,1.));
#2312 = ORIENTED_EDGE('',*,*,#2313,.T.);
#2313 = EDGE_CURVE('',#2306,#2297,#2314,.T.);
#2314 = LINE('',#2315,#2316);
#2315 = CARTESIAN_POINT('',(-0.32,-4.76,8.38));
#2316 = VECTOR('',#2317,1.);
#2317 = DIRECTION('',(1.,0.,0.));
#2318 = PLANE('',#2319);
#2319 = AXIS2_PLACEMENT_3D('',#2320,#2321,#2322);
#2320 = CARTESIAN_POINT('',(-0.32,-4.76,-3.));
#2321 = DIRECTION('',(0.,1.,0.));
#2322 = DIRECTION('',(0.,-0.,1.));
#2323 = ADVANCED_FACE('',(#2324),#2342,.F.);
#2324 = FACE_BOUND('',#2325,.F.);
#2325 = EDGE_LOOP('',(#2326,#2334,#2335,#2336));
#2326 = ORIENTED_EDGE('',*,*,#2327,.F.);
#2327 = EDGE_CURVE('',#1511,#2328,#2330,.T.);
#2328 = VERTEX_POINT('',#2329);
#2329 = CARTESIAN_POINT('',(-0.32,-5.4,8.38));
#2330 = LINE('',#2331,#2332);
#2331 = CARTESIAN_POINT('',(-0.32,-5.4,-3.));
#2332 = VECTOR('',#2333,1.);
#2333 = DIRECTION('',(0.,0.,1.));
#2334 = ORIENTED_EDGE('',*,*,#1518,.T.);
#2335 = ORIENTED_EDGE('',*,*,#2305,.T.);
#2336 = ORIENTED_EDGE('',*,*,#2337,.F.);
#2337 = EDGE_CURVE('',#2328,#2306,#2338,.T.);
#2338 = LINE('',#2339,#2340);
#2339 = CARTESIAN_POINT('',(-0.32,-5.4,8.38));
#2340 = VECTOR('',#2341,1.);
#2341 = DIRECTION('',(0.,1.,0.));
#2342 = PLANE('',#2343);
#2343 = AXIS2_PLACEMENT_3D('',#2344,#2345,#2346);
#2344 = CARTESIAN_POINT('',(-0.32,-5.4,-3.));
#2345 = DIRECTION('',(1.,0.,0.));
#2346 = DIRECTION('',(0.,0.,1.));
#2347 = ADVANCED_FACE('',(#2348),#2366,.F.);
#2348 = FACE_BOUND('',#2349,.F.);
#2349 = EDGE_LOOP('',(#2350,#2358,#2359,#2360));
#2350 = ORIENTED_EDGE('',*,*,#2351,.F.);
#2351 = EDGE_CURVE('',#1503,#2352,#2354,.T.);
#2352 = VERTEX_POINT('',#2353);
#2353 = CARTESIAN_POINT('',(0.32,-5.4,8.38));
#2354 = LINE('',#2355,#2356);
#2355 = CARTESIAN_POINT('',(0.32,-5.4,-3.));
#2356 = VECTOR('',#2357,1.);
#2357 = DIRECTION('',(0.,0.,1.));
#2358 = ORIENTED_EDGE('',*,*,#1510,.T.);
#2359 = ORIENTED_EDGE('',*,*,#2327,.T.);
#2360 = ORIENTED_EDGE('',*,*,#2361,.T.);
#2361 = EDGE_CURVE('',#2328,#2352,#2362,.T.);
#2362 = LINE('',#2363,#2364);
#2363 = CARTESIAN_POINT('',(-0.32,-5.4,8.38));
#2364 = VECTOR('',#2365,1.);
#2365 = DIRECTION('',(1.,0.,0.));
#2366 = PLANE('',#2367);
#2367 = AXIS2_PLACEMENT_3D('',#2368,#2369,#2370);
#2368 = CARTESIAN_POINT('',(-0.32,-5.4,-3.));
#2369 = DIRECTION('',(0.,1.,0.));
#2370 = DIRECTION('',(0.,-0.,1.));
#2371 = ADVANCED_FACE('',(#2372),#2383,.T.);
#2372 = FACE_BOUND('',#2373,.T.);
#2373 = EDGE_LOOP('',(#2374,#2375,#2376,#2377));
#2374 = ORIENTED_EDGE('',*,*,#2351,.F.);
#2375 = ORIENTED_EDGE('',*,*,#1502,.T.);
#2376 = ORIENTED_EDGE('',*,*,#2296,.T.);
#2377 = ORIENTED_EDGE('',*,*,#2378,.F.);
#2378 = EDGE_CURVE('',#2352,#2297,#2379,.T.);
#2379 = LINE('',#2380,#2381);
#2380 = CARTESIAN_POINT('',(0.32,-5.4,8.38));
#2381 = VECTOR('',#2382,1.);
#2382 = DIRECTION('',(0.,1.,0.));
#2383 = PLANE('',#2384);
#2384 = AXIS2_PLACEMENT_3D('',#2385,#2386,#2387);
#2385 = CARTESIAN_POINT('',(0.32,-5.4,-3.));
#2386 = DIRECTION('',(1.,0.,0.));
#2387 = DIRECTION('',(0.,0.,1.));
#2388 = ADVANCED_FACE('',(#2389),#2414,.F.);
#2389 = FACE_BOUND('',#2390,.F.);
#2390 = EDGE_LOOP('',(#2391,#2399,#2400,#2408));
#2391 = ORIENTED_EDGE('',*,*,#2392,.F.);
#2392 = EDGE_CURVE('',#1817,#2393,#2395,.T.);
#2393 = VERTEX_POINT('',#2394);
#2394 = CARTESIAN_POINT('',(0.16,-0.16,-3.));
#2395 = LINE('',#2396,#2397);
#2396 = CARTESIAN_POINT('',(0.16,-0.16,-3.));
#2397 = VECTOR('',#2398,1.);
#2398 = DIRECTION('',(-0.57735026919,0.57735026919,-0.57735026919));
#2399 = ORIENTED_EDGE('',*,*,#1824,.T.);
#2400 = ORIENTED_EDGE('',*,*,#2401,.T.);
#2401 = EDGE_CURVE('',#1825,#2402,#2404,.T.);
#2402 = VERTEX_POINT('',#2403);
#2403 = CARTESIAN_POINT('',(0.16,0.16,-3.));
#2404 = LINE('',#2405,#2406);
#2405 = CARTESIAN_POINT('',(5.333333333333E-02,5.333333333333E-02,
    -3.106666666667));
#2406 = VECTOR('',#2407,1.);
#2407 = DIRECTION('',(-0.57735026919,-0.57735026919,-0.57735026919));
#2408 = ORIENTED_EDGE('',*,*,#2409,.F.);
#2409 = EDGE_CURVE('',#2393,#2402,#2410,.T.);
#2410 = LINE('',#2411,#2412);
#2411 = CARTESIAN_POINT('',(0.16,-0.32,-3.));
#2412 = VECTOR('',#2413,1.);
#2413 = DIRECTION('',(0.,1.,0.));
#2414 = PLANE('',#2415);
#2415 = AXIS2_PLACEMENT_3D('',#2416,#2417,#2418);
#2416 = CARTESIAN_POINT('',(0.24,-0.32,-2.92));
#2417 = DIRECTION('',(-0.707106781187,1.735167508357E-18,0.707106781187)
  );
#2418 = DIRECTION('',(1.226948711654E-18,1.,-1.226948711654E-18));
#2419 = ADVANCED_FACE('',(#2420),#2438,.F.);
#2420 = FACE_BOUND('',#2421,.T.);
#2421 = EDGE_LOOP('',(#2422,#2430,#2431,#2432));
#2422 = ORIENTED_EDGE('',*,*,#2423,.F.);
#2423 = EDGE_CURVE('',#1849,#2424,#2426,.T.);
#2424 = VERTEX_POINT('',#2425);
#2425 = CARTESIAN_POINT('',(-0.16,0.16,-3.));
#2426 = LINE('',#2427,#2428);
#2427 = CARTESIAN_POINT('',(-0.16,0.16,-3.));
#2428 = VECTOR('',#2429,1.);
#2429 = DIRECTION('',(0.57735026919,-0.57735026919,-0.57735026919));
#2430 = ORIENTED_EDGE('',*,*,#1848,.T.);
#2431 = ORIENTED_EDGE('',*,*,#2401,.T.);
#2432 = ORIENTED_EDGE('',*,*,#2433,.F.);
#2433 = EDGE_CURVE('',#2424,#2402,#2434,.T.);
#2434 = LINE('',#2435,#2436);
#2435 = CARTESIAN_POINT('',(-0.32,0.16,-3.));
#2436 = VECTOR('',#2437,1.);
#2437 = DIRECTION('',(1.,0.,0.));
#2438 = PLANE('',#2439);
#2439 = AXIS2_PLACEMENT_3D('',#2440,#2441,#2442);
#2440 = CARTESIAN_POINT('',(-0.32,0.24,-2.92));
#2441 = DIRECTION('',(-1.735167508357E-18,-0.707106781187,0.707106781187
    ));
#2442 = DIRECTION('',(-1.,1.226948711654E-18,-1.226948711654E-18));
#2443 = ADVANCED_FACE('',(#2444),#2462,.T.);
#2444 = FACE_BOUND('',#2445,.T.);
#2445 = EDGE_LOOP('',(#2446,#2454,#2455,#2456));
#2446 = ORIENTED_EDGE('',*,*,#2447,.F.);
#2447 = EDGE_CURVE('',#1872,#2448,#2450,.T.);
#2448 = VERTEX_POINT('',#2449);
#2449 = CARTESIAN_POINT('',(-0.16,-0.16,-3.));
#2450 = LINE('',#2451,#2452);
#2451 = CARTESIAN_POINT('',(-0.266666666667,-0.266666666667,
    -2.893333333333));
#2452 = VECTOR('',#2453,1.);
#2453 = DIRECTION('',(0.57735026919,0.57735026919,-0.57735026919));
#2454 = ORIENTED_EDGE('',*,*,#1879,.T.);
#2455 = ORIENTED_EDGE('',*,*,#2423,.T.);
#2456 = ORIENTED_EDGE('',*,*,#2457,.F.);
#2457 = EDGE_CURVE('',#2448,#2424,#2458,.T.);
#2458 = LINE('',#2459,#2460);
#2459 = CARTESIAN_POINT('',(-0.16,-0.32,-3.));
#2460 = VECTOR('',#2461,1.);
#2461 = DIRECTION('',(0.,1.,0.));
#2462 = PLANE('',#2463);
#2463 = AXIS2_PLACEMENT_3D('',#2464,#2465,#2466);
#2464 = CARTESIAN_POINT('',(-0.24,-0.32,-2.92));
#2465 = DIRECTION('',(-0.707106781187,-1.735167508357E-18,
    -0.707106781187));
#2466 = DIRECTION('',(-1.226948711654E-18,1.,-1.226948711654E-18));
#2467 = ADVANCED_FACE('',(#2468),#2479,.T.);
#2468 = FACE_BOUND('',#2469,.F.);
#2469 = EDGE_LOOP('',(#2470,#2471,#2472,#2473));
#2470 = ORIENTED_EDGE('',*,*,#2447,.F.);
#2471 = ORIENTED_EDGE('',*,*,#1896,.T.);
#2472 = ORIENTED_EDGE('',*,*,#2392,.T.);
#2473 = ORIENTED_EDGE('',*,*,#2474,.F.);
#2474 = EDGE_CURVE('',#2448,#2393,#2475,.T.);
#2475 = LINE('',#2476,#2477);
#2476 = CARTESIAN_POINT('',(-0.32,-0.16,-3.));
#2477 = VECTOR('',#2478,1.);
#2478 = DIRECTION('',(1.,0.,0.));
#2479 = PLANE('',#2480);
#2480 = AXIS2_PLACEMENT_3D('',#2481,#2482,#2483);
#2481 = CARTESIAN_POINT('',(-0.32,-0.24,-2.92));
#2482 = DIRECTION('',(1.735167508357E-18,-0.707106781187,-0.707106781187
    ));
#2483 = DIRECTION('',(-1.,-1.226948711654E-18,-1.226948711654E-18));
#2484 = ADVANCED_FACE('',(#2485),#2510,.T.);
#2485 = FACE_BOUND('',#2486,.F.);
#2486 = EDGE_LOOP('',(#2487,#2495,#2496,#2504));
#2487 = ORIENTED_EDGE('',*,*,#2488,.F.);
#2488 = EDGE_CURVE('',#1921,#2489,#2491,.T.);
#2489 = VERTEX_POINT('',#2490);
#2490 = CARTESIAN_POINT('',(-0.16,-2.7,-3.));
#2491 = LINE('',#2492,#2493);
#2492 = CARTESIAN_POINT('',(-0.266666666667,-2.806666666667,
    -2.893333333333));
#2493 = VECTOR('',#2494,1.);
#2494 = DIRECTION('',(0.57735026919,0.57735026919,-0.57735026919));
#2495 = ORIENTED_EDGE('',*,*,#1920,.T.);
#2496 = ORIENTED_EDGE('',*,*,#2497,.T.);
#2497 = EDGE_CURVE('',#1913,#2498,#2500,.T.);
#2498 = VERTEX_POINT('',#2499);
#2499 = CARTESIAN_POINT('',(0.16,-2.7,-3.));
#2500 = LINE('',#2501,#2502);
#2501 = CARTESIAN_POINT('',(0.16,-2.7,-3.));
#2502 = VECTOR('',#2503,1.);
#2503 = DIRECTION('',(-0.57735026919,0.57735026919,-0.57735026919));
#2504 = ORIENTED_EDGE('',*,*,#2505,.F.);
#2505 = EDGE_CURVE('',#2489,#2498,#2506,.T.);
#2506 = LINE('',#2507,#2508);
#2507 = CARTESIAN_POINT('',(-0.32,-2.7,-3.));
#2508 = VECTOR('',#2509,1.);
#2509 = DIRECTION('',(1.,0.,0.));
#2510 = PLANE('',#2511);
#2511 = AXIS2_PLACEMENT_3D('',#2512,#2513,#2514);
#2512 = CARTESIAN_POINT('',(-0.32,-2.78,-2.92));
#2513 = DIRECTION('',(1.735167508357E-18,-0.707106781187,-0.707106781187
    ));
#2514 = DIRECTION('',(-1.,-1.226948711654E-18,-1.226948711654E-18));
#2515 = ADVANCED_FACE('',(#2516),#2534,.F.);
#2516 = FACE_BOUND('',#2517,.F.);
#2517 = EDGE_LOOP('',(#2518,#2519,#2520,#2528));
#2518 = ORIENTED_EDGE('',*,*,#2497,.F.);
#2519 = ORIENTED_EDGE('',*,*,#1944,.T.);
#2520 = ORIENTED_EDGE('',*,*,#2521,.T.);
#2521 = EDGE_CURVE('',#1945,#2522,#2524,.T.);
#2522 = VERTEX_POINT('',#2523);
#2523 = CARTESIAN_POINT('',(0.16,-2.38,-3.));
#2524 = LINE('',#2525,#2526);
#2525 = CARTESIAN_POINT('',(5.333333333333E-02,-2.486666666667,
    -3.106666666667));
#2526 = VECTOR('',#2527,1.);
#2527 = DIRECTION('',(-0.57735026919,-0.57735026919,-0.57735026919));
#2528 = ORIENTED_EDGE('',*,*,#2529,.F.);
#2529 = EDGE_CURVE('',#2498,#2522,#2530,.T.);
#2530 = LINE('',#2531,#2532);
#2531 = CARTESIAN_POINT('',(0.16,-2.86,-3.));
#2532 = VECTOR('',#2533,1.);
#2533 = DIRECTION('',(0.,1.,0.));
#2534 = PLANE('',#2535);
#2535 = AXIS2_PLACEMENT_3D('',#2536,#2537,#2538);
#2536 = CARTESIAN_POINT('',(0.24,-2.86,-2.92));
#2537 = DIRECTION('',(-0.707106781187,1.735167508357E-18,0.707106781187)
  );
#2538 = DIRECTION('',(1.226948711654E-18,1.,-1.226948711654E-18));
#2539 = ADVANCED_FACE('',(#2540),#2558,.F.);
#2540 = FACE_BOUND('',#2541,.T.);
#2541 = EDGE_LOOP('',(#2542,#2550,#2551,#2552));
#2542 = ORIENTED_EDGE('',*,*,#2543,.F.);
#2543 = EDGE_CURVE('',#1969,#2544,#2546,.T.);
#2544 = VERTEX_POINT('',#2545);
#2545 = CARTESIAN_POINT('',(-0.16,-2.38,-3.));
#2546 = LINE('',#2547,#2548);
#2547 = CARTESIAN_POINT('',(-0.16,-2.38,-3.));
#2548 = VECTOR('',#2549,1.);
#2549 = DIRECTION('',(0.57735026919,-0.57735026919,-0.57735026919));
#2550 = ORIENTED_EDGE('',*,*,#1968,.T.);
#2551 = ORIENTED_EDGE('',*,*,#2521,.T.);
#2552 = ORIENTED_EDGE('',*,*,#2553,.F.);
#2553 = EDGE_CURVE('',#2544,#2522,#2554,.T.);
#2554 = LINE('',#2555,#2556);
#2555 = CARTESIAN_POINT('',(-0.32,-2.38,-3.));
#2556 = VECTOR('',#2557,1.);
#2557 = DIRECTION('',(1.,0.,0.));
#2558 = PLANE('',#2559);
#2559 = AXIS2_PLACEMENT_3D('',#2560,#2561,#2562);
#2560 = CARTESIAN_POINT('',(-0.32,-2.3,-2.92));
#2561 = DIRECTION('',(-1.735167508357E-18,-0.707106781187,0.707106781187
    ));
#2562 = DIRECTION('',(-1.,1.226948711654E-18,-1.226948711654E-18));
#2563 = ADVANCED_FACE('',(#2564),#2575,.T.);
#2564 = FACE_BOUND('',#2565,.T.);
#2565 = EDGE_LOOP('',(#2566,#2567,#2568,#2569));
#2566 = ORIENTED_EDGE('',*,*,#2488,.F.);
#2567 = ORIENTED_EDGE('',*,*,#1992,.T.);
#2568 = ORIENTED_EDGE('',*,*,#2543,.T.);
#2569 = ORIENTED_EDGE('',*,*,#2570,.F.);
#2570 = EDGE_CURVE('',#2489,#2544,#2571,.T.);
#2571 = LINE('',#2572,#2573);
#2572 = CARTESIAN_POINT('',(-0.16,-2.86,-3.));
#2573 = VECTOR('',#2574,1.);
#2574 = DIRECTION('',(0.,1.,0.));
#2575 = PLANE('',#2576);
#2576 = AXIS2_PLACEMENT_3D('',#2577,#2578,#2579);
#2577 = CARTESIAN_POINT('',(-0.24,-2.86,-2.92));
#2578 = DIRECTION('',(-0.707106781187,-1.735167508357E-18,
    -0.707106781187));
#2579 = DIRECTION('',(-1.226948711654E-18,1.,-1.226948711654E-18));
#2580 = ADVANCED_FACE('',(#2581),#2606,.F.);
#2581 = FACE_BOUND('',#2582,.T.);
#2582 = EDGE_LOOP('',(#2583,#2591,#2592,#2600));
#2583 = ORIENTED_EDGE('',*,*,#2584,.F.);
#2584 = EDGE_CURVE('',#2017,#2585,#2587,.T.);
#2585 = VERTEX_POINT('',#2586);
#2586 = CARTESIAN_POINT('',(-0.16,-4.92,-3.));
#2587 = LINE('',#2588,#2589);
#2588 = CARTESIAN_POINT('',(-0.16,-4.92,-3.));
#2589 = VECTOR('',#2590,1.);
#2590 = DIRECTION('',(0.57735026919,-0.57735026919,-0.57735026919));
#2591 = ORIENTED_EDGE('',*,*,#2016,.T.);
#2592 = ORIENTED_EDGE('',*,*,#2593,.T.);
#2593 = EDGE_CURVE('',#2009,#2594,#2596,.T.);
#2594 = VERTEX_POINT('',#2595);
#2595 = CARTESIAN_POINT('',(0.16,-4.92,-3.));
#2596 = LINE('',#2597,#2598);
#2597 = CARTESIAN_POINT('',(5.333333333333E-02,-5.026666666667,
    -3.106666666667));
#2598 = VECTOR('',#2599,1.);
#2599 = DIRECTION('',(-0.57735026919,-0.57735026919,-0.57735026919));
#2600 = ORIENTED_EDGE('',*,*,#2601,.F.);
#2601 = EDGE_CURVE('',#2585,#2594,#2602,.T.);
#2602 = LINE('',#2603,#2604);
#2603 = CARTESIAN_POINT('',(-0.32,-4.92,-3.));
#2604 = VECTOR('',#2605,1.);
#2605 = DIRECTION('',(1.,0.,0.));
#2606 = PLANE('',#2607);
#2607 = AXIS2_PLACEMENT_3D('',#2608,#2609,#2610);
#2608 = CARTESIAN_POINT('',(-0.32,-4.84,-2.92));
#2609 = DIRECTION('',(-1.735167508357E-18,-0.707106781187,0.707106781187
    ));
#2610 = DIRECTION('',(-1.,1.226948711654E-18,-1.226948711654E-18));
#2611 = ADVANCED_FACE('',(#2612),#2630,.T.);
#2612 = FACE_BOUND('',#2613,.T.);
#2613 = EDGE_LOOP('',(#2614,#2622,#2623,#2624));
#2614 = ORIENTED_EDGE('',*,*,#2615,.F.);
#2615 = EDGE_CURVE('',#2040,#2616,#2618,.T.);
#2616 = VERTEX_POINT('',#2617);
#2617 = CARTESIAN_POINT('',(-0.16,-5.24,-3.));
#2618 = LINE('',#2619,#2620);
#2619 = CARTESIAN_POINT('',(-0.266666666667,-5.346666666667,
    -2.893333333333));
#2620 = VECTOR('',#2621,1.);
#2621 = DIRECTION('',(0.57735026919,0.57735026919,-0.57735026919));
#2622 = ORIENTED_EDGE('',*,*,#2047,.T.);
#2623 = ORIENTED_EDGE('',*,*,#2584,.T.);
#2624 = ORIENTED_EDGE('',*,*,#2625,.F.);
#2625 = EDGE_CURVE('',#2616,#2585,#2626,.T.);
#2626 = LINE('',#2627,#2628);
#2627 = CARTESIAN_POINT('',(-0.16,-5.4,-3.));
#2628 = VECTOR('',#2629,1.);
#2629 = DIRECTION('',(0.,1.,0.));
#2630 = PLANE('',#2631);
#2631 = AXIS2_PLACEMENT_3D('',#2632,#2633,#2634);
#2632 = CARTESIAN_POINT('',(-0.24,-5.4,-2.92));
#2633 = DIRECTION('',(-0.707106781187,-1.735167508357E-18,
    -0.707106781187));
#2634 = DIRECTION('',(-1.226948711654E-18,1.,-1.226948711654E-18));
#2635 = ADVANCED_FACE('',(#2636),#2654,.T.);
#2636 = FACE_BOUND('',#2637,.F.);
#2637 = EDGE_LOOP('',(#2638,#2639,#2640,#2648));
#2638 = ORIENTED_EDGE('',*,*,#2615,.F.);
#2639 = ORIENTED_EDGE('',*,*,#2071,.T.);
#2640 = ORIENTED_EDGE('',*,*,#2641,.T.);
#2641 = EDGE_CURVE('',#2064,#2642,#2644,.T.);
#2642 = VERTEX_POINT('',#2643);
#2643 = CARTESIAN_POINT('',(0.16,-5.24,-3.));
#2644 = LINE('',#2645,#2646);
#2645 = CARTESIAN_POINT('',(0.16,-5.24,-3.));
#2646 = VECTOR('',#2647,1.);
#2647 = DIRECTION('',(-0.57735026919,0.57735026919,-0.57735026919));
#2648 = ORIENTED_EDGE('',*,*,#2649,.F.);
#2649 = EDGE_CURVE('',#2616,#2642,#2650,.T.);
#2650 = LINE('',#2651,#2652);
#2651 = CARTESIAN_POINT('',(-0.32,-5.24,-3.));
#2652 = VECTOR('',#2653,1.);
#2653 = DIRECTION('',(1.,0.,0.));
#2654 = PLANE('',#2655);
#2655 = AXIS2_PLACEMENT_3D('',#2656,#2657,#2658);
#2656 = CARTESIAN_POINT('',(-0.32,-5.32,-2.92));
#2657 = DIRECTION('',(1.735167508357E-18,-0.707106781187,-0.707106781187
    ));
#2658 = DIRECTION('',(-1.,-1.226948711654E-18,-1.226948711654E-18));
#2659 = ADVANCED_FACE('',(#2660),#2671,.F.);
#2660 = FACE_BOUND('',#2661,.F.);
#2661 = EDGE_LOOP('',(#2662,#2663,#2664,#2665));
#2662 = ORIENTED_EDGE('',*,*,#2641,.F.);
#2663 = ORIENTED_EDGE('',*,*,#2088,.T.);
#2664 = ORIENTED_EDGE('',*,*,#2593,.T.);
#2665 = ORIENTED_EDGE('',*,*,#2666,.F.);
#2666 = EDGE_CURVE('',#2642,#2594,#2667,.T.);
#2667 = LINE('',#2668,#2669);
#2668 = CARTESIAN_POINT('',(0.16,-5.4,-3.));
#2669 = VECTOR('',#2670,1.);
#2670 = DIRECTION('',(0.,1.,0.));
#2671 = PLANE('',#2672);
#2672 = AXIS2_PLACEMENT_3D('',#2673,#2674,#2675);
#2673 = CARTESIAN_POINT('',(0.24,-5.4,-2.92));
#2674 = DIRECTION('',(-0.707106781187,1.735167508357E-18,0.707106781187)
  );
#2675 = DIRECTION('',(1.226948711654E-18,1.,-1.226948711654E-18));
#2676 = ADVANCED_FACE('',(#2677),#2702,.T.);
#2677 = FACE_BOUND('',#2678,.T.);
#2678 = EDGE_LOOP('',(#2679,#2687,#2688,#2696));
#2679 = ORIENTED_EDGE('',*,*,#2680,.F.);
#2680 = EDGE_CURVE('',#2105,#2681,#2683,.T.);
#2681 = VERTEX_POINT('',#2682);
#2682 = CARTESIAN_POINT('',(0.16,-0.16,8.54));
#2683 = LINE('',#2684,#2685);
#2684 = CARTESIAN_POINT('',(0.16,-0.16,8.54));
#2685 = VECTOR('',#2686,1.);
#2686 = DIRECTION('',(-0.57735026919,0.57735026919,0.57735026919));
#2687 = ORIENTED_EDGE('',*,*,#2121,.T.);
#2688 = ORIENTED_EDGE('',*,*,#2689,.T.);
#2689 = EDGE_CURVE('',#2114,#2690,#2692,.T.);
#2690 = VERTEX_POINT('',#2691);
#2691 = CARTESIAN_POINT('',(0.16,0.16,8.54));
#2692 = LINE('',#2693,#2694);
#2693 = CARTESIAN_POINT('',(5.333333333333E-02,5.333333333333E-02,
    8.646666666667));
#2694 = VECTOR('',#2695,1.);
#2695 = DIRECTION('',(-0.57735026919,-0.57735026919,0.57735026919));
#2696 = ORIENTED_EDGE('',*,*,#2697,.F.);
#2697 = EDGE_CURVE('',#2681,#2690,#2698,.T.);
#2698 = LINE('',#2699,#2700);
#2699 = CARTESIAN_POINT('',(0.16,-0.32,8.54));
#2700 = VECTOR('',#2701,1.);
#2701 = DIRECTION('',(0.,1.,0.));
#2702 = PLANE('',#2703);
#2703 = AXIS2_PLACEMENT_3D('',#2704,#2705,#2706);
#2704 = CARTESIAN_POINT('',(0.24,-0.32,8.46));
#2705 = DIRECTION('',(0.707106781187,-1.735167508357E-18,0.707106781187)
  );
#2706 = DIRECTION('',(1.226948711654E-18,1.,1.226948711654E-18));
#2707 = ADVANCED_FACE('',(#2708),#2726,.T.);
#2708 = FACE_BOUND('',#2709,.F.);
#2709 = EDGE_LOOP('',(#2710,#2718,#2719,#2720));
#2710 = ORIENTED_EDGE('',*,*,#2711,.F.);
#2711 = EDGE_CURVE('',#2138,#2712,#2714,.T.);
#2712 = VERTEX_POINT('',#2713);
#2713 = CARTESIAN_POINT('',(-0.16,0.16,8.54));
#2714 = LINE('',#2715,#2716);
#2715 = CARTESIAN_POINT('',(-0.16,0.16,8.54));
#2716 = VECTOR('',#2717,1.);
#2717 = DIRECTION('',(0.57735026919,-0.57735026919,0.57735026919));
#2718 = ORIENTED_EDGE('',*,*,#2145,.T.);
#2719 = ORIENTED_EDGE('',*,*,#2689,.T.);
#2720 = ORIENTED_EDGE('',*,*,#2721,.F.);
#2721 = EDGE_CURVE('',#2712,#2690,#2722,.T.);
#2722 = LINE('',#2723,#2724);
#2723 = CARTESIAN_POINT('',(-0.32,0.16,8.54));
#2724 = VECTOR('',#2725,1.);
#2725 = DIRECTION('',(1.,0.,0.));
#2726 = PLANE('',#2727);
#2727 = AXIS2_PLACEMENT_3D('',#2728,#2729,#2730);
#2728 = CARTESIAN_POINT('',(-0.32,0.24,8.46));
#2729 = DIRECTION('',(1.735167508357E-18,0.707106781187,0.707106781187)
  );
#2730 = DIRECTION('',(-1.,1.226948711654E-18,1.226948711654E-18));
#2731 = ADVANCED_FACE('',(#2732),#2750,.F.);
#2732 = FACE_BOUND('',#2733,.F.);
#2733 = EDGE_LOOP('',(#2734,#2742,#2743,#2744));
#2734 = ORIENTED_EDGE('',*,*,#2735,.F.);
#2735 = EDGE_CURVE('',#2160,#2736,#2738,.T.);
#2736 = VERTEX_POINT('',#2737);
#2737 = CARTESIAN_POINT('',(-0.16,-0.16,8.54));
#2738 = LINE('',#2739,#2740);
#2739 = CARTESIAN_POINT('',(-0.266666666667,-0.266666666667,
    8.433333333333));
#2740 = VECTOR('',#2741,1.);
#2741 = DIRECTION('',(0.57735026919,0.57735026919,0.57735026919));
#2742 = ORIENTED_EDGE('',*,*,#2169,.T.);
#2743 = ORIENTED_EDGE('',*,*,#2711,.T.);
#2744 = ORIENTED_EDGE('',*,*,#2745,.F.);
#2745 = EDGE_CURVE('',#2736,#2712,#2746,.T.);
#2746 = LINE('',#2747,#2748);
#2747 = CARTESIAN_POINT('',(-0.16,-0.32,8.54));
#2748 = VECTOR('',#2749,1.);
#2749 = DIRECTION('',(0.,1.,0.));
#2750 = PLANE('',#2751);
#2751 = AXIS2_PLACEMENT_3D('',#2752,#2753,#2754);
#2752 = CARTESIAN_POINT('',(-0.24,-0.32,8.46));
#2753 = DIRECTION('',(0.707106781187,1.735167508357E-18,-0.707106781187)
  );
#2754 = DIRECTION('',(-1.226948711654E-18,1.,1.226948711654E-18));
#2755 = ADVANCED_FACE('',(#2756),#2767,.F.);
#2756 = FACE_BOUND('',#2757,.T.);
#2757 = EDGE_LOOP('',(#2758,#2759,#2760,#2761));
#2758 = ORIENTED_EDGE('',*,*,#2735,.F.);
#2759 = ORIENTED_EDGE('',*,*,#2186,.T.);
#2760 = ORIENTED_EDGE('',*,*,#2680,.T.);
#2761 = ORIENTED_EDGE('',*,*,#2762,.F.);
#2762 = EDGE_CURVE('',#2736,#2681,#2763,.T.);
#2763 = LINE('',#2764,#2765);
#2764 = CARTESIAN_POINT('',(-0.32,-0.16,8.54));
#2765 = VECTOR('',#2766,1.);
#2766 = DIRECTION('',(1.,0.,0.));
#2767 = PLANE('',#2768);
#2768 = AXIS2_PLACEMENT_3D('',#2769,#2770,#2771);
#2769 = CARTESIAN_POINT('',(-0.32,-0.24,8.46));
#2770 = DIRECTION('',(-1.735167508357E-18,0.707106781187,-0.707106781187
    ));
#2771 = DIRECTION('',(-1.,-1.226948711654E-18,1.226948711654E-18));
#2772 = ADVANCED_FACE('',(#2773),#2798,.F.);
#2773 = FACE_BOUND('',#2774,.T.);
#2774 = EDGE_LOOP('',(#2775,#2783,#2784,#2792));
#2775 = ORIENTED_EDGE('',*,*,#2776,.F.);
#2776 = EDGE_CURVE('',#2210,#2777,#2779,.T.);
#2777 = VERTEX_POINT('',#2778);
#2778 = CARTESIAN_POINT('',(-0.16,-2.7,8.54));
#2779 = LINE('',#2780,#2781);
#2780 = CARTESIAN_POINT('',(-0.266666666667,-2.806666666667,
    8.433333333333));
#2781 = VECTOR('',#2782,1.);
#2782 = DIRECTION('',(0.57735026919,0.57735026919,0.57735026919));
#2783 = ORIENTED_EDGE('',*,*,#2217,.T.);
#2784 = ORIENTED_EDGE('',*,*,#2785,.T.);
#2785 = EDGE_CURVE('',#2201,#2786,#2788,.T.);
#2786 = VERTEX_POINT('',#2787);
#2787 = CARTESIAN_POINT('',(0.16,-2.7,8.54));
#2788 = LINE('',#2789,#2790);
#2789 = CARTESIAN_POINT('',(0.16,-2.7,8.54));
#2790 = VECTOR('',#2791,1.);
#2791 = DIRECTION('',(-0.57735026919,0.57735026919,0.57735026919));
#2792 = ORIENTED_EDGE('',*,*,#2793,.F.);
#2793 = EDGE_CURVE('',#2777,#2786,#2794,.T.);
#2794 = LINE('',#2795,#2796);
#2795 = CARTESIAN_POINT('',(-0.32,-2.7,8.54));
#2796 = VECTOR('',#2797,1.);
#2797 = DIRECTION('',(1.,0.,0.));
#2798 = PLANE('',#2799);
#2799 = AXIS2_PLACEMENT_3D('',#2800,#2801,#2802);
#2800 = CARTESIAN_POINT('',(-0.32,-2.78,8.46));
#2801 = DIRECTION('',(-1.735167508357E-18,0.707106781187,-0.707106781187
    ));
#2802 = DIRECTION('',(-1.,-1.226948711654E-18,1.226948711654E-18));
#2803 = ADVANCED_FACE('',(#2804),#2822,.T.);
#2804 = FACE_BOUND('',#2805,.T.);
#2805 = EDGE_LOOP('',(#2806,#2807,#2808,#2816));
#2806 = ORIENTED_EDGE('',*,*,#2785,.F.);
#2807 = ORIENTED_EDGE('',*,*,#2241,.T.);
#2808 = ORIENTED_EDGE('',*,*,#2809,.T.);
#2809 = EDGE_CURVE('',#2234,#2810,#2812,.T.);
#2810 = VERTEX_POINT('',#2811);
#2811 = CARTESIAN_POINT('',(0.16,-2.38,8.54));
#2812 = LINE('',#2813,#2814);
#2813 = CARTESIAN_POINT('',(5.333333333333E-02,-2.486666666667,
    8.646666666667));
#2814 = VECTOR('',#2815,1.);
#2815 = DIRECTION('',(-0.57735026919,-0.57735026919,0.57735026919));
#2816 = ORIENTED_EDGE('',*,*,#2817,.F.);
#2817 = EDGE_CURVE('',#2786,#2810,#2818,.T.);
#2818 = LINE('',#2819,#2820);
#2819 = CARTESIAN_POINT('',(0.16,-2.86,8.54));
#2820 = VECTOR('',#2821,1.);
#2821 = DIRECTION('',(0.,1.,0.));
#2822 = PLANE('',#2823);
#2823 = AXIS2_PLACEMENT_3D('',#2824,#2825,#2826);
#2824 = CARTESIAN_POINT('',(0.24,-2.86,8.46));
#2825 = DIRECTION('',(0.707106781187,-1.735167508357E-18,0.707106781187)
  );
#2826 = DIRECTION('',(1.226948711654E-18,1.,1.226948711654E-18));
#2827 = ADVANCED_FACE('',(#2828),#2846,.T.);
#2828 = FACE_BOUND('',#2829,.F.);
#2829 = EDGE_LOOP('',(#2830,#2838,#2839,#2840));
#2830 = ORIENTED_EDGE('',*,*,#2831,.F.);
#2831 = EDGE_CURVE('',#2258,#2832,#2834,.T.);
#2832 = VERTEX_POINT('',#2833);
#2833 = CARTESIAN_POINT('',(-0.16,-2.38,8.54));
#2834 = LINE('',#2835,#2836);
#2835 = CARTESIAN_POINT('',(-0.16,-2.38,8.54));
#2836 = VECTOR('',#2837,1.);
#2837 = DIRECTION('',(0.57735026919,-0.57735026919,0.57735026919));
#2838 = ORIENTED_EDGE('',*,*,#2265,.T.);
#2839 = ORIENTED_EDGE('',*,*,#2809,.T.);
#2840 = ORIENTED_EDGE('',*,*,#2841,.F.);
#2841 = EDGE_CURVE('',#2832,#2810,#2842,.T.);
#2842 = LINE('',#2843,#2844);
#2843 = CARTESIAN_POINT('',(-0.32,-2.38,8.54));
#2844 = VECTOR('',#2845,1.);
#2845 = DIRECTION('',(1.,0.,0.));
#2846 = PLANE('',#2847);
#2847 = AXIS2_PLACEMENT_3D('',#2848,#2849,#2850);
#2848 = CARTESIAN_POINT('',(-0.32,-2.3,8.46));
#2849 = DIRECTION('',(1.735167508357E-18,0.707106781187,0.707106781187)
  );
#2850 = DIRECTION('',(-1.,1.226948711654E-18,1.226948711654E-18));
#2851 = ADVANCED_FACE('',(#2852),#2863,.F.);
#2852 = FACE_BOUND('',#2853,.F.);
#2853 = EDGE_LOOP('',(#2854,#2855,#2856,#2857));
#2854 = ORIENTED_EDGE('',*,*,#2776,.F.);
#2855 = ORIENTED_EDGE('',*,*,#2282,.T.);
#2856 = ORIENTED_EDGE('',*,*,#2831,.T.);
#2857 = ORIENTED_EDGE('',*,*,#2858,.F.);
#2858 = EDGE_CURVE('',#2777,#2832,#2859,.T.);
#2859 = LINE('',#2860,#2861);
#2860 = CARTESIAN_POINT('',(-0.16,-2.86,8.54));
#2861 = VECTOR('',#2862,1.);
#2862 = DIRECTION('',(0.,1.,0.));
#2863 = PLANE('',#2864);
#2864 = AXIS2_PLACEMENT_3D('',#2865,#2866,#2867);
#2865 = CARTESIAN_POINT('',(-0.24,-2.86,8.46));
#2866 = DIRECTION('',(0.707106781187,1.735167508357E-18,-0.707106781187)
  );
#2867 = DIRECTION('',(-1.226948711654E-18,1.,1.226948711654E-18));
#2868 = ADVANCED_FACE('',(#2869),#2894,.T.);
#2869 = FACE_BOUND('',#2870,.F.);
#2870 = EDGE_LOOP('',(#2871,#2879,#2880,#2888));
#2871 = ORIENTED_EDGE('',*,*,#2872,.F.);
#2872 = EDGE_CURVE('',#2306,#2873,#2875,.T.);
#2873 = VERTEX_POINT('',#2874);
#2874 = CARTESIAN_POINT('',(-0.16,-4.92,8.54));
#2875 = LINE('',#2876,#2877);
#2876 = CARTESIAN_POINT('',(-0.16,-4.92,8.54));
#2877 = VECTOR('',#2878,1.);
#2878 = DIRECTION('',(0.57735026919,-0.57735026919,0.57735026919));
#2879 = ORIENTED_EDGE('',*,*,#2313,.T.);
#2880 = ORIENTED_EDGE('',*,*,#2881,.T.);
#2881 = EDGE_CURVE('',#2297,#2882,#2884,.T.);
#2882 = VERTEX_POINT('',#2883);
#2883 = CARTESIAN_POINT('',(0.16,-4.92,8.54));
#2884 = LINE('',#2885,#2886);
#2885 = CARTESIAN_POINT('',(5.333333333333E-02,-5.026666666667,
    8.646666666667));
#2886 = VECTOR('',#2887,1.);
#2887 = DIRECTION('',(-0.57735026919,-0.57735026919,0.57735026919));
#2888 = ORIENTED_EDGE('',*,*,#2889,.F.);
#2889 = EDGE_CURVE('',#2873,#2882,#2890,.T.);
#2890 = LINE('',#2891,#2892);
#2891 = CARTESIAN_POINT('',(-0.32,-4.92,8.54));
#2892 = VECTOR('',#2893,1.);
#2893 = DIRECTION('',(1.,0.,0.));
#2894 = PLANE('',#2895);
#2895 = AXIS2_PLACEMENT_3D('',#2896,#2897,#2898);
#2896 = CARTESIAN_POINT('',(-0.32,-4.84,8.46));
#2897 = DIRECTION('',(1.735167508357E-18,0.707106781187,0.707106781187)
  );
#2898 = DIRECTION('',(-1.,1.226948711654E-18,1.226948711654E-18));
#2899 = ADVANCED_FACE('',(#2900),#2918,.F.);
#2900 = FACE_BOUND('',#2901,.F.);
#2901 = EDGE_LOOP('',(#2902,#2910,#2911,#2912));
#2902 = ORIENTED_EDGE('',*,*,#2903,.F.);
#2903 = EDGE_CURVE('',#2328,#2904,#2906,.T.);
#2904 = VERTEX_POINT('',#2905);
#2905 = CARTESIAN_POINT('',(-0.16,-5.24,8.54));
#2906 = LINE('',#2907,#2908);
#2907 = CARTESIAN_POINT('',(-0.266666666667,-5.346666666667,
    8.433333333333));
#2908 = VECTOR('',#2909,1.);
#2909 = DIRECTION('',(0.57735026919,0.57735026919,0.57735026919));
#2910 = ORIENTED_EDGE('',*,*,#2337,.T.);
#2911 = ORIENTED_EDGE('',*,*,#2872,.T.);
#2912 = ORIENTED_EDGE('',*,*,#2913,.F.);
#2913 = EDGE_CURVE('',#2904,#2873,#2914,.T.);
#2914 = LINE('',#2915,#2916);
#2915 = CARTESIAN_POINT('',(-0.16,-5.4,8.54));
#2916 = VECTOR('',#2917,1.);
#2917 = DIRECTION('',(0.,1.,0.));
#2918 = PLANE('',#2919);
#2919 = AXIS2_PLACEMENT_3D('',#2920,#2921,#2922);
#2920 = CARTESIAN_POINT('',(-0.24,-5.4,8.46));
#2921 = DIRECTION('',(0.707106781187,1.735167508357E-18,-0.707106781187)
  );
#2922 = DIRECTION('',(-1.226948711654E-18,1.,1.226948711654E-18));
#2923 = ADVANCED_FACE('',(#2924),#2942,.F.);
#2924 = FACE_BOUND('',#2925,.T.);
#2925 = EDGE_LOOP('',(#2926,#2927,#2928,#2936));
#2926 = ORIENTED_EDGE('',*,*,#2903,.F.);
#2927 = ORIENTED_EDGE('',*,*,#2361,.T.);
#2928 = ORIENTED_EDGE('',*,*,#2929,.T.);
#2929 = EDGE_CURVE('',#2352,#2930,#2932,.T.);
#2930 = VERTEX_POINT('',#2931);
#2931 = CARTESIAN_POINT('',(0.16,-5.24,8.54));
#2932 = LINE('',#2933,#2934);
#2933 = CARTESIAN_POINT('',(0.16,-5.24,8.54));
#2934 = VECTOR('',#2935,1.);
#2935 = DIRECTION('',(-0.57735026919,0.57735026919,0.57735026919));
#2936 = ORIENTED_EDGE('',*,*,#2937,.F.);
#2937 = EDGE_CURVE('',#2904,#2930,#2938,.T.);
#2938 = LINE('',#2939,#2940);
#2939 = CARTESIAN_POINT('',(-0.32,-5.24,8.54));
#2940 = VECTOR('',#2941,1.);
#2941 = DIRECTION('',(1.,0.,0.));
#2942 = PLANE('',#2943);
#2943 = AXIS2_PLACEMENT_3D('',#2944,#2945,#2946);
#2944 = CARTESIAN_POINT('',(-0.32,-5.32,8.46));
#2945 = DIRECTION('',(-1.735167508357E-18,0.707106781187,-0.707106781187
    ));
#2946 = DIRECTION('',(-1.,-1.226948711654E-18,1.226948711654E-18));
#2947 = ADVANCED_FACE('',(#2948),#2959,.T.);
#2948 = FACE_BOUND('',#2949,.T.);
#2949 = EDGE_LOOP('',(#2950,#2951,#2952,#2953));
#2950 = ORIENTED_EDGE('',*,*,#2929,.F.);
#2951 = ORIENTED_EDGE('',*,*,#2378,.T.);
#2952 = ORIENTED_EDGE('',*,*,#2881,.T.);
#2953 = ORIENTED_EDGE('',*,*,#2954,.F.);
#2954 = EDGE_CURVE('',#2930,#2882,#2955,.T.);
#2955 = LINE('',#2956,#2957);
#2956 = CARTESIAN_POINT('',(0.16,-5.4,8.54));
#2957 = VECTOR('',#2958,1.);
#2958 = DIRECTION('',(0.,1.,0.));
#2959 = PLANE('',#2960);
#2960 = AXIS2_PLACEMENT_3D('',#2961,#2962,#2963);
#2961 = CARTESIAN_POINT('',(0.24,-5.4,8.46));
#2962 = DIRECTION('',(0.707106781187,-1.735167508357E-18,0.707106781187)
  );
#2963 = DIRECTION('',(1.226948711654E-18,1.,1.226948711654E-18));
#2964 = ADVANCED_FACE('',(#2965),#2971,.F.);
#2965 = FACE_BOUND('',#2966,.F.);
#2966 = EDGE_LOOP('',(#2967,#2968,#2969,#2970));
#2967 = ORIENTED_EDGE('',*,*,#2433,.F.);
#2968 = ORIENTED_EDGE('',*,*,#2457,.F.);
#2969 = ORIENTED_EDGE('',*,*,#2474,.T.);
#2970 = ORIENTED_EDGE('',*,*,#2409,.T.);
#2971 = PLANE('',#2972);
#2972 = AXIS2_PLACEMENT_3D('',#2973,#2974,#2975);
#2973 = CARTESIAN_POINT('',(-0.32,-0.32,-3.));
#2974 = DIRECTION('',(0.,0.,1.));
#2975 = DIRECTION('',(1.,0.,-0.));
#2976 = ADVANCED_FACE('',(#2977),#2983,.F.);
#2977 = FACE_BOUND('',#2978,.F.);
#2978 = EDGE_LOOP('',(#2979,#2980,#2981,#2982));
#2979 = ORIENTED_EDGE('',*,*,#2553,.F.);
#2980 = ORIENTED_EDGE('',*,*,#2570,.F.);
#2981 = ORIENTED_EDGE('',*,*,#2505,.T.);
#2982 = ORIENTED_EDGE('',*,*,#2529,.T.);
#2983 = PLANE('',#2984);
#2984 = AXIS2_PLACEMENT_3D('',#2985,#2986,#2987);
#2985 = CARTESIAN_POINT('',(-0.32,-2.86,-3.));
#2986 = DIRECTION('',(0.,0.,1.));
#2987 = DIRECTION('',(1.,0.,-0.));
#2988 = ADVANCED_FACE('',(#2989),#2995,.F.);
#2989 = FACE_BOUND('',#2990,.F.);
#2990 = EDGE_LOOP('',(#2991,#2992,#2993,#2994));
#2991 = ORIENTED_EDGE('',*,*,#2601,.F.);
#2992 = ORIENTED_EDGE('',*,*,#2625,.F.);
#2993 = ORIENTED_EDGE('',*,*,#2649,.T.);
#2994 = ORIENTED_EDGE('',*,*,#2666,.T.);
#2995 = PLANE('',#2996);
#2996 = AXIS2_PLACEMENT_3D('',#2997,#2998,#2999);
#2997 = CARTESIAN_POINT('',(-0.32,-5.4,-3.));
#2998 = DIRECTION('',(0.,0.,1.));
#2999 = DIRECTION('',(1.,0.,-0.));
#3000 = ADVANCED_FACE('',(#3001),#3007,.T.);
#3001 = FACE_BOUND('',#3002,.T.);
#3002 = EDGE_LOOP('',(#3003,#3004,#3005,#3006));
#3003 = ORIENTED_EDGE('',*,*,#2762,.T.);
#3004 = ORIENTED_EDGE('',*,*,#2697,.T.);
#3005 = ORIENTED_EDGE('',*,*,#2721,.F.);
#3006 = ORIENTED_EDGE('',*,*,#2745,.F.);
#3007 = PLANE('',#3008);
#3008 = AXIS2_PLACEMENT_3D('',#3009,#3010,#3011);
#3009 = CARTESIAN_POINT('',(-0.32,-0.32,8.54));
#3010 = DIRECTION('',(0.,0.,1.));
#3011 = DIRECTION('',(1.,0.,-0.));
#3012 = ADVANCED_FACE('',(#3013),#3019,.T.);
#3013 = FACE_BOUND('',#3014,.T.);
#3014 = EDGE_LOOP('',(#3015,#3016,#3017,#3018));
#3015 = ORIENTED_EDGE('',*,*,#2793,.T.);
#3016 = ORIENTED_EDGE('',*,*,#2817,.T.);
#3017 = ORIENTED_EDGE('',*,*,#2841,.F.);
#3018 = ORIENTED_EDGE('',*,*,#2858,.F.);
#3019 = PLANE('',#3020);
#3020 = AXIS2_PLACEMENT_3D('',#3021,#3022,#3023);
#3021 = CARTESIAN_POINT('',(-0.32,-2.86,8.54));
#3022 = DIRECTION('',(0.,0.,1.));
#3023 = DIRECTION('',(1.,0.,-0.));
#3024 = ADVANCED_FACE('',(#3025),#3031,.T.);
#3025 = FACE_BOUND('',#3026,.T.);
#3026 = EDGE_LOOP('',(#3027,#3028,#3029,#3030));
#3027 = ORIENTED_EDGE('',*,*,#2937,.T.);
#3028 = ORIENTED_EDGE('',*,*,#2954,.T.);
#3029 = ORIENTED_EDGE('',*,*,#2889,.F.);
#3030 = ORIENTED_EDGE('',*,*,#2913,.F.);
#3031 = PLANE('',#3032);
#3032 = AXIS2_PLACEMENT_3D('',#3033,#3034,#3035);
#3033 = CARTESIAN_POINT('',(-0.32,-5.4,8.54));
#3034 = DIRECTION('',(0.,0.,1.));
#3035 = DIRECTION('',(1.,0.,-0.));
#3036 = ( GEOMETRIC_REPRESENTATION_CONTEXT(3) 
GLOBAL_UNCERTAINTY_ASSIGNED_CONTEXT((#3040)) 
GLOBAL_UNIT_ASSIGNED_CONTEXT((#3037,#3038,#3039)) REPRESENTATION_CONTEXT
('Context #1','3D Context with UNIT and UNCERTAINTY') );
#3037 = ( LENGTH_UNIT() NAMED_UNIT(*) SI_UNIT(.MILLI.,.METRE.) );
#3038 = ( NAMED_UNIT(*) PLANE_ANGLE_UNIT() SI_UNIT($,.RADIAN.) );
#3039 = ( NAMED_UNIT(*) SI_UNIT($,.STERADIAN.) SOLID_ANGLE_UNIT() );
#3040 = UNCERTAINTY_MEASURE_WITH_UNIT(LENGTH_MEASURE(1.E-07),#3037,
  'distance_accuracy_value','confusion accuracy');
#3041 = CONTEXT_DEPENDENT_SHAPE_REPRESENTATION(#3042,#3044);
#3042 = ( REPRESENTATION_RELATIONSHIP('','',#929,#10) 
REPRESENTATION_RELATIONSHIP_WITH_TRANSFORMATION(#3043) 
SHAPE_REPRESENTATION_RELATIONSHIP() );
#3043 = ITEM_DEFINED_TRANSFORMATION('','',#11,#19);
#3044 = PRODUCT_DEFINITION_SHAPE('Placement','Placement of an item',
  #3045);
#3045 = NEXT_ASSEMBLY_USAGE_OCCURRENCE('2','D2','',#5,#924,$);
#3046 = PRODUCT_RELATED_PRODUCT_CATEGORY('part',$,(#926));
#3047 = SHAPE_DEFINITION_REPRESENTATION(#3048,#3054);
#3048 = PRODUCT_DEFINITION_SHAPE('','',#3049);
#3049 = PRODUCT_DEFINITION('design','',#3050,#3053);
#3050 = PRODUCT_DEFINITION_FORMATION('','',#3051);
#3051 = PRODUCT('PinHeader_1x02_P2.54mm_Vertical',
  'PinHeader_1x02_P2.54mm_Vertical','',(#3052));
#3052 = PRODUCT_CONTEXT('',#2,'mechanical');
#3053 = PRODUCT_DEFINITION_CONTEXT('part definition',#2,'design');
#3054 = ADVANCED_BREP_SHAPE_REPRESENTATION('',(#11,#3055),#4487);
#3055 = MANIFOLD_SOLID_BREP('',#3056);
#3056 = CLOSED_SHELL('',(#3057,#3097,#3128,#3159,#3324,#3489,#3506,#3523
    ,#3540,#3557,#3574,#3591,#3608,#3625,#3642,#3659,#3671,#3702,#3726,
    #3750,#3767,#3798,#3822,#3846,#3863,#3894,#3918,#3942,#3959,#3990,
    #4014,#4038,#4055,#4086,#4110,#4134,#4151,#4182,#4206,#4230,#4247,
    #4278,#4302,#4326,#4343,#4374,#4398,#4422,#4439,#4451,#4463,#4475));
#3057 = ADVANCED_FACE('',(#3058),#3092,.F.);
#3058 = FACE_BOUND('',#3059,.F.);
#3059 = EDGE_LOOP('',(#3060,#3070,#3078,#3086));
#3060 = ORIENTED_EDGE('',*,*,#3061,.T.);
#3061 = EDGE_CURVE('',#3062,#3064,#3066,.T.);
#3062 = VERTEX_POINT('',#3063);
#3063 = CARTESIAN_POINT('',(-1.016,1.27,0.));
#3064 = VERTEX_POINT('',#3065);
#3065 = CARTESIAN_POINT('',(-1.016,1.27,2.54));
#3066 = LINE('',#3067,#3068);
#3067 = CARTESIAN_POINT('',(-1.016,1.27,0.));
#3068 = VECTOR('',#3069,1.);
#3069 = DIRECTION('',(0.,0.,1.));
#3070 = ORIENTED_EDGE('',*,*,#3071,.T.);
#3071 = EDGE_CURVE('',#3064,#3072,#3074,.T.);
#3072 = VERTEX_POINT('',#3073);
#3073 = CARTESIAN_POINT('',(-1.27,1.016,2.54));
#3074 = LINE('',#3075,#3076);
#3075 = CARTESIAN_POINT('',(-1.016,1.27,2.54));
#3076 = VECTOR('',#3077,1.);
#3077 = DIRECTION('',(-0.707106781187,-0.707106781187,0.));
#3078 = ORIENTED_EDGE('',*,*,#3079,.F.);
#3079 = EDGE_CURVE('',#3080,#3072,#3082,.T.);
#3080 = VERTEX_POINT('',#3081);
#3081 = CARTESIAN_POINT('',(-1.27,1.016,0.));
#3082 = LINE('',#3083,#3084);
#3083 = CARTESIAN_POINT('',(-1.27,1.016,0.));
#3084 = VECTOR('',#3085,1.);
#3085 = DIRECTION('',(0.,0.,1.));
#3086 = ORIENTED_EDGE('',*,*,#3087,.F.);
#3087 = EDGE_CURVE('',#3062,#3080,#3088,.T.);
#3088 = LINE('',#3089,#3090);
#3089 = CARTESIAN_POINT('',(-1.016,1.27,0.));
#3090 = VECTOR('',#3091,1.);
#3091 = DIRECTION('',(-0.707106781187,-0.707106781187,0.));
#3092 = PLANE('',#3093);
#3093 = AXIS2_PLACEMENT_3D('',#3094,#3095,#3096);
#3094 = CARTESIAN_POINT('',(-1.016,1.27,0.));
#3095 = DIRECTION('',(0.707106781187,-0.707106781187,0.));
#3096 = DIRECTION('',(-0.707106781187,-0.707106781187,0.));
#3097 = ADVANCED_FACE('',(#3098),#3123,.F.);
#3098 = FACE_BOUND('',#3099,.F.);
#3099 = EDGE_LOOP('',(#3100,#3110,#3116,#3117));
#3100 = ORIENTED_EDGE('',*,*,#3101,.T.);
#3101 = EDGE_CURVE('',#3102,#3104,#3106,.T.);
#3102 = VERTEX_POINT('',#3103);
#3103 = CARTESIAN_POINT('',(1.016,1.27,0.));
#3104 = VERTEX_POINT('',#3105);
#3105 = CARTESIAN_POINT('',(1.016,1.27,2.54));
#3106 = LINE('',#3107,#3108);
#3107 = CARTESIAN_POINT('',(1.016,1.27,0.));
#3108 = VECTOR('',#3109,1.);
#3109 = DIRECTION('',(0.,0.,1.));
#3110 = ORIENTED_EDGE('',*,*,#3111,.T.);
#3111 = EDGE_CURVE('',#3104,#3064,#3112,.T.);
#3112 = LINE('',#3113,#3114);
#3113 = CARTESIAN_POINT('',(1.016,1.27,2.54));
#3114 = VECTOR('',#3115,1.);
#3115 = DIRECTION('',(-1.,0.,0.));
#3116 = ORIENTED_EDGE('',*,*,#3061,.F.);
#3117 = ORIENTED_EDGE('',*,*,#3118,.F.);
#3118 = EDGE_CURVE('',#3102,#3062,#3119,.T.);
#3119 = LINE('',#3120,#3121);
#3120 = CARTESIAN_POINT('',(1.016,1.27,0.));
#3121 = VECTOR('',#3122,1.);
#3122 = DIRECTION('',(-1.,0.,0.));
#3123 = PLANE('',#3124);
#3124 = AXIS2_PLACEMENT_3D('',#3125,#3126,#3127);
#3125 = CARTESIAN_POINT('',(1.016,1.27,0.));
#3126 = DIRECTION('',(0.,-1.,0.));
#3127 = DIRECTION('',(-1.,0.,0.));
#3128 = ADVANCED_FACE('',(#3129),#3154,.F.);
#3129 = FACE_BOUND('',#3130,.F.);
#3130 = EDGE_LOOP('',(#3131,#3132,#3140,#3148));
#3131 = ORIENTED_EDGE('',*,*,#3079,.T.);
#3132 = ORIENTED_EDGE('',*,*,#3133,.T.);
#3133 = EDGE_CURVE('',#3072,#3134,#3136,.T.);
#3134 = VERTEX_POINT('',#3135);
#3135 = CARTESIAN_POINT('',(-1.27,-1.016,2.54));
#3136 = LINE('',#3137,#3138);
#3137 = CARTESIAN_POINT('',(-1.27,1.016,2.54));
#3138 = VECTOR('',#3139,1.);
#3139 = DIRECTION('',(0.,-1.,0.));
#3140 = ORIENTED_EDGE('',*,*,#3141,.F.);
#3141 = EDGE_CURVE('',#3142,#3134,#3144,.T.);
#3142 = VERTEX_POINT('',#3143);
#3143 = CARTESIAN_POINT('',(-1.27,-1.016,0.));
#3144 = LINE('',#3145,#3146);
#3145 = CARTESIAN_POINT('',(-1.27,-1.016,0.));
#3146 = VECTOR('',#3147,1.);
#3147 = DIRECTION('',(0.,0.,1.));
#3148 = ORIENTED_EDGE('',*,*,#3149,.F.);
#3149 = EDGE_CURVE('',#3080,#3142,#3150,.T.);
#3150 = LINE('',#3151,#3152);
#3151 = CARTESIAN_POINT('',(-1.27,1.016,0.));
#3152 = VECTOR('',#3153,1.);
#3153 = DIRECTION('',(0.,-1.,0.));
#3154 = PLANE('',#3155);
#3155 = AXIS2_PLACEMENT_3D('',#3156,#3157,#3158);
#3156 = CARTESIAN_POINT('',(-1.27,1.016,0.));
#3157 = DIRECTION('',(1.,0.,0.));
#3158 = DIRECTION('',(0.,-1.,0.));
#3159 = ADVANCED_FACE('',(#3160,#3251,#3285),#3319,.F.);
#3160 = FACE_BOUND('',#3161,.F.);
#3161 = EDGE_LOOP('',(#3162,#3163,#3164,#3172,#3180,#3188,#3196,#3204,
    #3212,#3220,#3228,#3236,#3244,#3250));
#3162 = ORIENTED_EDGE('',*,*,#3087,.T.);
#3163 = ORIENTED_EDGE('',*,*,#3149,.T.);
#3164 = ORIENTED_EDGE('',*,*,#3165,.T.);
#3165 = EDGE_CURVE('',#3142,#3166,#3168,.T.);
#3166 = VERTEX_POINT('',#3167);
#3167 = CARTESIAN_POINT('',(-1.016,-1.27,0.));
#3168 = LINE('',#3169,#3170);
#3169 = CARTESIAN_POINT('',(-1.27,-1.016,0.));
#3170 = VECTOR('',#3171,1.);
#3171 = DIRECTION('',(0.707106781187,-0.707106781187,0.));
#3172 = ORIENTED_EDGE('',*,*,#3173,.T.);
#3173 = EDGE_CURVE('',#3166,#3174,#3176,.T.);
#3174 = VERTEX_POINT('',#3175);
#3175 = CARTESIAN_POINT('',(-1.27,-1.524,0.));
#3176 = LINE('',#3177,#3178);
#3177 = CARTESIAN_POINT('',(-1.016,-1.27,0.));
#3178 = VECTOR('',#3179,1.);
#3179 = DIRECTION('',(-0.707106781187,-0.707106781187,0.));
#3180 = ORIENTED_EDGE('',*,*,#3181,.T.);
#3181 = EDGE_CURVE('',#3174,#3182,#3184,.T.);
#3182 = VERTEX_POINT('',#3183);
#3183 = CARTESIAN_POINT('',(-1.27,-3.556,0.));
#3184 = LINE('',#3185,#3186);
#3185 = CARTESIAN_POINT('',(-1.27,-1.524,0.));
#3186 = VECTOR('',#3187,1.);
#3187 = DIRECTION('',(0.,-1.,0.));
#3188 = ORIENTED_EDGE('',*,*,#3189,.T.);
#3189 = EDGE_CURVE('',#3182,#3190,#3192,.T.);
#3190 = VERTEX_POINT('',#3191);
#3191 = CARTESIAN_POINT('',(-1.016,-3.81,0.));
#3192 = LINE('',#3193,#3194);
#3193 = CARTESIAN_POINT('',(-1.27,-3.556,0.));
#3194 = VECTOR('',#3195,1.);
#3195 = DIRECTION('',(0.707106781187,-0.707106781187,0.));
#3196 = ORIENTED_EDGE('',*,*,#3197,.T.);
#3197 = EDGE_CURVE('',#3190,#3198,#3200,.T.);
#3198 = VERTEX_POINT('',#3199);
#3199 = CARTESIAN_POINT('',(1.016,-3.81,0.));
#3200 = LINE('',#3201,#3202);
#3201 = CARTESIAN_POINT('',(-1.016,-3.81,0.));
#3202 = VECTOR('',#3203,1.);
#3203 = DIRECTION('',(1.,0.,0.));
#3204 = ORIENTED_EDGE('',*,*,#3205,.T.);
#3205 = EDGE_CURVE('',#3198,#3206,#3208,.T.);
#3206 = VERTEX_POINT('',#3207);
#3207 = CARTESIAN_POINT('',(1.27,-3.556,0.));
#3208 = LINE('',#3209,#3210);
#3209 = CARTESIAN_POINT('',(1.016,-3.81,0.));
#3210 = VECTOR('',#3211,1.);
#3211 = DIRECTION('',(0.707106781187,0.707106781187,0.));
#3212 = ORIENTED_EDGE('',*,*,#3213,.T.);
#3213 = EDGE_CURVE('',#3206,#3214,#3216,.T.);
#3214 = VERTEX_POINT('',#3215);
#3215 = CARTESIAN_POINT('',(1.27,-1.524,0.));
#3216 = LINE('',#3217,#3218);
#3217 = CARTESIAN_POINT('',(1.27,-3.556,0.));
#3218 = VECTOR('',#3219,1.);
#3219 = DIRECTION('',(0.,1.,0.));
#3220 = ORIENTED_EDGE('',*,*,#3221,.T.);
#3221 = EDGE_CURVE('',#3214,#3222,#3224,.T.);
#3222 = VERTEX_POINT('',#3223);
#3223 = CARTESIAN_POINT('',(1.016,-1.27,0.));
#3224 = LINE('',#3225,#3226);
#3225 = CARTESIAN_POINT('',(1.27,-1.524,0.));
#3226 = VECTOR('',#3227,1.);
#3227 = DIRECTION('',(-0.707106781187,0.707106781187,0.));
#3228 = ORIENTED_EDGE('',*,*,#3229,.T.);
#3229 = EDGE_CURVE('',#3222,#3230,#3232,.T.);
#3230 = VERTEX_POINT('',#3231);
#3231 = CARTESIAN_POINT('',(1.27,-1.016,0.));
#3232 = LINE('',#3233,#3234);
#3233 = CARTESIAN_POINT('',(1.016,-1.27,0.));
#3234 = VECTOR('',#3235,1.);
#3235 = DIRECTION('',(0.707106781187,0.707106781187,0.));
#3236 = ORIENTED_EDGE('',*,*,#3237,.T.);
#3237 = EDGE_CURVE('',#3230,#3238,#3240,.T.);
#3238 = VERTEX_POINT('',#3239);
#3239 = CARTESIAN_POINT('',(1.27,1.016,0.));
#3240 = LINE('',#3241,#3242);
#3241 = CARTESIAN_POINT('',(1.27,-1.016,0.));
#3242 = VECTOR('',#3243,1.);
#3243 = DIRECTION('',(0.,1.,0.));
#3244 = ORIENTED_EDGE('',*,*,#3245,.T.);
#3245 = EDGE_CURVE('',#3238,#3102,#3246,.T.);
#3246 = LINE('',#3247,#3248);
#3247 = CARTESIAN_POINT('',(1.27,1.016,0.));
#3248 = VECTOR('',#3249,1.);
#3249 = DIRECTION('',(-0.707106781187,0.707106781187,0.));
#3250 = ORIENTED_EDGE('',*,*,#3118,.T.);
#3251 = FACE_BOUND('',#3252,.F.);
#3252 = EDGE_LOOP('',(#3253,#3263,#3271,#3279));
#3253 = ORIENTED_EDGE('',*,*,#3254,.T.);
#3254 = EDGE_CURVE('',#3255,#3257,#3259,.T.);
#3255 = VERTEX_POINT('',#3256);
#3256 = CARTESIAN_POINT('',(0.32,-0.32,0.));
#3257 = VERTEX_POINT('',#3258);
#3258 = CARTESIAN_POINT('',(-0.32,-0.32,0.));
#3259 = LINE('',#3260,#3261);
#3260 = CARTESIAN_POINT('',(-0.16,-0.32,0.));
#3261 = VECTOR('',#3262,1.);
#3262 = DIRECTION('',(-1.,0.,0.));
#3263 = ORIENTED_EDGE('',*,*,#3264,.T.);
#3264 = EDGE_CURVE('',#3257,#3265,#3267,.T.);
#3265 = VERTEX_POINT('',#3266);
#3266 = CARTESIAN_POINT('',(-0.32,0.32,0.));
#3267 = LINE('',#3268,#3269);
#3268 = CARTESIAN_POINT('',(-0.32,-0.795,0.));
#3269 = VECTOR('',#3270,1.);
#3270 = DIRECTION('',(0.,1.,0.));
#3271 = ORIENTED_EDGE('',*,*,#3272,.F.);
#3272 = EDGE_CURVE('',#3273,#3265,#3275,.T.);
#3273 = VERTEX_POINT('',#3274);
#3274 = CARTESIAN_POINT('',(0.32,0.32,0.));
#3275 = LINE('',#3276,#3277);
#3276 = CARTESIAN_POINT('',(-0.16,0.32,0.));
#3277 = VECTOR('',#3278,1.);
#3278 = DIRECTION('',(-1.,0.,0.));
#3279 = ORIENTED_EDGE('',*,*,#3280,.F.);
#3280 = EDGE_CURVE('',#3255,#3273,#3281,.T.);
#3281 = LINE('',#3282,#3283);
#3282 = CARTESIAN_POINT('',(0.32,-0.795,0.));
#3283 = VECTOR('',#3284,1.);
#3284 = DIRECTION('',(0.,1.,0.));
#3285 = FACE_BOUND('',#3286,.F.);
#3286 = EDGE_LOOP('',(#3287,#3297,#3305,#3313));
#3287 = ORIENTED_EDGE('',*,*,#3288,.T.);
#3288 = EDGE_CURVE('',#3289,#3291,#3293,.T.);
#3289 = VERTEX_POINT('',#3290);
#3290 = CARTESIAN_POINT('',(0.32,-2.86,0.));
#3291 = VERTEX_POINT('',#3292);
#3292 = CARTESIAN_POINT('',(-0.32,-2.86,0.));
#3293 = LINE('',#3294,#3295);
#3294 = CARTESIAN_POINT('',(-0.16,-2.86,0.));
#3295 = VECTOR('',#3296,1.);
#3296 = DIRECTION('',(-1.,0.,0.));
#3297 = ORIENTED_EDGE('',*,*,#3298,.T.);
#3298 = EDGE_CURVE('',#3291,#3299,#3301,.T.);
#3299 = VERTEX_POINT('',#3300);
#3300 = CARTESIAN_POINT('',(-0.32,-2.22,0.));
#3301 = LINE('',#3302,#3303);
#3302 = CARTESIAN_POINT('',(-0.32,-2.065,0.));
#3303 = VECTOR('',#3304,1.);
#3304 = DIRECTION('',(0.,1.,0.));
#3305 = ORIENTED_EDGE('',*,*,#3306,.F.);
#3306 = EDGE_CURVE('',#3307,#3299,#3309,.T.);
#3307 = VERTEX_POINT('',#3308);
#3308 = CARTESIAN_POINT('',(0.32,-2.22,0.));
#3309 = LINE('',#3310,#3311);
#3310 = CARTESIAN_POINT('',(-0.16,-2.22,0.));
#3311 = VECTOR('',#3312,1.);
#3312 = DIRECTION('',(-1.,0.,0.));
#3313 = ORIENTED_EDGE('',*,*,#3314,.F.);
#3314 = EDGE_CURVE('',#3289,#3307,#3315,.T.);
#3315 = LINE('',#3316,#3317);
#3316 = CARTESIAN_POINT('',(0.32,-2.065,0.));
#3317 = VECTOR('',#3318,1.);
#3318 = DIRECTION('',(0.,1.,0.));
#3319 = PLANE('',#3320);
#3320 = AXIS2_PLACEMENT_3D('',#3321,#3322,#3323);
#3321 = CARTESIAN_POINT('',(1.473843703412E-17,-1.27,0.));
#3322 = DIRECTION('',(0.,0.,1.));
#3323 = DIRECTION('',(1.,0.,-0.));
#3324 = ADVANCED_FACE('',(#3325,#3416,#3450),#3484,.T.);
#3325 = FACE_BOUND('',#3326,.T.);
#3326 = EDGE_LOOP('',(#3327,#3328,#3329,#3337,#3345,#3353,#3361,#3369,
    #3377,#3385,#3393,#3401,#3409,#3415));
#3327 = ORIENTED_EDGE('',*,*,#3071,.T.);
#3328 = ORIENTED_EDGE('',*,*,#3133,.T.);
#3329 = ORIENTED_EDGE('',*,*,#3330,.T.);
#3330 = EDGE_CURVE('',#3134,#3331,#3333,.T.);
#3331 = VERTEX_POINT('',#3332);
#3332 = CARTESIAN_POINT('',(-1.016,-1.27,2.54));
#3333 = LINE('',#3334,#3335);
#3334 = CARTESIAN_POINT('',(-1.27,-1.016,2.54));
#3335 = VECTOR('',#3336,1.);
#3336 = DIRECTION('',(0.707106781187,-0.707106781187,0.));
#3337 = ORIENTED_EDGE('',*,*,#3338,.T.);
#3338 = EDGE_CURVE('',#3331,#3339,#3341,.T.);
#3339 = VERTEX_POINT('',#3340);
#3340 = CARTESIAN_POINT('',(-1.27,-1.524,2.54));
#3341 = LINE('',#3342,#3343);
#3342 = CARTESIAN_POINT('',(-1.016,-1.27,2.54));
#3343 = VECTOR('',#3344,1.);
#3344 = DIRECTION('',(-0.707106781187,-0.707106781187,0.));
#3345 = ORIENTED_EDGE('',*,*,#3346,.T.);
#3346 = EDGE_CURVE('',#3339,#3347,#3349,.T.);
#3347 = VERTEX_POINT('',#3348);
#3348 = CARTESIAN_POINT('',(-1.27,-3.556,2.54));
#3349 = LINE('',#3350,#3351);
#3350 = CARTESIAN_POINT('',(-1.27,-1.524,2.54));
#3351 = VECTOR('',#3352,1.);
#3352 = DIRECTION('',(0.,-1.,0.));
#3353 = ORIENTED_EDGE('',*,*,#3354,.T.);
#3354 = EDGE_CURVE('',#3347,#3355,#3357,.T.);
#3355 = VERTEX_POINT('',#3356);
#3356 = CARTESIAN_POINT('',(-1.016,-3.81,2.54));
#3357 = LINE('',#3358,#3359);
#3358 = CARTESIAN_POINT('',(-1.27,-3.556,2.54));
#3359 = VECTOR('',#3360,1.);
#3360 = DIRECTION('',(0.707106781187,-0.707106781187,0.));
#3361 = ORIENTED_EDGE('',*,*,#3362,.T.);
#3362 = EDGE_CURVE('',#3355,#3363,#3365,.T.);
#3363 = VERTEX_POINT('',#3364);
#3364 = CARTESIAN_POINT('',(1.016,-3.81,2.54));
#3365 = LINE('',#3366,#3367);
#3366 = CARTESIAN_POINT('',(-1.016,-3.81,2.54));
#3367 = VECTOR('',#3368,1.);
#3368 = DIRECTION('',(1.,0.,0.));
#3369 = ORIENTED_EDGE('',*,*,#3370,.T.);
#3370 = EDGE_CURVE('',#3363,#3371,#3373,.T.);
#3371 = VERTEX_POINT('',#3372);
#3372 = CARTESIAN_POINT('',(1.27,-3.556,2.54));
#3373 = LINE('',#3374,#3375);
#3374 = CARTESIAN_POINT('',(1.016,-3.81,2.54));
#3375 = VECTOR('',#3376,1.);
#3376 = DIRECTION('',(0.707106781187,0.707106781187,0.));
#3377 = ORIENTED_EDGE('',*,*,#3378,.T.);
#3378 = EDGE_CURVE('',#3371,#3379,#3381,.T.);
#3379 = VERTEX_POINT('',#3380);
#3380 = CARTESIAN_POINT('',(1.27,-1.524,2.54));
#3381 = LINE('',#3382,#3383);
#3382 = CARTESIAN_POINT('',(1.27,-3.556,2.54));
#3383 = VECTOR('',#3384,1.);
#3384 = DIRECTION('',(0.,1.,0.));
#3385 = ORIENTED_EDGE('',*,*,#3386,.T.);
#3386 = EDGE_CURVE('',#3379,#3387,#3389,.T.);
#3387 = VERTEX_POINT('',#3388);
#3388 = CARTESIAN_POINT('',(1.016,-1.27,2.54));
#3389 = LINE('',#3390,#3391);
#3390 = CARTESIAN_POINT('',(1.27,-1.524,2.54));
#3391 = VECTOR('',#3392,1.);
#3392 = DIRECTION('',(-0.707106781187,0.707106781187,0.));
#3393 = ORIENTED_EDGE('',*,*,#3394,.T.);
#3394 = EDGE_CURVE('',#3387,#3395,#3397,.T.);
#3395 = VERTEX_POINT('',#3396);
#3396 = CARTESIAN_POINT('',(1.27,-1.016,2.54));
#3397 = LINE('',#3398,#3399);
#3398 = CARTESIAN_POINT('',(1.016,-1.27,2.54));
#3399 = VECTOR('',#3400,1.);
#3400 = DIRECTION('',(0.707106781187,0.707106781187,0.));
#3401 = ORIENTED_EDGE('',*,*,#3402,.T.);
#3402 = EDGE_CURVE('',#3395,#3403,#3405,.T.);
#3403 = VERTEX_POINT('',#3404);
#3404 = CARTESIAN_POINT('',(1.27,1.016,2.54));
#3405 = LINE('',#3406,#3407);
#3406 = CARTESIAN_POINT('',(1.27,-1.016,2.54));
#3407 = VECTOR('',#3408,1.);
#3408 = DIRECTION('',(0.,1.,0.));
#3409 = ORIENTED_EDGE('',*,*,#3410,.T.);
#3410 = EDGE_CURVE('',#3403,#3104,#3411,.T.);
#3411 = LINE('',#3412,#3413);
#3412 = CARTESIAN_POINT('',(1.27,1.016,2.54));
#3413 = VECTOR('',#3414,1.);
#3414 = DIRECTION('',(-0.707106781187,0.707106781187,0.));
#3415 = ORIENTED_EDGE('',*,*,#3111,.T.);
#3416 = FACE_BOUND('',#3417,.T.);
#3417 = EDGE_LOOP('',(#3418,#3428,#3436,#3444));
#3418 = ORIENTED_EDGE('',*,*,#3419,.T.);
#3419 = EDGE_CURVE('',#3420,#3422,#3424,.T.);
#3420 = VERTEX_POINT('',#3421);
#3421 = CARTESIAN_POINT('',(0.32,-0.32,2.54));
#3422 = VERTEX_POINT('',#3423);
#3423 = CARTESIAN_POINT('',(-0.32,-0.32,2.54));
#3424 = LINE('',#3425,#3426);
#3425 = CARTESIAN_POINT('',(-0.16,-0.32,2.54));
#3426 = VECTOR('',#3427,1.);
#3427 = DIRECTION('',(-1.,0.,0.));
#3428 = ORIENTED_EDGE('',*,*,#3429,.T.);
#3429 = EDGE_CURVE('',#3422,#3430,#3432,.T.);
#3430 = VERTEX_POINT('',#3431);
#3431 = CARTESIAN_POINT('',(-0.32,0.32,2.54));
#3432 = LINE('',#3433,#3434);
#3433 = CARTESIAN_POINT('',(-0.32,-0.795,2.54));
#3434 = VECTOR('',#3435,1.);
#3435 = DIRECTION('',(0.,1.,0.));
#3436 = ORIENTED_EDGE('',*,*,#3437,.F.);
#3437 = EDGE_CURVE('',#3438,#3430,#3440,.T.);
#3438 = VERTEX_POINT('',#3439);
#3439 = CARTESIAN_POINT('',(0.32,0.32,2.54));
#3440 = LINE('',#3441,#3442);
#3441 = CARTESIAN_POINT('',(-0.16,0.32,2.54));
#3442 = VECTOR('',#3443,1.);
#3443 = DIRECTION('',(-1.,0.,0.));
#3444 = ORIENTED_EDGE('',*,*,#3445,.F.);
#3445 = EDGE_CURVE('',#3420,#3438,#3446,.T.);
#3446 = LINE('',#3447,#3448);
#3447 = CARTESIAN_POINT('',(0.32,-0.795,2.54));
#3448 = VECTOR('',#3449,1.);
#3449 = DIRECTION('',(0.,1.,0.));
#3450 = FACE_BOUND('',#3451,.T.);
#3451 = EDGE_LOOP('',(#3452,#3462,#3470,#3478));
#3452 = ORIENTED_EDGE('',*,*,#3453,.T.);
#3453 = EDGE_CURVE('',#3454,#3456,#3458,.T.);
#3454 = VERTEX_POINT('',#3455);
#3455 = CARTESIAN_POINT('',(0.32,-2.86,2.54));
#3456 = VERTEX_POINT('',#3457);
#3457 = CARTESIAN_POINT('',(-0.32,-2.86,2.54));
#3458 = LINE('',#3459,#3460);
#3459 = CARTESIAN_POINT('',(-0.16,-2.86,2.54));
#3460 = VECTOR('',#3461,1.);
#3461 = DIRECTION('',(-1.,0.,0.));
#3462 = ORIENTED_EDGE('',*,*,#3463,.T.);
#3463 = EDGE_CURVE('',#3456,#3464,#3466,.T.);
#3464 = VERTEX_POINT('',#3465);
#3465 = CARTESIAN_POINT('',(-0.32,-2.22,2.54));
#3466 = LINE('',#3467,#3468);
#3467 = CARTESIAN_POINT('',(-0.32,-2.065,2.54));
#3468 = VECTOR('',#3469,1.);
#3469 = DIRECTION('',(0.,1.,0.));
#3470 = ORIENTED_EDGE('',*,*,#3471,.F.);
#3471 = EDGE_CURVE('',#3472,#3464,#3474,.T.);
#3472 = VERTEX_POINT('',#3473);
#3473 = CARTESIAN_POINT('',(0.32,-2.22,2.54));
#3474 = LINE('',#3475,#3476);
#3475 = CARTESIAN_POINT('',(-0.16,-2.22,2.54));
#3476 = VECTOR('',#3477,1.);
#3477 = DIRECTION('',(-1.,0.,0.));
#3478 = ORIENTED_EDGE('',*,*,#3479,.F.);
#3479 = EDGE_CURVE('',#3454,#3472,#3480,.T.);
#3480 = LINE('',#3481,#3482);
#3481 = CARTESIAN_POINT('',(0.32,-2.065,2.54));
#3482 = VECTOR('',#3483,1.);
#3483 = DIRECTION('',(0.,1.,0.));
#3484 = PLANE('',#3485);
#3485 = AXIS2_PLACEMENT_3D('',#3486,#3487,#3488);
#3486 = CARTESIAN_POINT('',(1.473843703412E-17,-1.27,2.54));
#3487 = DIRECTION('',(0.,0.,1.));
#3488 = DIRECTION('',(1.,0.,-0.));
#3489 = ADVANCED_FACE('',(#3490),#3501,.F.);
#3490 = FACE_BOUND('',#3491,.F.);
#3491 = EDGE_LOOP('',(#3492,#3498,#3499,#3500));
#3492 = ORIENTED_EDGE('',*,*,#3493,.T.);
#3493 = EDGE_CURVE('',#3238,#3403,#3494,.T.);
#3494 = LINE('',#3495,#3496);
#3495 = CARTESIAN_POINT('',(1.27,1.016,0.));
#3496 = VECTOR('',#3497,1.);
#3497 = DIRECTION('',(0.,0.,1.));
#3498 = ORIENTED_EDGE('',*,*,#3410,.T.);
#3499 = ORIENTED_EDGE('',*,*,#3101,.F.);
#3500 = ORIENTED_EDGE('',*,*,#3245,.F.);
#3501 = PLANE('',#3502);
#3502 = AXIS2_PLACEMENT_3D('',#3503,#3504,#3505);
#3503 = CARTESIAN_POINT('',(1.27,1.016,0.));
#3504 = DIRECTION('',(-0.707106781187,-0.707106781187,0.));
#3505 = DIRECTION('',(-0.707106781187,0.707106781187,0.));
#3506 = ADVANCED_FACE('',(#3507),#3518,.F.);
#3507 = FACE_BOUND('',#3508,.F.);
#3508 = EDGE_LOOP('',(#3509,#3510,#3511,#3517));
#3509 = ORIENTED_EDGE('',*,*,#3141,.T.);
#3510 = ORIENTED_EDGE('',*,*,#3330,.T.);
#3511 = ORIENTED_EDGE('',*,*,#3512,.F.);
#3512 = EDGE_CURVE('',#3166,#3331,#3513,.T.);
#3513 = LINE('',#3514,#3515);
#3514 = CARTESIAN_POINT('',(-1.016,-1.27,0.));
#3515 = VECTOR('',#3516,1.);
#3516 = DIRECTION('',(0.,0.,1.));
#3517 = ORIENTED_EDGE('',*,*,#3165,.F.);
#3518 = PLANE('',#3519);
#3519 = AXIS2_PLACEMENT_3D('',#3520,#3521,#3522);
#3520 = CARTESIAN_POINT('',(-1.27,-1.016,0.));
#3521 = DIRECTION('',(0.707106781187,0.707106781187,0.));
#3522 = DIRECTION('',(0.707106781187,-0.707106781187,0.));
#3523 = ADVANCED_FACE('',(#3524),#3535,.F.);
#3524 = FACE_BOUND('',#3525,.F.);
#3525 = EDGE_LOOP('',(#3526,#3532,#3533,#3534));
#3526 = ORIENTED_EDGE('',*,*,#3527,.T.);
#3527 = EDGE_CURVE('',#3230,#3395,#3528,.T.);
#3528 = LINE('',#3529,#3530);
#3529 = CARTESIAN_POINT('',(1.27,-1.016,0.));
#3530 = VECTOR('',#3531,1.);
#3531 = DIRECTION('',(0.,0.,1.));
#3532 = ORIENTED_EDGE('',*,*,#3402,.T.);
#3533 = ORIENTED_EDGE('',*,*,#3493,.F.);
#3534 = ORIENTED_EDGE('',*,*,#3237,.F.);
#3535 = PLANE('',#3536);
#3536 = AXIS2_PLACEMENT_3D('',#3537,#3538,#3539);
#3537 = CARTESIAN_POINT('',(1.27,-1.016,0.));
#3538 = DIRECTION('',(-1.,0.,0.));
#3539 = DIRECTION('',(0.,1.,0.));
#3540 = ADVANCED_FACE('',(#3541),#3552,.F.);
#3541 = FACE_BOUND('',#3542,.F.);
#3542 = EDGE_LOOP('',(#3543,#3544,#3545,#3551));
#3543 = ORIENTED_EDGE('',*,*,#3512,.T.);
#3544 = ORIENTED_EDGE('',*,*,#3338,.T.);
#3545 = ORIENTED_EDGE('',*,*,#3546,.F.);
#3546 = EDGE_CURVE('',#3174,#3339,#3547,.T.);
#3547 = LINE('',#3548,#3549);
#3548 = CARTESIAN_POINT('',(-1.27,-1.524,0.));
#3549 = VECTOR('',#3550,1.);
#3550 = DIRECTION('',(0.,0.,1.));
#3551 = ORIENTED_EDGE('',*,*,#3173,.F.);
#3552 = PLANE('',#3553);
#3553 = AXIS2_PLACEMENT_3D('',#3554,#3555,#3556);
#3554 = CARTESIAN_POINT('',(-1.016,-1.27,0.));
#3555 = DIRECTION('',(0.707106781187,-0.707106781187,0.));
#3556 = DIRECTION('',(-0.707106781187,-0.707106781187,0.));
#3557 = ADVANCED_FACE('',(#3558),#3569,.F.);
#3558 = FACE_BOUND('',#3559,.F.);
#3559 = EDGE_LOOP('',(#3560,#3566,#3567,#3568));
#3560 = ORIENTED_EDGE('',*,*,#3561,.T.);
#3561 = EDGE_CURVE('',#3222,#3387,#3562,.T.);
#3562 = LINE('',#3563,#3564);
#3563 = CARTESIAN_POINT('',(1.016,-1.27,0.));
#3564 = VECTOR('',#3565,1.);
#3565 = DIRECTION('',(0.,0.,1.));
#3566 = ORIENTED_EDGE('',*,*,#3394,.T.);
#3567 = ORIENTED_EDGE('',*,*,#3527,.F.);
#3568 = ORIENTED_EDGE('',*,*,#3229,.F.);
#3569 = PLANE('',#3570);
#3570 = AXIS2_PLACEMENT_3D('',#3571,#3572,#3573);
#3571 = CARTESIAN_POINT('',(1.016,-1.27,0.));
#3572 = DIRECTION('',(-0.707106781187,0.707106781187,0.));
#3573 = DIRECTION('',(0.707106781187,0.707106781187,0.));
#3574 = ADVANCED_FACE('',(#3575),#3586,.F.);
#3575 = FACE_BOUND('',#3576,.F.);
#3576 = EDGE_LOOP('',(#3577,#3578,#3579,#3585));
#3577 = ORIENTED_EDGE('',*,*,#3546,.T.);
#3578 = ORIENTED_EDGE('',*,*,#3346,.T.);
#3579 = ORIENTED_EDGE('',*,*,#3580,.F.);
#3580 = EDGE_CURVE('',#3182,#3347,#3581,.T.);
#3581 = LINE('',#3582,#3583);
#3582 = CARTESIAN_POINT('',(-1.27,-3.556,0.));
#3583 = VECTOR('',#3584,1.);
#3584 = DIRECTION('',(0.,0.,1.));
#3585 = ORIENTED_EDGE('',*,*,#3181,.F.);
#3586 = PLANE('',#3587);
#3587 = AXIS2_PLACEMENT_3D('',#3588,#3589,#3590);
#3588 = CARTESIAN_POINT('',(-1.27,-1.524,0.));
#3589 = DIRECTION('',(1.,0.,0.));
#3590 = DIRECTION('',(0.,-1.,0.));
#3591 = ADVANCED_FACE('',(#3592),#3603,.F.);
#3592 = FACE_BOUND('',#3593,.F.);
#3593 = EDGE_LOOP('',(#3594,#3600,#3601,#3602));
#3594 = ORIENTED_EDGE('',*,*,#3595,.T.);
#3595 = EDGE_CURVE('',#3214,#3379,#3596,.T.);
#3596 = LINE('',#3597,#3598);
#3597 = CARTESIAN_POINT('',(1.27,-1.524,0.));
#3598 = VECTOR('',#3599,1.);
#3599 = DIRECTION('',(0.,0.,1.));
#3600 = ORIENTED_EDGE('',*,*,#3386,.T.);
#3601 = ORIENTED_EDGE('',*,*,#3561,.F.);
#3602 = ORIENTED_EDGE('',*,*,#3221,.F.);
#3603 = PLANE('',#3604);
#3604 = AXIS2_PLACEMENT_3D('',#3605,#3606,#3607);
#3605 = CARTESIAN_POINT('',(1.27,-1.524,0.));
#3606 = DIRECTION('',(-0.707106781187,-0.707106781187,0.));
#3607 = DIRECTION('',(-0.707106781187,0.707106781187,0.));
#3608 = ADVANCED_FACE('',(#3609),#3620,.F.);
#3609 = FACE_BOUND('',#3610,.F.);
#3610 = EDGE_LOOP('',(#3611,#3612,#3613,#3619));
#3611 = ORIENTED_EDGE('',*,*,#3580,.T.);
#3612 = ORIENTED_EDGE('',*,*,#3354,.T.);
#3613 = ORIENTED_EDGE('',*,*,#3614,.F.);
#3614 = EDGE_CURVE('',#3190,#3355,#3615,.T.);
#3615 = LINE('',#3616,#3617);
#3616 = CARTESIAN_POINT('',(-1.016,-3.81,0.));
#3617 = VECTOR('',#3618,1.);
#3618 = DIRECTION('',(0.,0.,1.));
#3619 = ORIENTED_EDGE('',*,*,#3189,.F.);
#3620 = PLANE('',#3621);
#3621 = AXIS2_PLACEMENT_3D('',#3622,#3623,#3624);
#3622 = CARTESIAN_POINT('',(-1.27,-3.556,0.));
#3623 = DIRECTION('',(0.707106781187,0.707106781187,0.));
#3624 = DIRECTION('',(0.707106781187,-0.707106781187,0.));
#3625 = ADVANCED_FACE('',(#3626),#3637,.F.);
#3626 = FACE_BOUND('',#3627,.F.);
#3627 = EDGE_LOOP('',(#3628,#3634,#3635,#3636));
#3628 = ORIENTED_EDGE('',*,*,#3629,.T.);
#3629 = EDGE_CURVE('',#3206,#3371,#3630,.T.);
#3630 = LINE('',#3631,#3632);
#3631 = CARTESIAN_POINT('',(1.27,-3.556,0.));
#3632 = VECTOR('',#3633,1.);
#3633 = DIRECTION('',(0.,0.,1.));
#3634 = ORIENTED_EDGE('',*,*,#3378,.T.);
#3635 = ORIENTED_EDGE('',*,*,#3595,.F.);
#3636 = ORIENTED_EDGE('',*,*,#3213,.F.);
#3637 = PLANE('',#3638);
#3638 = AXIS2_PLACEMENT_3D('',#3639,#3640,#3641);
#3639 = CARTESIAN_POINT('',(1.27,-3.556,0.));
#3640 = DIRECTION('',(-1.,0.,0.));
#3641 = DIRECTION('',(0.,1.,0.));
#3642 = ADVANCED_FACE('',(#3643),#3654,.F.);
#3643 = FACE_BOUND('',#3644,.F.);
#3644 = EDGE_LOOP('',(#3645,#3646,#3647,#3653));
#3645 = ORIENTED_EDGE('',*,*,#3614,.T.);
#3646 = ORIENTED_EDGE('',*,*,#3362,.T.);
#3647 = ORIENTED_EDGE('',*,*,#3648,.F.);
#3648 = EDGE_CURVE('',#3198,#3363,#3649,.T.);
#3649 = LINE('',#3650,#3651);
#3650 = CARTESIAN_POINT('',(1.016,-3.81,0.));
#3651 = VECTOR('',#3652,1.);
#3652 = DIRECTION('',(0.,0.,1.));
#3653 = ORIENTED_EDGE('',*,*,#3197,.F.);
#3654 = PLANE('',#3655);
#3655 = AXIS2_PLACEMENT_3D('',#3656,#3657,#3658);
#3656 = CARTESIAN_POINT('',(-1.016,-3.81,0.));
#3657 = DIRECTION('',(0.,1.,0.));
#3658 = DIRECTION('',(1.,0.,0.));
#3659 = ADVANCED_FACE('',(#3660),#3666,.F.);
#3660 = FACE_BOUND('',#3661,.F.);
#3661 = EDGE_LOOP('',(#3662,#3663,#3664,#3665));
#3662 = ORIENTED_EDGE('',*,*,#3648,.T.);
#3663 = ORIENTED_EDGE('',*,*,#3370,.T.);
#3664 = ORIENTED_EDGE('',*,*,#3629,.F.);
#3665 = ORIENTED_EDGE('',*,*,#3205,.F.);
#3666 = PLANE('',#3667);
#3667 = AXIS2_PLACEMENT_3D('',#3668,#3669,#3670);
#3668 = CARTESIAN_POINT('',(1.016,-3.81,0.));
#3669 = DIRECTION('',(-0.707106781187,0.707106781187,0.));
#3670 = DIRECTION('',(0.707106781187,0.707106781187,0.));
#3671 = ADVANCED_FACE('',(#3672),#3697,.F.);
#3672 = FACE_BOUND('',#3673,.F.);
#3673 = EDGE_LOOP('',(#3674,#3682,#3690,#3696));
#3674 = ORIENTED_EDGE('',*,*,#3675,.F.);
#3675 = EDGE_CURVE('',#3676,#3255,#3678,.T.);
#3676 = VERTEX_POINT('',#3677);
#3677 = CARTESIAN_POINT('',(0.32,-0.32,-2.84));
#3678 = LINE('',#3679,#3680);
#3679 = CARTESIAN_POINT('',(0.32,-0.32,-3.));
#3680 = VECTOR('',#3681,1.);
#3681 = DIRECTION('',(0.,0.,1.));
#3682 = ORIENTED_EDGE('',*,*,#3683,.F.);
#3683 = EDGE_CURVE('',#3684,#3676,#3686,.T.);
#3684 = VERTEX_POINT('',#3685);
#3685 = CARTESIAN_POINT('',(-0.32,-0.32,-2.84));
#3686 = LINE('',#3687,#3688);
#3687 = CARTESIAN_POINT('',(-0.32,-0.32,-2.84));
#3688 = VECTOR('',#3689,1.);
#3689 = DIRECTION('',(1.,0.,0.));
#3690 = ORIENTED_EDGE('',*,*,#3691,.T.);
#3691 = EDGE_CURVE('',#3684,#3257,#3692,.T.);
#3692 = LINE('',#3693,#3694);
#3693 = CARTESIAN_POINT('',(-0.32,-0.32,-3.));
#3694 = VECTOR('',#3695,1.);
#3695 = DIRECTION('',(0.,0.,1.));
#3696 = ORIENTED_EDGE('',*,*,#3254,.F.);
#3697 = PLANE('',#3698);
#3698 = AXIS2_PLACEMENT_3D('',#3699,#3700,#3701);
#3699 = CARTESIAN_POINT('',(-0.32,-0.32,-3.));
#3700 = DIRECTION('',(0.,1.,0.));
#3701 = DIRECTION('',(0.,-0.,1.));
#3702 = ADVANCED_FACE('',(#3703),#3721,.T.);
#3703 = FACE_BOUND('',#3704,.T.);
#3704 = EDGE_LOOP('',(#3705,#3706,#3714,#3720));
#3705 = ORIENTED_EDGE('',*,*,#3675,.F.);
#3706 = ORIENTED_EDGE('',*,*,#3707,.T.);
#3707 = EDGE_CURVE('',#3676,#3708,#3710,.T.);
#3708 = VERTEX_POINT('',#3709);
#3709 = CARTESIAN_POINT('',(0.32,0.32,-2.84));
#3710 = LINE('',#3711,#3712);
#3711 = CARTESIAN_POINT('',(0.32,-0.32,-2.84));
#3712 = VECTOR('',#3713,1.);
#3713 = DIRECTION('',(0.,1.,0.));
#3714 = ORIENTED_EDGE('',*,*,#3715,.T.);
#3715 = EDGE_CURVE('',#3708,#3273,#3716,.T.);
#3716 = LINE('',#3717,#3718);
#3717 = CARTESIAN_POINT('',(0.32,0.32,-3.));
#3718 = VECTOR('',#3719,1.);
#3719 = DIRECTION('',(0.,0.,1.));
#3720 = ORIENTED_EDGE('',*,*,#3280,.F.);
#3721 = PLANE('',#3722);
#3722 = AXIS2_PLACEMENT_3D('',#3723,#3724,#3725);
#3723 = CARTESIAN_POINT('',(0.32,-0.32,-3.));
#3724 = DIRECTION('',(1.,0.,0.));
#3725 = DIRECTION('',(0.,0.,1.));
#3726 = ADVANCED_FACE('',(#3727),#3745,.T.);
#3727 = FACE_BOUND('',#3728,.T.);
#3728 = EDGE_LOOP('',(#3729,#3730,#3738,#3744));
#3729 = ORIENTED_EDGE('',*,*,#3715,.F.);
#3730 = ORIENTED_EDGE('',*,*,#3731,.F.);
#3731 = EDGE_CURVE('',#3732,#3708,#3734,.T.);
#3732 = VERTEX_POINT('',#3733);
#3733 = CARTESIAN_POINT('',(-0.32,0.32,-2.84));
#3734 = LINE('',#3735,#3736);
#3735 = CARTESIAN_POINT('',(-0.32,0.32,-2.84));
#3736 = VECTOR('',#3737,1.);
#3737 = DIRECTION('',(1.,0.,0.));
#3738 = ORIENTED_EDGE('',*,*,#3739,.T.);
#3739 = EDGE_CURVE('',#3732,#3265,#3740,.T.);
#3740 = LINE('',#3741,#3742);
#3741 = CARTESIAN_POINT('',(-0.32,0.32,-3.));
#3742 = VECTOR('',#3743,1.);
#3743 = DIRECTION('',(0.,0.,1.));
#3744 = ORIENTED_EDGE('',*,*,#3272,.F.);
#3745 = PLANE('',#3746);
#3746 = AXIS2_PLACEMENT_3D('',#3747,#3748,#3749);
#3747 = CARTESIAN_POINT('',(-0.32,0.32,-3.));
#3748 = DIRECTION('',(0.,1.,0.));
#3749 = DIRECTION('',(0.,-0.,1.));
#3750 = ADVANCED_FACE('',(#3751),#3762,.F.);
#3751 = FACE_BOUND('',#3752,.F.);
#3752 = EDGE_LOOP('',(#3753,#3754,#3760,#3761));
#3753 = ORIENTED_EDGE('',*,*,#3691,.F.);
#3754 = ORIENTED_EDGE('',*,*,#3755,.T.);
#3755 = EDGE_CURVE('',#3684,#3732,#3756,.T.);
#3756 = LINE('',#3757,#3758);
#3757 = CARTESIAN_POINT('',(-0.32,-0.32,-2.84));
#3758 = VECTOR('',#3759,1.);
#3759 = DIRECTION('',(0.,1.,0.));
#3760 = ORIENTED_EDGE('',*,*,#3739,.T.);
#3761 = ORIENTED_EDGE('',*,*,#3264,.F.);
#3762 = PLANE('',#3763);
#3763 = AXIS2_PLACEMENT_3D('',#3764,#3765,#3766);
#3764 = CARTESIAN_POINT('',(-0.32,-0.32,-3.));
#3765 = DIRECTION('',(1.,0.,0.));
#3766 = DIRECTION('',(0.,0.,1.));
#3767 = ADVANCED_FACE('',(#3768),#3793,.F.);
#3768 = FACE_BOUND('',#3769,.F.);
#3769 = EDGE_LOOP('',(#3770,#3778,#3786,#3792));
#3770 = ORIENTED_EDGE('',*,*,#3771,.F.);
#3771 = EDGE_CURVE('',#3772,#3289,#3774,.T.);
#3772 = VERTEX_POINT('',#3773);
#3773 = CARTESIAN_POINT('',(0.32,-2.86,-2.84));
#3774 = LINE('',#3775,#3776);
#3775 = CARTESIAN_POINT('',(0.32,-2.86,-3.));
#3776 = VECTOR('',#3777,1.);
#3777 = DIRECTION('',(0.,0.,1.));
#3778 = ORIENTED_EDGE('',*,*,#3779,.F.);
#3779 = EDGE_CURVE('',#3780,#3772,#3782,.T.);
#3780 = VERTEX_POINT('',#3781);
#3781 = CARTESIAN_POINT('',(-0.32,-2.86,-2.84));
#3782 = LINE('',#3783,#3784);
#3783 = CARTESIAN_POINT('',(-0.32,-2.86,-2.84));
#3784 = VECTOR('',#3785,1.);
#3785 = DIRECTION('',(1.,0.,0.));
#3786 = ORIENTED_EDGE('',*,*,#3787,.T.);
#3787 = EDGE_CURVE('',#3780,#3291,#3788,.T.);
#3788 = LINE('',#3789,#3790);
#3789 = CARTESIAN_POINT('',(-0.32,-2.86,-3.));
#3790 = VECTOR('',#3791,1.);
#3791 = DIRECTION('',(0.,0.,1.));
#3792 = ORIENTED_EDGE('',*,*,#3288,.F.);
#3793 = PLANE('',#3794);
#3794 = AXIS2_PLACEMENT_3D('',#3795,#3796,#3797);
#3795 = CARTESIAN_POINT('',(-0.32,-2.86,-3.));
#3796 = DIRECTION('',(0.,1.,0.));
#3797 = DIRECTION('',(0.,-0.,1.));
#3798 = ADVANCED_FACE('',(#3799),#3817,.T.);
#3799 = FACE_BOUND('',#3800,.T.);
#3800 = EDGE_LOOP('',(#3801,#3802,#3810,#3816));
#3801 = ORIENTED_EDGE('',*,*,#3771,.F.);
#3802 = ORIENTED_EDGE('',*,*,#3803,.T.);
#3803 = EDGE_CURVE('',#3772,#3804,#3806,.T.);
#3804 = VERTEX_POINT('',#3805);
#3805 = CARTESIAN_POINT('',(0.32,-2.22,-2.84));
#3806 = LINE('',#3807,#3808);
#3807 = CARTESIAN_POINT('',(0.32,-2.86,-2.84));
#3808 = VECTOR('',#3809,1.);
#3809 = DIRECTION('',(0.,1.,0.));
#3810 = ORIENTED_EDGE('',*,*,#3811,.T.);
#3811 = EDGE_CURVE('',#3804,#3307,#3812,.T.);
#3812 = LINE('',#3813,#3814);
#3813 = CARTESIAN_POINT('',(0.32,-2.22,-3.));
#3814 = VECTOR('',#3815,1.);
#3815 = DIRECTION('',(0.,0.,1.));
#3816 = ORIENTED_EDGE('',*,*,#3314,.F.);
#3817 = PLANE('',#3818);
#3818 = AXIS2_PLACEMENT_3D('',#3819,#3820,#3821);
#3819 = CARTESIAN_POINT('',(0.32,-2.86,-3.));
#3820 = DIRECTION('',(1.,0.,0.));
#3821 = DIRECTION('',(0.,0.,1.));
#3822 = ADVANCED_FACE('',(#3823),#3841,.T.);
#3823 = FACE_BOUND('',#3824,.T.);
#3824 = EDGE_LOOP('',(#3825,#3826,#3834,#3840));
#3825 = ORIENTED_EDGE('',*,*,#3811,.F.);
#3826 = ORIENTED_EDGE('',*,*,#3827,.F.);
#3827 = EDGE_CURVE('',#3828,#3804,#3830,.T.);
#3828 = VERTEX_POINT('',#3829);
#3829 = CARTESIAN_POINT('',(-0.32,-2.22,-2.84));
#3830 = LINE('',#3831,#3832);
#3831 = CARTESIAN_POINT('',(-0.32,-2.22,-2.84));
#3832 = VECTOR('',#3833,1.);
#3833 = DIRECTION('',(1.,0.,0.));
#3834 = ORIENTED_EDGE('',*,*,#3835,.T.);
#3835 = EDGE_CURVE('',#3828,#3299,#3836,.T.);
#3836 = LINE('',#3837,#3838);
#3837 = CARTESIAN_POINT('',(-0.32,-2.22,-3.));
#3838 = VECTOR('',#3839,1.);
#3839 = DIRECTION('',(0.,0.,1.));
#3840 = ORIENTED_EDGE('',*,*,#3306,.F.);
#3841 = PLANE('',#3842);
#3842 = AXIS2_PLACEMENT_3D('',#3843,#3844,#3845);
#3843 = CARTESIAN_POINT('',(-0.32,-2.22,-3.));
#3844 = DIRECTION('',(0.,1.,0.));
#3845 = DIRECTION('',(0.,-0.,1.));
#3846 = ADVANCED_FACE('',(#3847),#3858,.F.);
#3847 = FACE_BOUND('',#3848,.F.);
#3848 = EDGE_LOOP('',(#3849,#3850,#3856,#3857));
#3849 = ORIENTED_EDGE('',*,*,#3787,.F.);
#3850 = ORIENTED_EDGE('',*,*,#3851,.T.);
#3851 = EDGE_CURVE('',#3780,#3828,#3852,.T.);
#3852 = LINE('',#3853,#3854);
#3853 = CARTESIAN_POINT('',(-0.32,-2.86,-2.84));
#3854 = VECTOR('',#3855,1.);
#3855 = DIRECTION('',(0.,1.,0.));
#3856 = ORIENTED_EDGE('',*,*,#3835,.T.);
#3857 = ORIENTED_EDGE('',*,*,#3298,.F.);
#3858 = PLANE('',#3859);
#3859 = AXIS2_PLACEMENT_3D('',#3860,#3861,#3862);
#3860 = CARTESIAN_POINT('',(-0.32,-2.86,-3.));
#3861 = DIRECTION('',(1.,0.,0.));
#3862 = DIRECTION('',(0.,0.,1.));
#3863 = ADVANCED_FACE('',(#3864),#3889,.F.);
#3864 = FACE_BOUND('',#3865,.F.);
#3865 = EDGE_LOOP('',(#3866,#3874,#3875,#3883));
#3866 = ORIENTED_EDGE('',*,*,#3867,.F.);
#3867 = EDGE_CURVE('',#3420,#3868,#3870,.T.);
#3868 = VERTEX_POINT('',#3869);
#3869 = CARTESIAN_POINT('',(0.32,-0.32,8.38));
#3870 = LINE('',#3871,#3872);
#3871 = CARTESIAN_POINT('',(0.32,-0.32,-3.));
#3872 = VECTOR('',#3873,1.);
#3873 = DIRECTION('',(0.,0.,1.));
#3874 = ORIENTED_EDGE('',*,*,#3419,.T.);
#3875 = ORIENTED_EDGE('',*,*,#3876,.T.);
#3876 = EDGE_CURVE('',#3422,#3877,#3879,.T.);
#3877 = VERTEX_POINT('',#3878);
#3878 = CARTESIAN_POINT('',(-0.32,-0.32,8.38));
#3879 = LINE('',#3880,#3881);
#3880 = CARTESIAN_POINT('',(-0.32,-0.32,-3.));
#3881 = VECTOR('',#3882,1.);
#3882 = DIRECTION('',(0.,0.,1.));
#3883 = ORIENTED_EDGE('',*,*,#3884,.T.);
#3884 = EDGE_CURVE('',#3877,#3868,#3885,.T.);
#3885 = LINE('',#3886,#3887);
#3886 = CARTESIAN_POINT('',(-0.32,-0.32,8.38));
#3887 = VECTOR('',#3888,1.);
#3888 = DIRECTION('',(1.,0.,0.));
#3889 = PLANE('',#3890);
#3890 = AXIS2_PLACEMENT_3D('',#3891,#3892,#3893);
#3891 = CARTESIAN_POINT('',(-0.32,-0.32,-3.));
#3892 = DIRECTION('',(0.,1.,0.));
#3893 = DIRECTION('',(0.,-0.,1.));
#3894 = ADVANCED_FACE('',(#3895),#3913,.T.);
#3895 = FACE_BOUND('',#3896,.T.);
#3896 = EDGE_LOOP('',(#3897,#3898,#3899,#3907));
#3897 = ORIENTED_EDGE('',*,*,#3867,.F.);
#3898 = ORIENTED_EDGE('',*,*,#3445,.T.);
#3899 = ORIENTED_EDGE('',*,*,#3900,.T.);
#3900 = EDGE_CURVE('',#3438,#3901,#3903,.T.);
#3901 = VERTEX_POINT('',#3902);
#3902 = CARTESIAN_POINT('',(0.32,0.32,8.38));
#3903 = LINE('',#3904,#3905);
#3904 = CARTESIAN_POINT('',(0.32,0.32,-3.));
#3905 = VECTOR('',#3906,1.);
#3906 = DIRECTION('',(0.,0.,1.));
#3907 = ORIENTED_EDGE('',*,*,#3908,.F.);
#3908 = EDGE_CURVE('',#3868,#3901,#3909,.T.);
#3909 = LINE('',#3910,#3911);
#3910 = CARTESIAN_POINT('',(0.32,-0.32,8.38));
#3911 = VECTOR('',#3912,1.);
#3912 = DIRECTION('',(0.,1.,0.));
#3913 = PLANE('',#3914);
#3914 = AXIS2_PLACEMENT_3D('',#3915,#3916,#3917);
#3915 = CARTESIAN_POINT('',(0.32,-0.32,-3.));
#3916 = DIRECTION('',(1.,0.,0.));
#3917 = DIRECTION('',(0.,0.,1.));
#3918 = ADVANCED_FACE('',(#3919),#3937,.T.);
#3919 = FACE_BOUND('',#3920,.T.);
#3920 = EDGE_LOOP('',(#3921,#3922,#3923,#3931));
#3921 = ORIENTED_EDGE('',*,*,#3900,.F.);
#3922 = ORIENTED_EDGE('',*,*,#3437,.T.);
#3923 = ORIENTED_EDGE('',*,*,#3924,.T.);
#3924 = EDGE_CURVE('',#3430,#3925,#3927,.T.);
#3925 = VERTEX_POINT('',#3926);
#3926 = CARTESIAN_POINT('',(-0.32,0.32,8.38));
#3927 = LINE('',#3928,#3929);
#3928 = CARTESIAN_POINT('',(-0.32,0.32,-3.));
#3929 = VECTOR('',#3930,1.);
#3930 = DIRECTION('',(0.,0.,1.));
#3931 = ORIENTED_EDGE('',*,*,#3932,.T.);
#3932 = EDGE_CURVE('',#3925,#3901,#3933,.T.);
#3933 = LINE('',#3934,#3935);
#3934 = CARTESIAN_POINT('',(-0.32,0.32,8.38));
#3935 = VECTOR('',#3936,1.);
#3936 = DIRECTION('',(1.,0.,0.));
#3937 = PLANE('',#3938);
#3938 = AXIS2_PLACEMENT_3D('',#3939,#3940,#3941);
#3939 = CARTESIAN_POINT('',(-0.32,0.32,-3.));
#3940 = DIRECTION('',(0.,1.,0.));
#3941 = DIRECTION('',(0.,-0.,1.));
#3942 = ADVANCED_FACE('',(#3943),#3954,.F.);
#3943 = FACE_BOUND('',#3944,.F.);
#3944 = EDGE_LOOP('',(#3945,#3946,#3947,#3948));
#3945 = ORIENTED_EDGE('',*,*,#3876,.F.);
#3946 = ORIENTED_EDGE('',*,*,#3429,.T.);
#3947 = ORIENTED_EDGE('',*,*,#3924,.T.);
#3948 = ORIENTED_EDGE('',*,*,#3949,.F.);
#3949 = EDGE_CURVE('',#3877,#3925,#3950,.T.);
#3950 = LINE('',#3951,#3952);
#3951 = CARTESIAN_POINT('',(-0.32,-0.32,8.38));
#3952 = VECTOR('',#3953,1.);
#3953 = DIRECTION('',(0.,1.,0.));
#3954 = PLANE('',#3955);
#3955 = AXIS2_PLACEMENT_3D('',#3956,#3957,#3958);
#3956 = CARTESIAN_POINT('',(-0.32,-0.32,-3.));
#3957 = DIRECTION('',(1.,0.,0.));
#3958 = DIRECTION('',(0.,0.,1.));
#3959 = ADVANCED_FACE('',(#3960),#3985,.F.);
#3960 = FACE_BOUND('',#3961,.F.);
#3961 = EDGE_LOOP('',(#3962,#3970,#3971,#3979));
#3962 = ORIENTED_EDGE('',*,*,#3963,.F.);
#3963 = EDGE_CURVE('',#3454,#3964,#3966,.T.);
#3964 = VERTEX_POINT('',#3965);
#3965 = CARTESIAN_POINT('',(0.32,-2.86,8.38));
#3966 = LINE('',#3967,#3968);
#3967 = CARTESIAN_POINT('',(0.32,-2.86,-3.));
#3968 = VECTOR('',#3969,1.);
#3969 = DIRECTION('',(0.,0.,1.));
#3970 = ORIENTED_EDGE('',*,*,#3453,.T.);
#3971 = ORIENTED_EDGE('',*,*,#3972,.T.);
#3972 = EDGE_CURVE('',#3456,#3973,#3975,.T.);
#3973 = VERTEX_POINT('',#3974);
#3974 = CARTESIAN_POINT('',(-0.32,-2.86,8.38));
#3975 = LINE('',#3976,#3977);
#3976 = CARTESIAN_POINT('',(-0.32,-2.86,-3.));
#3977 = VECTOR('',#3978,1.);
#3978 = DIRECTION('',(0.,0.,1.));
#3979 = ORIENTED_EDGE('',*,*,#3980,.T.);
#3980 = EDGE_CURVE('',#3973,#3964,#3981,.T.);
#3981 = LINE('',#3982,#3983);
#3982 = CARTESIAN_POINT('',(-0.32,-2.86,8.38));
#3983 = VECTOR('',#3984,1.);
#3984 = DIRECTION('',(1.,0.,0.));
#3985 = PLANE('',#3986);
#3986 = AXIS2_PLACEMENT_3D('',#3987,#3988,#3989);
#3987 = CARTESIAN_POINT('',(-0.32,-2.86,-3.));
#3988 = DIRECTION('',(0.,1.,0.));
#3989 = DIRECTION('',(0.,-0.,1.));
#3990 = ADVANCED_FACE('',(#3991),#4009,.T.);
#3991 = FACE_BOUND('',#3992,.T.);
#3992 = EDGE_LOOP('',(#3993,#3994,#3995,#4003));
#3993 = ORIENTED_EDGE('',*,*,#3963,.F.);
#3994 = ORIENTED_EDGE('',*,*,#3479,.T.);
#3995 = ORIENTED_EDGE('',*,*,#3996,.T.);
#3996 = EDGE_CURVE('',#3472,#3997,#3999,.T.);
#3997 = VERTEX_POINT('',#3998);
#3998 = CARTESIAN_POINT('',(0.32,-2.22,8.38));
#3999 = LINE('',#4000,#4001);
#4000 = CARTESIAN_POINT('',(0.32,-2.22,-3.));
#4001 = VECTOR('',#4002,1.);
#4002 = DIRECTION('',(0.,0.,1.));
#4003 = ORIENTED_EDGE('',*,*,#4004,.F.);
#4004 = EDGE_CURVE('',#3964,#3997,#4005,.T.);
#4005 = LINE('',#4006,#4007);
#4006 = CARTESIAN_POINT('',(0.32,-2.86,8.38));
#4007 = VECTOR('',#4008,1.);
#4008 = DIRECTION('',(0.,1.,0.));
#4009 = PLANE('',#4010);
#4010 = AXIS2_PLACEMENT_3D('',#4011,#4012,#4013);
#4011 = CARTESIAN_POINT('',(0.32,-2.86,-3.));
#4012 = DIRECTION('',(1.,0.,0.));
#4013 = DIRECTION('',(0.,0.,1.));
#4014 = ADVANCED_FACE('',(#4015),#4033,.T.);
#4015 = FACE_BOUND('',#4016,.T.);
#4016 = EDGE_LOOP('',(#4017,#4018,#4019,#4027));
#4017 = ORIENTED_EDGE('',*,*,#3996,.F.);
#4018 = ORIENTED_EDGE('',*,*,#3471,.T.);
#4019 = ORIENTED_EDGE('',*,*,#4020,.T.);
#4020 = EDGE_CURVE('',#3464,#4021,#4023,.T.);
#4021 = VERTEX_POINT('',#4022);
#4022 = CARTESIAN_POINT('',(-0.32,-2.22,8.38));
#4023 = LINE('',#4024,#4025);
#4024 = CARTESIAN_POINT('',(-0.32,-2.22,-3.));
#4025 = VECTOR('',#4026,1.);
#4026 = DIRECTION('',(0.,0.,1.));
#4027 = ORIENTED_EDGE('',*,*,#4028,.T.);
#4028 = EDGE_CURVE('',#4021,#3997,#4029,.T.);
#4029 = LINE('',#4030,#4031);
#4030 = CARTESIAN_POINT('',(-0.32,-2.22,8.38));
#4031 = VECTOR('',#4032,1.);
#4032 = DIRECTION('',(1.,0.,0.));
#4033 = PLANE('',#4034);
#4034 = AXIS2_PLACEMENT_3D('',#4035,#4036,#4037);
#4035 = CARTESIAN_POINT('',(-0.32,-2.22,-3.));
#4036 = DIRECTION('',(0.,1.,0.));
#4037 = DIRECTION('',(0.,-0.,1.));
#4038 = ADVANCED_FACE('',(#4039),#4050,.F.);
#4039 = FACE_BOUND('',#4040,.F.);
#4040 = EDGE_LOOP('',(#4041,#4042,#4043,#4044));
#4041 = ORIENTED_EDGE('',*,*,#3972,.F.);
#4042 = ORIENTED_EDGE('',*,*,#3463,.T.);
#4043 = ORIENTED_EDGE('',*,*,#4020,.T.);
#4044 = ORIENTED_EDGE('',*,*,#4045,.F.);
#4045 = EDGE_CURVE('',#3973,#4021,#4046,.T.);
#4046 = LINE('',#4047,#4048);
#4047 = CARTESIAN_POINT('',(-0.32,-2.86,8.38));
#4048 = VECTOR('',#4049,1.);
#4049 = DIRECTION('',(0.,1.,0.));
#4050 = PLANE('',#4051);
#4051 = AXIS2_PLACEMENT_3D('',#4052,#4053,#4054);
#4052 = CARTESIAN_POINT('',(-0.32,-2.86,-3.));
#4053 = DIRECTION('',(1.,0.,0.));
#4054 = DIRECTION('',(0.,0.,1.));
#4055 = ADVANCED_FACE('',(#4056),#4081,.T.);
#4056 = FACE_BOUND('',#4057,.F.);
#4057 = EDGE_LOOP('',(#4058,#4066,#4067,#4075));
#4058 = ORIENTED_EDGE('',*,*,#4059,.F.);
#4059 = EDGE_CURVE('',#3684,#4060,#4062,.T.);
#4060 = VERTEX_POINT('',#4061);
#4061 = CARTESIAN_POINT('',(-0.16,-0.16,-3.));
#4062 = LINE('',#4063,#4064);
#4063 = CARTESIAN_POINT('',(-0.266666666667,-0.266666666667,
    -2.893333333333));
#4064 = VECTOR('',#4065,1.);
#4065 = DIRECTION('',(0.57735026919,0.57735026919,-0.57735026919));
#4066 = ORIENTED_EDGE('',*,*,#3683,.T.);
#4067 = ORIENTED_EDGE('',*,*,#4068,.T.);
#4068 = EDGE_CURVE('',#3676,#4069,#4071,.T.);
#4069 = VERTEX_POINT('',#4070);
#4070 = CARTESIAN_POINT('',(0.16,-0.16,-3.));
#4071 = LINE('',#4072,#4073);
#4072 = CARTESIAN_POINT('',(0.16,-0.16,-3.));
#4073 = VECTOR('',#4074,1.);
#4074 = DIRECTION('',(-0.57735026919,0.57735026919,-0.57735026919));
#4075 = ORIENTED_EDGE('',*,*,#4076,.F.);
#4076 = EDGE_CURVE('',#4060,#4069,#4077,.T.);
#4077 = LINE('',#4078,#4079);
#4078 = CARTESIAN_POINT('',(-0.32,-0.16,-3.));
#4079 = VECTOR('',#4080,1.);
#4080 = DIRECTION('',(1.,0.,0.));
#4081 = PLANE('',#4082);
#4082 = AXIS2_PLACEMENT_3D('',#4083,#4084,#4085);
#4083 = CARTESIAN_POINT('',(-0.32,-0.24,-2.92));
#4084 = DIRECTION('',(1.735167508357E-18,-0.707106781187,-0.707106781187
    ));
#4085 = DIRECTION('',(-1.,-1.226948711654E-18,-1.226948711654E-18));
#4086 = ADVANCED_FACE('',(#4087),#4105,.F.);
#4087 = FACE_BOUND('',#4088,.F.);
#4088 = EDGE_LOOP('',(#4089,#4090,#4091,#4099));
#4089 = ORIENTED_EDGE('',*,*,#4068,.F.);
#4090 = ORIENTED_EDGE('',*,*,#3707,.T.);
#4091 = ORIENTED_EDGE('',*,*,#4092,.T.);
#4092 = EDGE_CURVE('',#3708,#4093,#4095,.T.);
#4093 = VERTEX_POINT('',#4094);
#4094 = CARTESIAN_POINT('',(0.16,0.16,-3.));
#4095 = LINE('',#4096,#4097);
#4096 = CARTESIAN_POINT('',(5.333333333333E-02,5.333333333333E-02,
    -3.106666666667));
#4097 = VECTOR('',#4098,1.);
#4098 = DIRECTION('',(-0.57735026919,-0.57735026919,-0.57735026919));
#4099 = ORIENTED_EDGE('',*,*,#4100,.F.);
#4100 = EDGE_CURVE('',#4069,#4093,#4101,.T.);
#4101 = LINE('',#4102,#4103);
#4102 = CARTESIAN_POINT('',(0.16,-0.32,-3.));
#4103 = VECTOR('',#4104,1.);
#4104 = DIRECTION('',(0.,1.,0.));
#4105 = PLANE('',#4106);
#4106 = AXIS2_PLACEMENT_3D('',#4107,#4108,#4109);
#4107 = CARTESIAN_POINT('',(0.24,-0.32,-2.92));
#4108 = DIRECTION('',(-0.707106781187,1.735167508357E-18,0.707106781187)
  );
#4109 = DIRECTION('',(1.226948711654E-18,1.,-1.226948711654E-18));
#4110 = ADVANCED_FACE('',(#4111),#4129,.F.);
#4111 = FACE_BOUND('',#4112,.T.);
#4112 = EDGE_LOOP('',(#4113,#4121,#4122,#4123));
#4113 = ORIENTED_EDGE('',*,*,#4114,.F.);
#4114 = EDGE_CURVE('',#3732,#4115,#4117,.T.);
#4115 = VERTEX_POINT('',#4116);
#4116 = CARTESIAN_POINT('',(-0.16,0.16,-3.));
#4117 = LINE('',#4118,#4119);
#4118 = CARTESIAN_POINT('',(-0.16,0.16,-3.));
#4119 = VECTOR('',#4120,1.);
#4120 = DIRECTION('',(0.57735026919,-0.57735026919,-0.57735026919));
#4121 = ORIENTED_EDGE('',*,*,#3731,.T.);
#4122 = ORIENTED_EDGE('',*,*,#4092,.T.);
#4123 = ORIENTED_EDGE('',*,*,#4124,.F.);
#4124 = EDGE_CURVE('',#4115,#4093,#4125,.T.);
#4125 = LINE('',#4126,#4127);
#4126 = CARTESIAN_POINT('',(-0.32,0.16,-3.));
#4127 = VECTOR('',#4128,1.);
#4128 = DIRECTION('',(1.,0.,0.));
#4129 = PLANE('',#4130);
#4130 = AXIS2_PLACEMENT_3D('',#4131,#4132,#4133);
#4131 = CARTESIAN_POINT('',(-0.32,0.24,-2.92));
#4132 = DIRECTION('',(-1.735167508357E-18,-0.707106781187,0.707106781187
    ));
#4133 = DIRECTION('',(-1.,1.226948711654E-18,-1.226948711654E-18));
#4134 = ADVANCED_FACE('',(#4135),#4146,.T.);
#4135 = FACE_BOUND('',#4136,.T.);
#4136 = EDGE_LOOP('',(#4137,#4138,#4139,#4140));
#4137 = ORIENTED_EDGE('',*,*,#4059,.F.);
#4138 = ORIENTED_EDGE('',*,*,#3755,.T.);
#4139 = ORIENTED_EDGE('',*,*,#4114,.T.);
#4140 = ORIENTED_EDGE('',*,*,#4141,.F.);
#4141 = EDGE_CURVE('',#4060,#4115,#4142,.T.);
#4142 = LINE('',#4143,#4144);
#4143 = CARTESIAN_POINT('',(-0.16,-0.32,-3.));
#4144 = VECTOR('',#4145,1.);
#4145 = DIRECTION('',(0.,1.,0.));
#4146 = PLANE('',#4147);
#4147 = AXIS2_PLACEMENT_3D('',#4148,#4149,#4150);
#4148 = CARTESIAN_POINT('',(-0.24,-0.32,-2.92));
#4149 = DIRECTION('',(-0.707106781187,-1.735167508357E-18,
    -0.707106781187));
#4150 = DIRECTION('',(-1.226948711654E-18,1.,-1.226948711654E-18));
#4151 = ADVANCED_FACE('',(#4152),#4177,.T.);
#4152 = FACE_BOUND('',#4153,.F.);
#4153 = EDGE_LOOP('',(#4154,#4162,#4163,#4171));
#4154 = ORIENTED_EDGE('',*,*,#4155,.F.);
#4155 = EDGE_CURVE('',#3780,#4156,#4158,.T.);
#4156 = VERTEX_POINT('',#4157);
#4157 = CARTESIAN_POINT('',(-0.16,-2.7,-3.));
#4158 = LINE('',#4159,#4160);
#4159 = CARTESIAN_POINT('',(-0.266666666667,-2.806666666667,
    -2.893333333333));
#4160 = VECTOR('',#4161,1.);
#4161 = DIRECTION('',(0.57735026919,0.57735026919,-0.57735026919));
#4162 = ORIENTED_EDGE('',*,*,#3779,.T.);
#4163 = ORIENTED_EDGE('',*,*,#4164,.T.);
#4164 = EDGE_CURVE('',#3772,#4165,#4167,.T.);
#4165 = VERTEX_POINT('',#4166);
#4166 = CARTESIAN_POINT('',(0.16,-2.7,-3.));
#4167 = LINE('',#4168,#4169);
#4168 = CARTESIAN_POINT('',(0.16,-2.7,-3.));
#4169 = VECTOR('',#4170,1.);
#4170 = DIRECTION('',(-0.57735026919,0.57735026919,-0.57735026919));
#4171 = ORIENTED_EDGE('',*,*,#4172,.F.);
#4172 = EDGE_CURVE('',#4156,#4165,#4173,.T.);
#4173 = LINE('',#4174,#4175);
#4174 = CARTESIAN_POINT('',(-0.32,-2.7,-3.));
#4175 = VECTOR('',#4176,1.);
#4176 = DIRECTION('',(1.,0.,0.));
#4177 = PLANE('',#4178);
#4178 = AXIS2_PLACEMENT_3D('',#4179,#4180,#4181);
#4179 = CARTESIAN_POINT('',(-0.32,-2.78,-2.92));
#4180 = DIRECTION('',(1.735167508357E-18,-0.707106781187,-0.707106781187
    ));
#4181 = DIRECTION('',(-1.,-1.226948711654E-18,-1.226948711654E-18));
#4182 = ADVANCED_FACE('',(#4183),#4201,.F.);
#4183 = FACE_BOUND('',#4184,.F.);
#4184 = EDGE_LOOP('',(#4185,#4186,#4187,#4195));
#4185 = ORIENTED_EDGE('',*,*,#4164,.F.);
#4186 = ORIENTED_EDGE('',*,*,#3803,.T.);
#4187 = ORIENTED_EDGE('',*,*,#4188,.T.);
#4188 = EDGE_CURVE('',#3804,#4189,#4191,.T.);
#4189 = VERTEX_POINT('',#4190);
#4190 = CARTESIAN_POINT('',(0.16,-2.38,-3.));
#4191 = LINE('',#4192,#4193);
#4192 = CARTESIAN_POINT('',(5.333333333333E-02,-2.486666666667,
    -3.106666666667));
#4193 = VECTOR('',#4194,1.);
#4194 = DIRECTION('',(-0.57735026919,-0.57735026919,-0.57735026919));
#4195 = ORIENTED_EDGE('',*,*,#4196,.F.);
#4196 = EDGE_CURVE('',#4165,#4189,#4197,.T.);
#4197 = LINE('',#4198,#4199);
#4198 = CARTESIAN_POINT('',(0.16,-2.86,-3.));
#4199 = VECTOR('',#4200,1.);
#4200 = DIRECTION('',(0.,1.,0.));
#4201 = PLANE('',#4202);
#4202 = AXIS2_PLACEMENT_3D('',#4203,#4204,#4205);
#4203 = CARTESIAN_POINT('',(0.24,-2.86,-2.92));
#4204 = DIRECTION('',(-0.707106781187,1.735167508357E-18,0.707106781187)
  );
#4205 = DIRECTION('',(1.226948711654E-18,1.,-1.226948711654E-18));
#4206 = ADVANCED_FACE('',(#4207),#4225,.F.);
#4207 = FACE_BOUND('',#4208,.T.);
#4208 = EDGE_LOOP('',(#4209,#4217,#4218,#4219));
#4209 = ORIENTED_EDGE('',*,*,#4210,.F.);
#4210 = EDGE_CURVE('',#3828,#4211,#4213,.T.);
#4211 = VERTEX_POINT('',#4212);
#4212 = CARTESIAN_POINT('',(-0.16,-2.38,-3.));
#4213 = LINE('',#4214,#4215);
#4214 = CARTESIAN_POINT('',(-0.16,-2.38,-3.));
#4215 = VECTOR('',#4216,1.);
#4216 = DIRECTION('',(0.57735026919,-0.57735026919,-0.57735026919));
#4217 = ORIENTED_EDGE('',*,*,#3827,.T.);
#4218 = ORIENTED_EDGE('',*,*,#4188,.T.);
#4219 = ORIENTED_EDGE('',*,*,#4220,.F.);
#4220 = EDGE_CURVE('',#4211,#4189,#4221,.T.);
#4221 = LINE('',#4222,#4223);
#4222 = CARTESIAN_POINT('',(-0.32,-2.38,-3.));
#4223 = VECTOR('',#4224,1.);
#4224 = DIRECTION('',(1.,0.,0.));
#4225 = PLANE('',#4226);
#4226 = AXIS2_PLACEMENT_3D('',#4227,#4228,#4229);
#4227 = CARTESIAN_POINT('',(-0.32,-2.3,-2.92));
#4228 = DIRECTION('',(-1.735167508357E-18,-0.707106781187,0.707106781187
    ));
#4229 = DIRECTION('',(-1.,1.226948711654E-18,-1.226948711654E-18));
#4230 = ADVANCED_FACE('',(#4231),#4242,.T.);
#4231 = FACE_BOUND('',#4232,.T.);
#4232 = EDGE_LOOP('',(#4233,#4234,#4235,#4236));
#4233 = ORIENTED_EDGE('',*,*,#4155,.F.);
#4234 = ORIENTED_EDGE('',*,*,#3851,.T.);
#4235 = ORIENTED_EDGE('',*,*,#4210,.T.);
#4236 = ORIENTED_EDGE('',*,*,#4237,.F.);
#4237 = EDGE_CURVE('',#4156,#4211,#4238,.T.);
#4238 = LINE('',#4239,#4240);
#4239 = CARTESIAN_POINT('',(-0.16,-2.86,-3.));
#4240 = VECTOR('',#4241,1.);
#4241 = DIRECTION('',(0.,1.,0.));
#4242 = PLANE('',#4243);
#4243 = AXIS2_PLACEMENT_3D('',#4244,#4245,#4246);
#4244 = CARTESIAN_POINT('',(-0.24,-2.86,-2.92));
#4245 = DIRECTION('',(-0.707106781187,-1.735167508357E-18,
    -0.707106781187));
#4246 = DIRECTION('',(-1.226948711654E-18,1.,-1.226948711654E-18));
#4247 = ADVANCED_FACE('',(#4248),#4273,.F.);
#4248 = FACE_BOUND('',#4249,.T.);
#4249 = EDGE_LOOP('',(#4250,#4258,#4259,#4267));
#4250 = ORIENTED_EDGE('',*,*,#4251,.F.);
#4251 = EDGE_CURVE('',#3877,#4252,#4254,.T.);
#4252 = VERTEX_POINT('',#4253);
#4253 = CARTESIAN_POINT('',(-0.16,-0.16,8.54));
#4254 = LINE('',#4255,#4256);
#4255 = CARTESIAN_POINT('',(-0.266666666667,-0.266666666667,
    8.433333333333));
#4256 = VECTOR('',#4257,1.);
#4257 = DIRECTION('',(0.57735026919,0.57735026919,0.57735026919));
#4258 = ORIENTED_EDGE('',*,*,#3884,.T.);
#4259 = ORIENTED_EDGE('',*,*,#4260,.T.);
#4260 = EDGE_CURVE('',#3868,#4261,#4263,.T.);
#4261 = VERTEX_POINT('',#4262);
#4262 = CARTESIAN_POINT('',(0.16,-0.16,8.54));
#4263 = LINE('',#4264,#4265);
#4264 = CARTESIAN_POINT('',(0.16,-0.16,8.54));
#4265 = VECTOR('',#4266,1.);
#4266 = DIRECTION('',(-0.57735026919,0.57735026919,0.57735026919));
#4267 = ORIENTED_EDGE('',*,*,#4268,.F.);
#4268 = EDGE_CURVE('',#4252,#4261,#4269,.T.);
#4269 = LINE('',#4270,#4271);
#4270 = CARTESIAN_POINT('',(-0.32,-0.16,8.54));
#4271 = VECTOR('',#4272,1.);
#4272 = DIRECTION('',(1.,0.,0.));
#4273 = PLANE('',#4274);
#4274 = AXIS2_PLACEMENT_3D('',#4275,#4276,#4277);
#4275 = CARTESIAN_POINT('',(-0.32,-0.24,8.46));
#4276 = DIRECTION('',(-1.735167508357E-18,0.707106781187,-0.707106781187
    ));
#4277 = DIRECTION('',(-1.,-1.226948711654E-18,1.226948711654E-18));
#4278 = ADVANCED_FACE('',(#4279),#4297,.T.);
#4279 = FACE_BOUND('',#4280,.T.);
#4280 = EDGE_LOOP('',(#4281,#4282,#4283,#4291));
#4281 = ORIENTED_EDGE('',*,*,#4260,.F.);
#4282 = ORIENTED_EDGE('',*,*,#3908,.T.);
#4283 = ORIENTED_EDGE('',*,*,#4284,.T.);
#4284 = EDGE_CURVE('',#3901,#4285,#4287,.T.);
#4285 = VERTEX_POINT('',#4286);
#4286 = CARTESIAN_POINT('',(0.16,0.16,8.54));
#4287 = LINE('',#4288,#4289);
#4288 = CARTESIAN_POINT('',(5.333333333333E-02,5.333333333333E-02,
    8.646666666667));
#4289 = VECTOR('',#4290,1.);
#4290 = DIRECTION('',(-0.57735026919,-0.57735026919,0.57735026919));
#4291 = ORIENTED_EDGE('',*,*,#4292,.F.);
#4292 = EDGE_CURVE('',#4261,#4285,#4293,.T.);
#4293 = LINE('',#4294,#4295);
#4294 = CARTESIAN_POINT('',(0.16,-0.32,8.54));
#4295 = VECTOR('',#4296,1.);
#4296 = DIRECTION('',(0.,1.,0.));
#4297 = PLANE('',#4298);
#4298 = AXIS2_PLACEMENT_3D('',#4299,#4300,#4301);
#4299 = CARTESIAN_POINT('',(0.24,-0.32,8.46));
#4300 = DIRECTION('',(0.707106781187,-1.735167508357E-18,0.707106781187)
  );
#4301 = DIRECTION('',(1.226948711654E-18,1.,1.226948711654E-18));
#4302 = ADVANCED_FACE('',(#4303),#4321,.T.);
#4303 = FACE_BOUND('',#4304,.F.);
#4304 = EDGE_LOOP('',(#4305,#4313,#4314,#4315));
#4305 = ORIENTED_EDGE('',*,*,#4306,.F.);
#4306 = EDGE_CURVE('',#3925,#4307,#4309,.T.);
#4307 = VERTEX_POINT('',#4308);
#4308 = CARTESIAN_POINT('',(-0.16,0.16,8.54));
#4309 = LINE('',#4310,#4311);
#4310 = CARTESIAN_POINT('',(-0.16,0.16,8.54));
#4311 = VECTOR('',#4312,1.);
#4312 = DIRECTION('',(0.57735026919,-0.57735026919,0.57735026919));
#4313 = ORIENTED_EDGE('',*,*,#3932,.T.);
#4314 = ORIENTED_EDGE('',*,*,#4284,.T.);
#4315 = ORIENTED_EDGE('',*,*,#4316,.F.);
#4316 = EDGE_CURVE('',#4307,#4285,#4317,.T.);
#4317 = LINE('',#4318,#4319);
#4318 = CARTESIAN_POINT('',(-0.32,0.16,8.54));
#4319 = VECTOR('',#4320,1.);
#4320 = DIRECTION('',(1.,0.,0.));
#4321 = PLANE('',#4322);
#4322 = AXIS2_PLACEMENT_3D('',#4323,#4324,#4325);
#4323 = CARTESIAN_POINT('',(-0.32,0.24,8.46));
#4324 = DIRECTION('',(1.735167508357E-18,0.707106781187,0.707106781187)
  );
#4325 = DIRECTION('',(-1.,1.226948711654E-18,1.226948711654E-18));
#4326 = ADVANCED_FACE('',(#4327),#4338,.F.);
#4327 = FACE_BOUND('',#4328,.F.);
#4328 = EDGE_LOOP('',(#4329,#4330,#4331,#4332));
#4329 = ORIENTED_EDGE('',*,*,#4251,.F.);
#4330 = ORIENTED_EDGE('',*,*,#3949,.T.);
#4331 = ORIENTED_EDGE('',*,*,#4306,.T.);
#4332 = ORIENTED_EDGE('',*,*,#4333,.F.);
#4333 = EDGE_CURVE('',#4252,#4307,#4334,.T.);
#4334 = LINE('',#4335,#4336);
#4335 = CARTESIAN_POINT('',(-0.16,-0.32,8.54));
#4336 = VECTOR('',#4337,1.);
#4337 = DIRECTION('',(0.,1.,0.));
#4338 = PLANE('',#4339);
#4339 = AXIS2_PLACEMENT_3D('',#4340,#4341,#4342);
#4340 = CARTESIAN_POINT('',(-0.24,-0.32,8.46));
#4341 = DIRECTION('',(0.707106781187,1.735167508357E-18,-0.707106781187)
  );
#4342 = DIRECTION('',(-1.226948711654E-18,1.,1.226948711654E-18));
#4343 = ADVANCED_FACE('',(#4344),#4369,.F.);
#4344 = FACE_BOUND('',#4345,.T.);
#4345 = EDGE_LOOP('',(#4346,#4354,#4355,#4363));
#4346 = ORIENTED_EDGE('',*,*,#4347,.F.);
#4347 = EDGE_CURVE('',#3973,#4348,#4350,.T.);
#4348 = VERTEX_POINT('',#4349);
#4349 = CARTESIAN_POINT('',(-0.16,-2.7,8.54));
#4350 = LINE('',#4351,#4352);
#4351 = CARTESIAN_POINT('',(-0.266666666667,-2.806666666667,
    8.433333333333));
#4352 = VECTOR('',#4353,1.);
#4353 = DIRECTION('',(0.57735026919,0.57735026919,0.57735026919));
#4354 = ORIENTED_EDGE('',*,*,#3980,.T.);
#4355 = ORIENTED_EDGE('',*,*,#4356,.T.);
#4356 = EDGE_CURVE('',#3964,#4357,#4359,.T.);
#4357 = VERTEX_POINT('',#4358);
#4358 = CARTESIAN_POINT('',(0.16,-2.7,8.54));
#4359 = LINE('',#4360,#4361);
#4360 = CARTESIAN_POINT('',(0.16,-2.7,8.54));
#4361 = VECTOR('',#4362,1.);
#4362 = DIRECTION('',(-0.57735026919,0.57735026919,0.57735026919));
#4363 = ORIENTED_EDGE('',*,*,#4364,.F.);
#4364 = EDGE_CURVE('',#4348,#4357,#4365,.T.);
#4365 = LINE('',#4366,#4367);
#4366 = CARTESIAN_POINT('',(-0.32,-2.7,8.54));
#4367 = VECTOR('',#4368,1.);
#4368 = DIRECTION('',(1.,0.,0.));
#4369 = PLANE('',#4370);
#4370 = AXIS2_PLACEMENT_3D('',#4371,#4372,#4373);
#4371 = CARTESIAN_POINT('',(-0.32,-2.78,8.46));
#4372 = DIRECTION('',(-1.735167508357E-18,0.707106781187,-0.707106781187
    ));
#4373 = DIRECTION('',(-1.,-1.226948711654E-18,1.226948711654E-18));
#4374 = ADVANCED_FACE('',(#4375),#4393,.T.);
#4375 = FACE_BOUND('',#4376,.T.);
#4376 = EDGE_LOOP('',(#4377,#4378,#4379,#4387));
#4377 = ORIENTED_EDGE('',*,*,#4356,.F.);
#4378 = ORIENTED_EDGE('',*,*,#4004,.T.);
#4379 = ORIENTED_EDGE('',*,*,#4380,.T.);
#4380 = EDGE_CURVE('',#3997,#4381,#4383,.T.);
#4381 = VERTEX_POINT('',#4382);
#4382 = CARTESIAN_POINT('',(0.16,-2.38,8.54));
#4383 = LINE('',#4384,#4385);
#4384 = CARTESIAN_POINT('',(5.333333333333E-02,-2.486666666667,
    8.646666666667));
#4385 = VECTOR('',#4386,1.);
#4386 = DIRECTION('',(-0.57735026919,-0.57735026919,0.57735026919));
#4387 = ORIENTED_EDGE('',*,*,#4388,.F.);
#4388 = EDGE_CURVE('',#4357,#4381,#4389,.T.);
#4389 = LINE('',#4390,#4391);
#4390 = CARTESIAN_POINT('',(0.16,-2.86,8.54));
#4391 = VECTOR('',#4392,1.);
#4392 = DIRECTION('',(0.,1.,0.));
#4393 = PLANE('',#4394);
#4394 = AXIS2_PLACEMENT_3D('',#4395,#4396,#4397);
#4395 = CARTESIAN_POINT('',(0.24,-2.86,8.46));
#4396 = DIRECTION('',(0.707106781187,-1.735167508357E-18,0.707106781187)
  );
#4397 = DIRECTION('',(1.226948711654E-18,1.,1.226948711654E-18));
#4398 = ADVANCED_FACE('',(#4399),#4417,.T.);
#4399 = FACE_BOUND('',#4400,.F.);
#4400 = EDGE_LOOP('',(#4401,#4409,#4410,#4411));
#4401 = ORIENTED_EDGE('',*,*,#4402,.F.);
#4402 = EDGE_CURVE('',#4021,#4403,#4405,.T.);
#4403 = VERTEX_POINT('',#4404);
#4404 = CARTESIAN_POINT('',(-0.16,-2.38,8.54));
#4405 = LINE('',#4406,#4407);
#4406 = CARTESIAN_POINT('',(-0.16,-2.38,8.54));
#4407 = VECTOR('',#4408,1.);
#4408 = DIRECTION('',(0.57735026919,-0.57735026919,0.57735026919));
#4409 = ORIENTED_EDGE('',*,*,#4028,.T.);
#4410 = ORIENTED_EDGE('',*,*,#4380,.T.);
#4411 = ORIENTED_EDGE('',*,*,#4412,.F.);
#4412 = EDGE_CURVE('',#4403,#4381,#4413,.T.);
#4413 = LINE('',#4414,#4415);
#4414 = CARTESIAN_POINT('',(-0.32,-2.38,8.54));
#4415 = VECTOR('',#4416,1.);
#4416 = DIRECTION('',(1.,0.,0.));
#4417 = PLANE('',#4418);
#4418 = AXIS2_PLACEMENT_3D('',#4419,#4420,#4421);
#4419 = CARTESIAN_POINT('',(-0.32,-2.3,8.46));
#4420 = DIRECTION('',(1.735167508357E-18,0.707106781187,0.707106781187)
  );
#4421 = DIRECTION('',(-1.,1.226948711654E-18,1.226948711654E-18));
#4422 = ADVANCED_FACE('',(#4423),#4434,.F.);
#4423 = FACE_BOUND('',#4424,.F.);
#4424 = EDGE_LOOP('',(#4425,#4426,#4427,#4428));
#4425 = ORIENTED_EDGE('',*,*,#4347,.F.);
#4426 = ORIENTED_EDGE('',*,*,#4045,.T.);
#4427 = ORIENTED_EDGE('',*,*,#4402,.T.);
#4428 = ORIENTED_EDGE('',*,*,#4429,.F.);
#4429 = EDGE_CURVE('',#4348,#4403,#4430,.T.);
#4430 = LINE('',#4431,#4432);
#4431 = CARTESIAN_POINT('',(-0.16,-2.86,8.54));
#4432 = VECTOR('',#4433,1.);
#4433 = DIRECTION('',(0.,1.,0.));
#4434 = PLANE('',#4435);
#4435 = AXIS2_PLACEMENT_3D('',#4436,#4437,#4438);
#4436 = CARTESIAN_POINT('',(-0.24,-2.86,8.46));
#4437 = DIRECTION('',(0.707106781187,1.735167508357E-18,-0.707106781187)
  );
#4438 = DIRECTION('',(-1.226948711654E-18,1.,1.226948711654E-18));
#4439 = ADVANCED_FACE('',(#4440),#4446,.F.);
#4440 = FACE_BOUND('',#4441,.F.);
#4441 = EDGE_LOOP('',(#4442,#4443,#4444,#4445));
#4442 = ORIENTED_EDGE('',*,*,#4141,.F.);
#4443 = ORIENTED_EDGE('',*,*,#4076,.T.);
#4444 = ORIENTED_EDGE('',*,*,#4100,.T.);
#4445 = ORIENTED_EDGE('',*,*,#4124,.F.);
#4446 = PLANE('',#4447);
#4447 = AXIS2_PLACEMENT_3D('',#4448,#4449,#4450);
#4448 = CARTESIAN_POINT('',(-0.32,-0.32,-3.));
#4449 = DIRECTION('',(0.,0.,1.));
#4450 = DIRECTION('',(1.,0.,-0.));
#4451 = ADVANCED_FACE('',(#4452),#4458,.F.);
#4452 = FACE_BOUND('',#4453,.F.);
#4453 = EDGE_LOOP('',(#4454,#4455,#4456,#4457));
#4454 = ORIENTED_EDGE('',*,*,#4237,.F.);
#4455 = ORIENTED_EDGE('',*,*,#4172,.T.);
#4456 = ORIENTED_EDGE('',*,*,#4196,.T.);
#4457 = ORIENTED_EDGE('',*,*,#4220,.F.);
#4458 = PLANE('',#4459);
#4459 = AXIS2_PLACEMENT_3D('',#4460,#4461,#4462);
#4460 = CARTESIAN_POINT('',(-0.32,-2.86,-3.));
#4461 = DIRECTION('',(0.,0.,1.));
#4462 = DIRECTION('',(1.,0.,-0.));
#4463 = ADVANCED_FACE('',(#4464),#4470,.T.);
#4464 = FACE_BOUND('',#4465,.T.);
#4465 = EDGE_LOOP('',(#4466,#4467,#4468,#4469));
#4466 = ORIENTED_EDGE('',*,*,#4316,.F.);
#4467 = ORIENTED_EDGE('',*,*,#4333,.F.);
#4468 = ORIENTED_EDGE('',*,*,#4268,.T.);
#4469 = ORIENTED_EDGE('',*,*,#4292,.T.);
#4470 = PLANE('',#4471);
#4471 = AXIS2_PLACEMENT_3D('',#4472,#4473,#4474);
#4472 = CARTESIAN_POINT('',(-0.32,-0.32,8.54));
#4473 = DIRECTION('',(0.,0.,1.));
#4474 = DIRECTION('',(1.,0.,-0.));
#4475 = ADVANCED_FACE('',(#4476),#4482,.T.);
#4476 = FACE_BOUND('',#4477,.T.);
#4477 = EDGE_LOOP('',(#4478,#4479,#4480,#4481));
#4478 = ORIENTED_EDGE('',*,*,#4412,.F.);
#4479 = ORIENTED_EDGE('',*,*,#4429,.F.);
#4480 = ORIENTED_EDGE('',*,*,#4364,.T.);
#4481 = ORIENTED_EDGE('',*,*,#4388,.T.);
#4482 = PLANE('',#4483);
#4483 = AXIS2_PLACEMENT_3D('',#4484,#4485,#4486);
#4484 = CARTESIAN_POINT('',(-0.32,-2.86,8.54));
#4485 = DIRECTION('',(0.,0.,1.));
#4486 = DIRECTION('',(1.,0.,-0.));
#4487 = ( GEOMETRIC_REPRESENTATION_CONTEXT(3) 
GLOBAL_UNCERTAINTY_ASSIGNED_CONTEXT((#4491)) 
GLOBAL_UNIT_ASSIGNED_CONTEXT((#4488,#4489,#4490)) REPRESENTATION_CONTEXT
('Context #1','3D Context with UNIT and UNCERTAINTY') );
#4488 = ( LENGTH_UNIT() NAMED_UNIT(*) SI_UNIT(.MILLI.,.METRE.) );
#4489 = ( NAMED_UNIT(*) PLANE_ANGLE_UNIT() SI_UNIT($,.RADIAN.) );
#4490 = ( NAMED_UNIT(*) SI_UNIT($,.STERADIAN.) SOLID_ANGLE_UNIT() );
#4491 = UNCERTAINTY_MEASURE_WITH_UNIT(LENGTH_MEASURE(1.E-07),#4488,
  'distance_accuracy_value','confusion accuracy');
#4492 = CONTEXT_DEPENDENT_SHAPE_REPRESENTATION(#4493,#4495);
#4493 = ( REPRESENTATION_RELATIONSHIP('','',#3054,#10) 
REPRESENTATION_RELATIONSHIP_WITH_TRANSFORMATION(#4494) 
SHAPE_REPRESENTATION_RELATIONSHIP() );
#4494 = ITEM_DEFINED_TRANSFORMATION('','',#11,#23);
#4495 = PRODUCT_DEFINITION_SHAPE('Placement','Placement of an item',
  #4496);
#4496 = NEXT_ASSEMBLY_USAGE_OCCURRENCE('3','D2','',#5,#3049,$);
#4497 = PRODUCT_RELATED_PRODUCT_CATEGORY('part',$,(#3051));
#4498 = SHAPE_DEFINITION_REPRESENTATION(#4499,#4505);
#4499 = PRODUCT_DEFINITION_SHAPE('','',#4500);
#4500 = PRODUCT_DEFINITION('design','',#4501,#4504);
#4501 = PRODUCT_DEFINITION_FORMATION('','',#4502);
#4502 = PRODUCT('QA01','QA01','',(#4503));
#4503 = PRODUCT_CONTEXT('',#2,'mechanical');
#4504 = PRODUCT_DEFINITION_CONTEXT('part definition',#2,'design');
#4505 = SHAPE_REPRESENTATION('',(#11,#4506,#4510,#4514,#4518,#4522,#4526
    ),#4530);
#4506 = AXIS2_PLACEMENT_3D('',#4507,#4508,#4509);
#4507 = CARTESIAN_POINT('',(0.,0.,0.));
#4508 = DIRECTION('',(0.,0.,1.));
#4509 = DIRECTION('',(1.,0.,0.));
#4510 = AXIS2_PLACEMENT_3D('',#4511,#4512,#4513);
#4511 = CARTESIAN_POINT('',(-7.62,1.8,1.7));
#4512 = DIRECTION('',(0.,0.,1.));
#4513 = DIRECTION('',(1.,0.,0.));
#4514 = AXIS2_PLACEMENT_3D('',#4515,#4516,#4517);
#4515 = CARTESIAN_POINT('',(-5.08,1.8,1.7));
#4516 = DIRECTION('',(0.,0.,1.));
#4517 = DIRECTION('',(1.,0.,0.));
#4518 = AXIS2_PLACEMENT_3D('',#4519,#4520,#4521);
#4519 = CARTESIAN_POINT('',(2.54,1.8,1.7));
#4520 = DIRECTION('',(0.,0.,1.));
#4521 = DIRECTION('',(1.,0.,0.));
#4522 = AXIS2_PLACEMENT_3D('',#4523,#4524,#4525);
#4523 = CARTESIAN_POINT('',(5.08,1.8,1.7));
#4524 = DIRECTION('',(0.,0.,1.));
#4525 = DIRECTION('',(1.,0.,0.));
#4526 = AXIS2_PLACEMENT_3D('',#4527,#4528,#4529);
#4527 = CARTESIAN_POINT('',(7.62,1.8,1.7));
#4528 = DIRECTION('',(0.,0.,1.));
#4529 = DIRECTION('',(1.,0.,0.));
#4530 = ( GEOMETRIC_REPRESENTATION_CONTEXT(3) 
GLOBAL_UNCERTAINTY_ASSIGNED_CONTEXT((#4534)) 
GLOBAL_UNIT_ASSIGNED_CONTEXT((#4531,#4532,#4533)) REPRESENTATION_CONTEXT
('Context #1','3D Context with UNIT and UNCERTAINTY') );
#4531 = ( LENGTH_UNIT() NAMED_UNIT(*) SI_UNIT(.MILLI.,.METRE.) );
#4532 = ( NAMED_UNIT(*) PLANE_ANGLE_UNIT() SI_UNIT($,.RADIAN.) );
#4533 = ( NAMED_UNIT(*) SI_UNIT($,.STERADIAN.) SOLID_ANGLE_UNIT() );
#4534 = UNCERTAINTY_MEASURE_WITH_UNIT(LENGTH_MEASURE(1.E-07),#4531,
  'distance_accuracy_value','confusion accuracy');
#4535 = CONTEXT_DEPENDENT_SHAPE_REPRESENTATION(#4536,#4538);
#4536 = ( REPRESENTATION_RELATIONSHIP('','',#4505,#10) 
REPRESENTATION_RELATIONSHIP_WITH_TRANSFORMATION(#4537) 
SHAPE_REPRESENTATION_RELATIONSHIP() );
#4537 = ITEM_DEFINED_TRANSFORMATION('','',#11,#27);
#4538 = PRODUCT_DEFINITION_SHAPE('Placement','Placement of an item',
  #4539);
#4539 = NEXT_ASSEMBLY_USAGE_OCCURRENCE('10','D1','',#5,#4500,$);
#4540 = PRODUCT_RELATED_PRODUCT_CATEGORY('part',$,(#4502));
#4541 = SHAPE_DEFINITION_REPRESENTATION(#4542,#4548);
#4542 = PRODUCT_DEFINITION_SHAPE('','',#4543);
#4543 = PRODUCT_DEFINITION('design','',#4544,#4547);
#4544 = PRODUCT_DEFINITION_FORMATION('','',#4545);
#4545 = PRODUCT('11000063_1_1_1','11000063_1_1_1','',(#4546));
#4546 = PRODUCT_CONTEXT('',#2,'mechanical');
#4547 = PRODUCT_DEFINITION_CONTEXT('part definition',#2,'design');
#4548 = ADVANCED_BREP_SHAPE_REPRESENTATION('',(#11,#4549),#4911);
#4549 = MANIFOLD_SOLID_BREP('',#4550);
#4550 = CLOSED_SHELL('',(#4551,#4591,#4622,#4698,#4722,#4771,#4788,#4805
    ,#4822,#4839,#4851,#4883,#4901));
#4551 = ADVANCED_FACE('',(#4552),#4586,.T.);
#4552 = FACE_BOUND('',#4553,.F.);
#4553 = EDGE_LOOP('',(#4554,#4564,#4572,#4580));
#4554 = ORIENTED_EDGE('',*,*,#4555,.T.);
#4555 = EDGE_CURVE('',#4556,#4558,#4560,.T.);
#4556 = VERTEX_POINT('',#4557);
#4557 = CARTESIAN_POINT('',(-9.25,0.,-4.9));
#4558 = VERTEX_POINT('',#4559);
#4559 = CARTESIAN_POINT('',(-9.25,0.,4.9));
#4560 = LINE('',#4561,#4562);
#4561 = CARTESIAN_POINT('',(-9.25,0.,-4.9));
#4562 = VECTOR('',#4563,1.);
#4563 = DIRECTION('',(0.,0.,1.));
#4564 = ORIENTED_EDGE('',*,*,#4565,.T.);
#4565 = EDGE_CURVE('',#4558,#4566,#4568,.T.);
#4566 = VERTEX_POINT('',#4567);
#4567 = CARTESIAN_POINT('',(-9.75,0.,4.9));
#4568 = LINE('',#4569,#4570);
#4569 = CARTESIAN_POINT('',(-9.25,0.,4.9));
#4570 = VECTOR('',#4571,1.);
#4571 = DIRECTION('',(-1.,0.,-3.907985046681E-14));
#4572 = ORIENTED_EDGE('',*,*,#4573,.T.);
#4573 = EDGE_CURVE('',#4566,#4574,#4576,.T.);
#4574 = VERTEX_POINT('',#4575);
#4575 = CARTESIAN_POINT('',(-9.75,0.,-4.9));
#4576 = LINE('',#4577,#4578);
#4577 = CARTESIAN_POINT('',(-9.75,0.,4.9));
#4578 = VECTOR('',#4579,1.);
#4579 = DIRECTION('',(0.,0.,-1.));
#4580 = ORIENTED_EDGE('',*,*,#4581,.T.);
#4581 = EDGE_CURVE('',#4574,#4556,#4582,.T.);
#4582 = LINE('',#4583,#4584);
#4583 = CARTESIAN_POINT('',(-9.75,0.,-4.9));
#4584 = VECTOR('',#4585,1.);
#4585 = DIRECTION('',(1.,0.,0.));
#4586 = PLANE('',#4587);
#4587 = AXIS2_PLACEMENT_3D('',#4588,#4589,#4590);
#4588 = CARTESIAN_POINT('',(0.,0.,0.));
#4589 = DIRECTION('',(0.,1.,0.));
#4590 = DIRECTION('',(1.,0.,0.));
#4591 = ADVANCED_FACE('',(#4592),#4617,.F.);
#4592 = FACE_BOUND('',#4593,.F.);
#4593 = EDGE_LOOP('',(#4594,#4595,#4603,#4611));
#4594 = ORIENTED_EDGE('',*,*,#4555,.F.);
#4595 = ORIENTED_EDGE('',*,*,#4596,.T.);
#4596 = EDGE_CURVE('',#4556,#4597,#4599,.T.);
#4597 = VERTEX_POINT('',#4598);
#4598 = CARTESIAN_POINT('',(-9.25,-0.5,-4.891272467536));
#4599 = LINE('',#4600,#4601);
#4600 = CARTESIAN_POINT('',(-9.25,0.,-4.9));
#4601 = VECTOR('',#4602,1.);
#4602 = DIRECTION('',(0.,-0.999847695156,1.745240643716E-02));
#4603 = ORIENTED_EDGE('',*,*,#4604,.F.);
#4604 = EDGE_CURVE('',#4605,#4597,#4607,.T.);
#4605 = VERTEX_POINT('',#4606);
#4606 = CARTESIAN_POINT('',(-9.25,-0.5,4.891272467536));
#4607 = LINE('',#4608,#4609);
#4608 = CARTESIAN_POINT('',(-9.25,-0.5,4.891272467536));
#4609 = VECTOR('',#4610,1.);
#4610 = DIRECTION('',(0.,0.,-1.));
#4611 = ORIENTED_EDGE('',*,*,#4612,.T.);
#4612 = EDGE_CURVE('',#4605,#4558,#4613,.T.);
#4613 = LINE('',#4614,#4615);
#4614 = CARTESIAN_POINT('',(-9.25,-0.5,4.891272467536));
#4615 = VECTOR('',#4616,1.);
#4616 = DIRECTION('',(0.,0.999847695156,1.745240643721E-02));
#4617 = PLANE('',#4618);
#4618 = AXIS2_PLACEMENT_3D('',#4619,#4620,#4621);
#4619 = CARTESIAN_POINT('',(-9.25,0.,-7.413348419368));
#4620 = DIRECTION('',(-1.,0.,0.));
#4621 = DIRECTION('',(0.,0.,1.));
#4622 = ADVANCED_FACE('',(#4623,#4673),#4693,.T.);
#4623 = FACE_BOUND('',#4624,.F.);
#4624 = EDGE_LOOP('',(#4625,#4633,#4634,#4635,#4643,#4651,#4659,#4667));
#4625 = ORIENTED_EDGE('',*,*,#4626,.T.);
#4626 = EDGE_CURVE('',#4627,#4597,#4629,.T.);
#4627 = VERTEX_POINT('',#4628);
#4628 = CARTESIAN_POINT('',(9.25,-0.5,-4.891272467536));
#4629 = LINE('',#4630,#4631);
#4630 = CARTESIAN_POINT('',(9.25,-0.5,-4.891272467536));
#4631 = VECTOR('',#4632,1.);
#4632 = DIRECTION('',(-1.,0.,0.));
#4633 = ORIENTED_EDGE('',*,*,#4596,.F.);
#4634 = ORIENTED_EDGE('',*,*,#4581,.F.);
#4635 = ORIENTED_EDGE('',*,*,#4636,.F.);
#4636 = EDGE_CURVE('',#4637,#4574,#4639,.T.);
#4637 = VERTEX_POINT('',#4638);
#4638 = CARTESIAN_POINT('',(-9.531811688397,-12.5,-4.681811688397));
#4639 = LINE('',#4640,#4641);
#4640 = CARTESIAN_POINT('',(-9.531811688397,-12.5,-4.681811688397));
#4641 = VECTOR('',#4642,1.);
#4642 = DIRECTION('',(-1.744974916069E-02,0.999695459882,
    -1.744974916069E-02));
#4643 = ORIENTED_EDGE('',*,*,#4644,.T.);
#4644 = EDGE_CURVE('',#4637,#4645,#4647,.T.);
#4645 = VERTEX_POINT('',#4646);
#4646 = CARTESIAN_POINT('',(9.531811688397,-12.5,-4.681811688397));
#4647 = LINE('',#4648,#4649);
#4648 = CARTESIAN_POINT('',(-9.531811688397,-12.5,-4.681811688397));
#4649 = VECTOR('',#4650,1.);
#4650 = DIRECTION('',(1.,0.,0.));
#4651 = ORIENTED_EDGE('',*,*,#4652,.T.);
#4652 = EDGE_CURVE('',#4645,#4653,#4655,.T.);
#4653 = VERTEX_POINT('',#4654);
#4654 = CARTESIAN_POINT('',(9.75,0.,-4.9));
#4655 = LINE('',#4656,#4657);
#4656 = CARTESIAN_POINT('',(9.531811688397,-12.5,-4.681811688397));
#4657 = VECTOR('',#4658,1.);
#4658 = DIRECTION('',(1.744974916069E-02,0.999695459882,
    -1.744974916069E-02));
#4659 = ORIENTED_EDGE('',*,*,#4660,.F.);
#4660 = EDGE_CURVE('',#4661,#4653,#4663,.T.);
#4661 = VERTEX_POINT('',#4662);
#4662 = CARTESIAN_POINT('',(9.25,0.,-4.9));
#4663 = LINE('',#4664,#4665);
#4664 = CARTESIAN_POINT('',(9.25,0.,-4.9));
#4665 = VECTOR('',#4666,1.);
#4666 = DIRECTION('',(1.,0.,4.263256414561E-14));
#4667 = ORIENTED_EDGE('',*,*,#4668,.F.);
#4668 = EDGE_CURVE('',#4627,#4661,#4669,.T.);
#4669 = LINE('',#4670,#4671);
#4670 = CARTESIAN_POINT('',(9.25,-0.5,-4.891272467536));
#4671 = VECTOR('',#4672,1.);
#4672 = DIRECTION('',(0.,0.999847695156,-1.745240643721E-02));
#4673 = FACE_BOUND('',#4674,.F.);
#4674 = EDGE_LOOP('',(#4675,#4686));
#4675 = ORIENTED_EDGE('',*,*,#4676,.T.);
#4676 = EDGE_CURVE('',#4677,#4679,#4681,.T.);
#4677 = VERTEX_POINT('',#4678);
#4678 = CARTESIAN_POINT('',(-7.189,-1.64626601906,-4.871264319748));
#4679 = VERTEX_POINT('',#4680);
#4680 = CARTESIAN_POINT('',(-8.189,-1.64626601906,-4.871264319748));
#4681 = CIRCLE('',#4682,0.5);
#4682 = AXIS2_PLACEMENT_3D('',#4683,#4684,#4685);
#4683 = CARTESIAN_POINT('',(-7.689,-1.64626601906,-4.871264319748));
#4684 = DIRECTION('',(0.,-1.745240643728E-02,-0.999847695156));
#4685 = DIRECTION('',(1.,0.,0.));
#4686 = ORIENTED_EDGE('',*,*,#4687,.T.);
#4687 = EDGE_CURVE('',#4679,#4677,#4688,.T.);
#4688 = CIRCLE('',#4689,0.5);
#4689 = AXIS2_PLACEMENT_3D('',#4690,#4691,#4692);
#4690 = CARTESIAN_POINT('',(-7.689,-1.64626601906,-4.871264319748));
#4691 = DIRECTION('',(0.,-1.745240643728E-02,-0.999847695156));
#4692 = DIRECTION('',(-1.,-0.,0.));
#4693 = PLANE('',#4694);
#4694 = AXIS2_PLACEMENT_3D('',#4695,#4696,#4697);
#4695 = CARTESIAN_POINT('',(11.05180417492,0.,-4.9));
#4696 = DIRECTION('',(0.,-1.745240643728E-02,-0.999847695156));
#4697 = DIRECTION('',(-1.,-0.,0.));
#4698 = ADVANCED_FACE('',(#4699),#4717,.T.);
#4699 = FACE_BOUND('',#4700,.F.);
#4700 = EDGE_LOOP('',(#4701,#4709,#4710,#4711));
#4701 = ORIENTED_EDGE('',*,*,#4702,.T.);
#4702 = EDGE_CURVE('',#4703,#4605,#4705,.T.);
#4703 = VERTEX_POINT('',#4704);
#4704 = CARTESIAN_POINT('',(9.25,-0.5,4.891272467536));
#4705 = LINE('',#4706,#4707);
#4706 = CARTESIAN_POINT('',(9.25,-0.5,4.891272467536));
#4707 = VECTOR('',#4708,1.);
#4708 = DIRECTION('',(-1.,0.,0.));
#4709 = ORIENTED_EDGE('',*,*,#4604,.T.);
#4710 = ORIENTED_EDGE('',*,*,#4626,.F.);
#4711 = ORIENTED_EDGE('',*,*,#4712,.T.);
#4712 = EDGE_CURVE('',#4627,#4703,#4713,.T.);
#4713 = LINE('',#4714,#4715);
#4714 = CARTESIAN_POINT('',(9.25,-0.5,-4.891272467536));
#4715 = VECTOR('',#4716,1.);
#4716 = DIRECTION('',(0.,0.,1.));
#4717 = PLANE('',#4718);
#4718 = AXIS2_PLACEMENT_3D('',#4719,#4720,#4721);
#4719 = CARTESIAN_POINT('',(0.,-0.5,0.));
#4720 = DIRECTION('',(0.,1.,0.));
#4721 = DIRECTION('',(1.,0.,0.));
#4722 = ADVANCED_FACE('',(#4723),#4766,.T.);
#4723 = FACE_BOUND('',#4724,.F.);
#4724 = EDGE_LOOP('',(#4725,#4726,#4734,#4742,#4750,#4758,#4764,#4765));
#4725 = ORIENTED_EDGE('',*,*,#4702,.F.);
#4726 = ORIENTED_EDGE('',*,*,#4727,.F.);
#4727 = EDGE_CURVE('',#4728,#4703,#4730,.T.);
#4728 = VERTEX_POINT('',#4729);
#4729 = CARTESIAN_POINT('',(9.25,0.,4.9));
#4730 = LINE('',#4731,#4732);
#4731 = CARTESIAN_POINT('',(9.25,0.,4.9));
#4732 = VECTOR('',#4733,1.);
#4733 = DIRECTION('',(0.,-0.999847695156,-1.745240643716E-02));
#4734 = ORIENTED_EDGE('',*,*,#4735,.F.);
#4735 = EDGE_CURVE('',#4736,#4728,#4738,.T.);
#4736 = VERTEX_POINT('',#4737);
#4737 = CARTESIAN_POINT('',(9.75,0.,4.9));
#4738 = LINE('',#4739,#4740);
#4739 = CARTESIAN_POINT('',(9.75,0.,4.9));
#4740 = VECTOR('',#4741,1.);
#4741 = DIRECTION('',(-1.,0.,0.));
#4742 = ORIENTED_EDGE('',*,*,#4743,.F.);
#4743 = EDGE_CURVE('',#4744,#4736,#4746,.T.);
#4744 = VERTEX_POINT('',#4745);
#4745 = CARTESIAN_POINT('',(9.531811688397,-12.5,4.681811688397));
#4746 = LINE('',#4747,#4748);
#4747 = CARTESIAN_POINT('',(9.531811688397,-12.5,4.681811688397));
#4748 = VECTOR('',#4749,1.);
#4749 = DIRECTION('',(1.744974916069E-02,0.999695459882,
    1.744974916069E-02));
#4750 = ORIENTED_EDGE('',*,*,#4751,.T.);
#4751 = EDGE_CURVE('',#4744,#4752,#4754,.T.);
#4752 = VERTEX_POINT('',#4753);
#4753 = CARTESIAN_POINT('',(-9.531811688397,-12.5,4.681811688397));
#4754 = LINE('',#4755,#4756);
#4755 = CARTESIAN_POINT('',(9.531811688397,-12.5,4.681811688397));
#4756 = VECTOR('',#4757,1.);
#4757 = DIRECTION('',(-1.,0.,0.));
#4758 = ORIENTED_EDGE('',*,*,#4759,.T.);
#4759 = EDGE_CURVE('',#4752,#4566,#4760,.T.);
#4760 = LINE('',#4761,#4762);
#4761 = CARTESIAN_POINT('',(-9.531811688397,-12.5,4.681811688397));
#4762 = VECTOR('',#4763,1.);
#4763 = DIRECTION('',(-1.744974916069E-02,0.999695459882,
    1.744974916069E-02));
#4764 = ORIENTED_EDGE('',*,*,#4565,.F.);
#4765 = ORIENTED_EDGE('',*,*,#4612,.F.);
#4766 = PLANE('',#4767);
#4767 = AXIS2_PLACEMENT_3D('',#4768,#4769,#4770);
#4768 = CARTESIAN_POINT('',(-11.05180417492,0.,4.9));
#4769 = DIRECTION('',(0.,-1.745240643728E-02,0.999847695156));
#4770 = DIRECTION('',(1.,0.,0.));
#4771 = ADVANCED_FACE('',(#4772),#4783,.F.);
#4772 = FACE_BOUND('',#4773,.F.);
#4773 = EDGE_LOOP('',(#4774,#4780,#4781,#4782));
#4774 = ORIENTED_EDGE('',*,*,#4775,.T.);
#4775 = EDGE_CURVE('',#4661,#4728,#4776,.T.);
#4776 = LINE('',#4777,#4778);
#4777 = CARTESIAN_POINT('',(9.25,0.,-4.9));
#4778 = VECTOR('',#4779,1.);
#4779 = DIRECTION('',(0.,0.,1.));
#4780 = ORIENTED_EDGE('',*,*,#4727,.T.);
#4781 = ORIENTED_EDGE('',*,*,#4712,.F.);
#4782 = ORIENTED_EDGE('',*,*,#4668,.T.);
#4783 = PLANE('',#4784);
#4784 = AXIS2_PLACEMENT_3D('',#4785,#4786,#4787);
#4785 = CARTESIAN_POINT('',(9.25,0.,6.051397143994));
#4786 = DIRECTION('',(1.,0.,0.));
#4787 = DIRECTION('',(0.,0.,-1.));
#4788 = ADVANCED_FACE('',(#4789),#4800,.T.);
#4789 = FACE_BOUND('',#4790,.F.);
#4790 = EDGE_LOOP('',(#4791,#4792,#4793,#4799));
#4791 = ORIENTED_EDGE('',*,*,#4775,.F.);
#4792 = ORIENTED_EDGE('',*,*,#4660,.T.);
#4793 = ORIENTED_EDGE('',*,*,#4794,.T.);
#4794 = EDGE_CURVE('',#4653,#4736,#4795,.T.);
#4795 = LINE('',#4796,#4797);
#4796 = CARTESIAN_POINT('',(9.75,0.,-4.9));
#4797 = VECTOR('',#4798,1.);
#4798 = DIRECTION('',(0.,0.,1.));
#4799 = ORIENTED_EDGE('',*,*,#4735,.T.);
#4800 = PLANE('',#4801);
#4801 = AXIS2_PLACEMENT_3D('',#4802,#4803,#4804);
#4802 = CARTESIAN_POINT('',(0.,0.,0.));
#4803 = DIRECTION('',(0.,1.,0.));
#4804 = DIRECTION('',(1.,0.,0.));
#4805 = ADVANCED_FACE('',(#4806),#4817,.T.);
#4806 = FACE_BOUND('',#4807,.F.);
#4807 = EDGE_LOOP('',(#4808,#4809,#4810,#4816));
#4808 = ORIENTED_EDGE('',*,*,#4794,.F.);
#4809 = ORIENTED_EDGE('',*,*,#4652,.F.);
#4810 = ORIENTED_EDGE('',*,*,#4811,.T.);
#4811 = EDGE_CURVE('',#4645,#4744,#4812,.T.);
#4812 = LINE('',#4813,#4814);
#4813 = CARTESIAN_POINT('',(9.531811688397,-12.5,-4.681811688397));
#4814 = VECTOR('',#4815,1.);
#4815 = DIRECTION('',(0.,0.,1.));
#4816 = ORIENTED_EDGE('',*,*,#4743,.T.);
#4817 = PLANE('',#4818);
#4818 = AXIS2_PLACEMENT_3D('',#4819,#4820,#4821);
#4819 = CARTESIAN_POINT('',(9.75,0.,6.201804174921));
#4820 = DIRECTION('',(0.999847695156,-1.745240643728E-02,0.));
#4821 = DIRECTION('',(0.,0.,-1.));
#4822 = ADVANCED_FACE('',(#4823),#4834,.F.);
#4823 = FACE_BOUND('',#4824,.F.);
#4824 = EDGE_LOOP('',(#4825,#4831,#4832,#4833));
#4825 = ORIENTED_EDGE('',*,*,#4826,.F.);
#4826 = EDGE_CURVE('',#4752,#4637,#4827,.T.);
#4827 = LINE('',#4828,#4829);
#4828 = CARTESIAN_POINT('',(-9.531811688397,-12.5,4.681811688397));
#4829 = VECTOR('',#4830,1.);
#4830 = DIRECTION('',(0.,0.,-1.));
#4831 = ORIENTED_EDGE('',*,*,#4751,.F.);
#4832 = ORIENTED_EDGE('',*,*,#4811,.F.);
#4833 = ORIENTED_EDGE('',*,*,#4644,.F.);
#4834 = PLANE('',#4835);
#4835 = AXIS2_PLACEMENT_3D('',#4836,#4837,#4838);
#4836 = CARTESIAN_POINT('',(0.,-12.5,0.));
#4837 = DIRECTION('',(0.,1.,0.));
#4838 = DIRECTION('',(1.,0.,0.));
#4839 = ADVANCED_FACE('',(#4840),#4846,.T.);
#4840 = FACE_BOUND('',#4841,.F.);
#4841 = EDGE_LOOP('',(#4842,#4843,#4844,#4845));
#4842 = ORIENTED_EDGE('',*,*,#4573,.F.);
#4843 = ORIENTED_EDGE('',*,*,#4759,.F.);
#4844 = ORIENTED_EDGE('',*,*,#4826,.T.);
#4845 = ORIENTED_EDGE('',*,*,#4636,.T.);
#4846 = PLANE('',#4847);
#4847 = AXIS2_PLACEMENT_3D('',#4848,#4849,#4850);
#4848 = CARTESIAN_POINT('',(-9.75,0.,-6.201804174921));
#4849 = DIRECTION('',(-0.999847695156,-1.745240643728E-02,0.));
#4850 = DIRECTION('',(0.,0.,1.));
#4851 = ADVANCED_FACE('',(#4852),#4878,.F.);
#4852 = FACE_BOUND('',#4853,.F.);
#4853 = EDGE_LOOP('',(#4854,#4855,#4863,#4872));
#4854 = ORIENTED_EDGE('',*,*,#4676,.F.);
#4855 = ORIENTED_EDGE('',*,*,#4856,.T.);
#4856 = EDGE_CURVE('',#4677,#4857,#4859,.T.);
#4857 = VERTEX_POINT('',#4858);
#4858 = CARTESIAN_POINT('',(-7.189,-1.646091494996,-4.861265842797));
#4859 = LINE('',#4860,#4861);
#4860 = CARTESIAN_POINT('',(-7.189,-1.64626601906,-4.871264319748));
#4861 = VECTOR('',#4862,1.);
#4862 = DIRECTION('',(-7.993605777546E-13,1.745240641915E-02,
    0.999847695157));
#4863 = ORIENTED_EDGE('',*,*,#4864,.F.);
#4864 = EDGE_CURVE('',#4865,#4857,#4867,.T.);
#4865 = VERTEX_POINT('',#4866);
#4866 = CARTESIAN_POINT('',(-8.189,-1.646091494996,-4.861265842797));
#4867 = CIRCLE('',#4868,0.5);
#4868 = AXIS2_PLACEMENT_3D('',#4869,#4870,#4871);
#4869 = CARTESIAN_POINT('',(-7.689,-1.646091494996,-4.861265842797));
#4870 = DIRECTION('',(-3.155443620884E-30,1.745240643728E-02,
    0.999847695156));
#4871 = DIRECTION('',(-1.,-1.088472089102E-12,1.899935098782E-14));
#4872 = ORIENTED_EDGE('',*,*,#4873,.F.);
#4873 = EDGE_CURVE('',#4679,#4865,#4874,.T.);
#4874 = LINE('',#4875,#4876);
#4875 = CARTESIAN_POINT('',(-8.189,-1.64626601906,-4.871264319748));
#4876 = VECTOR('',#4877,1.);
#4877 = DIRECTION('',(-7.105427357818E-13,1.74524064192E-02,
    0.999847695157));
#4878 = CYLINDRICAL_SURFACE('',#4879,0.5);
#4879 = AXIS2_PLACEMENT_3D('',#4880,#4881,#4882);
#4880 = CARTESIAN_POINT('',(-7.689,-1.64626601906,-4.871264319748));
#4881 = DIRECTION('',(0.,-1.745240643728E-02,-0.999847695156));
#4882 = DIRECTION('',(1.,0.,0.));
#4883 = ADVANCED_FACE('',(#4884),#4896,.F.);
#4884 = FACE_BOUND('',#4885,.F.);
#4885 = EDGE_LOOP('',(#4886,#4887,#4888,#4895));
#4886 = ORIENTED_EDGE('',*,*,#4687,.F.);
#4887 = ORIENTED_EDGE('',*,*,#4873,.T.);
#4888 = ORIENTED_EDGE('',*,*,#4889,.F.);
#4889 = EDGE_CURVE('',#4857,#4865,#4890,.T.);
#4890 = CIRCLE('',#4891,0.5);
#4891 = AXIS2_PLACEMENT_3D('',#4892,#4893,#4894);
#4892 = CARTESIAN_POINT('',(-7.689,-1.646091494996,-4.861265842797));
#4893 = DIRECTION('',(3.155443620884E-30,1.745240643728E-02,
    0.999847695156));
#4894 = DIRECTION('',(1.,-1.088472089102E-12,1.899935098782E-14));
#4895 = ORIENTED_EDGE('',*,*,#4856,.F.);
#4896 = CYLINDRICAL_SURFACE('',#4897,0.5);
#4897 = AXIS2_PLACEMENT_3D('',#4898,#4899,#4900);
#4898 = CARTESIAN_POINT('',(-7.689,-1.64626601906,-4.871264319748));
#4899 = DIRECTION('',(0.,-1.745240643728E-02,-0.999847695156));
#4900 = DIRECTION('',(1.,0.,0.));
#4901 = ADVANCED_FACE('',(#4902),#4906,.T.);
#4902 = FACE_BOUND('',#4903,.F.);
#4903 = EDGE_LOOP('',(#4904,#4905));
#4904 = ORIENTED_EDGE('',*,*,#4864,.T.);
#4905 = ORIENTED_EDGE('',*,*,#4889,.T.);
#4906 = PLANE('',#4907);
#4907 = AXIS2_PLACEMENT_3D('',#4908,#4909,#4910);
#4908 = CARTESIAN_POINT('',(0.,-8.532924285674E-02,-4.888509049245));
#4909 = DIRECTION('',(0.,-1.745240643728E-02,-0.999847695156));
#4910 = DIRECTION('',(1.,0.,0.));
#4911 = ( GEOMETRIC_REPRESENTATION_CONTEXT(3) 
GLOBAL_UNCERTAINTY_ASSIGNED_CONTEXT((#4915)) 
GLOBAL_UNIT_ASSIGNED_CONTEXT((#4912,#4913,#4914)) REPRESENTATION_CONTEXT
('Context #1','3D Context with UNIT and UNCERTAINTY') );
#4912 = ( LENGTH_UNIT() NAMED_UNIT(*) SI_UNIT(.MILLI.,.METRE.) );
#4913 = ( NAMED_UNIT(*) PLANE_ANGLE_UNIT() SI_UNIT($,.RADIAN.) );
#4914 = ( NAMED_UNIT(*) SI_UNIT($,.STERADIAN.) SOLID_ANGLE_UNIT() );
#4915 = UNCERTAINTY_MEASURE_WITH_UNIT(LENGTH_MEASURE(1.E-07),#4912,
  'distance_accuracy_value','confusion accuracy');
#4916 = CONTEXT_DEPENDENT_SHAPE_REPRESENTATION(#4917,#4919);
#4917 = ( REPRESENTATION_RELATIONSHIP('','',#4548,#4505) 
REPRESENTATION_RELATIONSHIP_WITH_TRANSFORMATION(#4918) 
SHAPE_REPRESENTATION_RELATIONSHIP() );
#4918 = ITEM_DEFINED_TRANSFORMATION('','',#11,#4506);
#4919 = PRODUCT_DEFINITION_SHAPE('Placement','Placement of an item',
  #4920);
#4920 = NEXT_ASSEMBLY_USAGE_OCCURRENCE('4','11000063','',#4500,#4543,$);
#4921 = PRODUCT_RELATED_PRODUCT_CATEGORY('part',$,(#4545));
#4922 = SHAPE_DEFINITION_REPRESENTATION(#4923,#4929);
#4923 = PRODUCT_DEFINITION_SHAPE('','',#4924);
#4924 = PRODUCT_DEFINITION('design','',#4925,#4928);
#4925 = PRODUCT_DEFINITION_FORMATION('','',#4926);
#4926 = PRODUCT('PIN_1_1_1','PIN_1_1_1','',(#4927));
#4927 = PRODUCT_CONTEXT('',#2,'mechanical');
#4928 = PRODUCT_DEFINITION_CONTEXT('part definition',#2,'design');
#4929 = ADVANCED_BREP_SHAPE_REPRESENTATION('',(#11,#4930),#5080);
#4930 = MANIFOLD_SOLID_BREP('',#4931);
#4931 = CLOSED_SHELL('',(#4932,#4972,#5003,#5027,#5051,#5068));
#4932 = ADVANCED_FACE('',(#4933),#4967,.F.);
#4933 = FACE_BOUND('',#4934,.F.);
#4934 = EDGE_LOOP('',(#4935,#4945,#4953,#4961));
#4935 = ORIENTED_EDGE('',*,*,#4936,.F.);
#4936 = EDGE_CURVE('',#4937,#4939,#4941,.T.);
#4937 = VERTEX_POINT('',#4938);
#4938 = CARTESIAN_POINT('',(-0.25,-2.3,0.15));
#4939 = VERTEX_POINT('',#4940);
#4940 = CARTESIAN_POINT('',(-0.25,-2.3,-0.15));
#4941 = LINE('',#4942,#4943);
#4942 = CARTESIAN_POINT('',(-0.25,-2.3,0.15));
#4943 = VECTOR('',#4944,1.);
#4944 = DIRECTION('',(0.,0.,-1.));
#4945 = ORIENTED_EDGE('',*,*,#4946,.F.);
#4946 = EDGE_CURVE('',#4947,#4937,#4949,.T.);
#4947 = VERTEX_POINT('',#4948);
#4948 = CARTESIAN_POINT('',(0.25,-2.3,0.15));
#4949 = LINE('',#4950,#4951);
#4950 = CARTESIAN_POINT('',(0.25,-2.3,0.15));
#4951 = VECTOR('',#4952,1.);
#4952 = DIRECTION('',(-1.,0.,0.));
#4953 = ORIENTED_EDGE('',*,*,#4954,.F.);
#4954 = EDGE_CURVE('',#4955,#4947,#4957,.T.);
#4955 = VERTEX_POINT('',#4956);
#4956 = CARTESIAN_POINT('',(0.25,-2.3,-0.15));
#4957 = LINE('',#4958,#4959);
#4958 = CARTESIAN_POINT('',(0.25,-2.3,-0.15));
#4959 = VECTOR('',#4960,1.);
#4960 = DIRECTION('',(0.,0.,1.));
#4961 = ORIENTED_EDGE('',*,*,#4962,.F.);
#4962 = EDGE_CURVE('',#4939,#4955,#4963,.T.);
#4963 = LINE('',#4964,#4965);
#4964 = CARTESIAN_POINT('',(-0.25,-2.3,-0.15));
#4965 = VECTOR('',#4966,1.);
#4966 = DIRECTION('',(1.,0.,0.));
#4967 = PLANE('',#4968);
#4968 = AXIS2_PLACEMENT_3D('',#4969,#4970,#4971);
#4969 = CARTESIAN_POINT('',(0.,-2.3,0.));
#4970 = DIRECTION('',(0.,1.,0.));
#4971 = DIRECTION('',(1.,0.,0.));
#4972 = ADVANCED_FACE('',(#4973),#4998,.T.);
#4973 = FACE_BOUND('',#4974,.F.);
#4974 = EDGE_LOOP('',(#4975,#4976,#4984,#4992));
#4975 = ORIENTED_EDGE('',*,*,#4936,.T.);
#4976 = ORIENTED_EDGE('',*,*,#4977,.F.);
#4977 = EDGE_CURVE('',#4978,#4939,#4980,.T.);
#4978 = VERTEX_POINT('',#4979);
#4979 = CARTESIAN_POINT('',(-0.25,2.3,-0.15));
#4980 = LINE('',#4981,#4982);
#4981 = CARTESIAN_POINT('',(-0.25,2.3,-0.15));
#4982 = VECTOR('',#4983,1.);
#4983 = DIRECTION('',(0.,-1.,0.));
#4984 = ORIENTED_EDGE('',*,*,#4985,.F.);
#4985 = EDGE_CURVE('',#4986,#4978,#4988,.T.);
#4986 = VERTEX_POINT('',#4987);
#4987 = CARTESIAN_POINT('',(-0.25,2.3,0.15));
#4988 = LINE('',#4989,#4990);
#4989 = CARTESIAN_POINT('',(-0.25,2.3,0.15));
#4990 = VECTOR('',#4991,1.);
#4991 = DIRECTION('',(0.,0.,-1.));
#4992 = ORIENTED_EDGE('',*,*,#4993,.T.);
#4993 = EDGE_CURVE('',#4986,#4937,#4994,.T.);
#4994 = LINE('',#4995,#4996);
#4995 = CARTESIAN_POINT('',(-0.25,2.3,0.15));
#4996 = VECTOR('',#4997,1.);
#4997 = DIRECTION('',(0.,-1.,0.));
#4998 = PLANE('',#4999);
#4999 = AXIS2_PLACEMENT_3D('',#5000,#5001,#5002);
#5000 = CARTESIAN_POINT('',(-0.25,-2.3,-0.15));
#5001 = DIRECTION('',(-1.,0.,0.));
#5002 = DIRECTION('',(0.,0.,1.));
#5003 = ADVANCED_FACE('',(#5004),#5022,.T.);
#5004 = FACE_BOUND('',#5005,.F.);
#5005 = EDGE_LOOP('',(#5006,#5007,#5015,#5021));
#5006 = ORIENTED_EDGE('',*,*,#4962,.T.);
#5007 = ORIENTED_EDGE('',*,*,#5008,.F.);
#5008 = EDGE_CURVE('',#5009,#4955,#5011,.T.);
#5009 = VERTEX_POINT('',#5010);
#5010 = CARTESIAN_POINT('',(0.25,2.3,-0.15));
#5011 = LINE('',#5012,#5013);
#5012 = CARTESIAN_POINT('',(0.25,2.3,-0.15));
#5013 = VECTOR('',#5014,1.);
#5014 = DIRECTION('',(0.,-1.,0.));
#5015 = ORIENTED_EDGE('',*,*,#5016,.F.);
#5016 = EDGE_CURVE('',#4978,#5009,#5017,.T.);
#5017 = LINE('',#5018,#5019);
#5018 = CARTESIAN_POINT('',(-0.25,2.3,-0.15));
#5019 = VECTOR('',#5020,1.);
#5020 = DIRECTION('',(1.,0.,0.));
#5021 = ORIENTED_EDGE('',*,*,#4977,.T.);
#5022 = PLANE('',#5023);
#5023 = AXIS2_PLACEMENT_3D('',#5024,#5025,#5026);
#5024 = CARTESIAN_POINT('',(0.25,-2.3,-0.15));
#5025 = DIRECTION('',(0.,0.,-1.));
#5026 = DIRECTION('',(-1.,0.,0.));
#5027 = ADVANCED_FACE('',(#5028),#5046,.T.);
#5028 = FACE_BOUND('',#5029,.F.);
#5029 = EDGE_LOOP('',(#5030,#5031,#5039,#5045));
#5030 = ORIENTED_EDGE('',*,*,#4954,.T.);
#5031 = ORIENTED_EDGE('',*,*,#5032,.F.);
#5032 = EDGE_CURVE('',#5033,#4947,#5035,.T.);
#5033 = VERTEX_POINT('',#5034);
#5034 = CARTESIAN_POINT('',(0.25,2.3,0.15));
#5035 = LINE('',#5036,#5037);
#5036 = CARTESIAN_POINT('',(0.25,2.3,0.15));
#5037 = VECTOR('',#5038,1.);
#5038 = DIRECTION('',(0.,-1.,0.));
#5039 = ORIENTED_EDGE('',*,*,#5040,.F.);
#5040 = EDGE_CURVE('',#5009,#5033,#5041,.T.);
#5041 = LINE('',#5042,#5043);
#5042 = CARTESIAN_POINT('',(0.25,2.3,-0.15));
#5043 = VECTOR('',#5044,1.);
#5044 = DIRECTION('',(0.,0.,1.));
#5045 = ORIENTED_EDGE('',*,*,#5008,.T.);
#5046 = PLANE('',#5047);
#5047 = AXIS2_PLACEMENT_3D('',#5048,#5049,#5050);
#5048 = CARTESIAN_POINT('',(0.25,-2.3,0.15));
#5049 = DIRECTION('',(1.,0.,0.));
#5050 = DIRECTION('',(0.,0.,-1.));
#5051 = ADVANCED_FACE('',(#5052),#5063,.T.);
#5052 = FACE_BOUND('',#5053,.F.);
#5053 = EDGE_LOOP('',(#5054,#5055,#5056,#5062));
#5054 = ORIENTED_EDGE('',*,*,#4946,.T.);
#5055 = ORIENTED_EDGE('',*,*,#4993,.F.);
#5056 = ORIENTED_EDGE('',*,*,#5057,.F.);
#5057 = EDGE_CURVE('',#5033,#4986,#5058,.T.);
#5058 = LINE('',#5059,#5060);
#5059 = CARTESIAN_POINT('',(0.25,2.3,0.15));
#5060 = VECTOR('',#5061,1.);
#5061 = DIRECTION('',(-1.,0.,0.));
#5062 = ORIENTED_EDGE('',*,*,#5032,.T.);
#5063 = PLANE('',#5064);
#5064 = AXIS2_PLACEMENT_3D('',#5065,#5066,#5067);
#5065 = CARTESIAN_POINT('',(-0.25,-2.3,0.15));
#5066 = DIRECTION('',(0.,0.,1.));
#5067 = DIRECTION('',(1.,0.,-0.));
#5068 = ADVANCED_FACE('',(#5069),#5075,.T.);
#5069 = FACE_BOUND('',#5070,.F.);
#5070 = EDGE_LOOP('',(#5071,#5072,#5073,#5074));
#5071 = ORIENTED_EDGE('',*,*,#4985,.T.);
#5072 = ORIENTED_EDGE('',*,*,#5016,.T.);
#5073 = ORIENTED_EDGE('',*,*,#5040,.T.);
#5074 = ORIENTED_EDGE('',*,*,#5057,.T.);
#5075 = PLANE('',#5076);
#5076 = AXIS2_PLACEMENT_3D('',#5077,#5078,#5079);
#5077 = CARTESIAN_POINT('',(0.,2.3,0.));
#5078 = DIRECTION('',(0.,1.,0.));
#5079 = DIRECTION('',(1.,0.,0.));
#5080 = ( GEOMETRIC_REPRESENTATION_CONTEXT(3) 
GLOBAL_UNCERTAINTY_ASSIGNED_CONTEXT((#5084)) 
GLOBAL_UNIT_ASSIGNED_CONTEXT((#5081,#5082,#5083)) REPRESENTATION_CONTEXT
('Context #1','3D Context with UNIT and UNCERTAINTY') );
#5081 = ( LENGTH_UNIT() NAMED_UNIT(*) SI_UNIT(.MILLI.,.METRE.) );
#5082 = ( NAMED_UNIT(*) PLANE_ANGLE_UNIT() SI_UNIT($,.RADIAN.) );
#5083 = ( NAMED_UNIT(*) SI_UNIT($,.STERADIAN.) SOLID_ANGLE_UNIT() );
#5084 = UNCERTAINTY_MEASURE_WITH_UNIT(LENGTH_MEASURE(1.E-07),#5081,
  'distance_accuracy_value','confusion accuracy');
#5085 = CONTEXT_DEPENDENT_SHAPE_REPRESENTATION(#5086,#5088);
#5086 = ( REPRESENTATION_RELATIONSHIP('','',#4929,#4505) 
REPRESENTATION_RELATIONSHIP_WITH_TRANSFORMATION(#5087) 
SHAPE_REPRESENTATION_RELATIONSHIP() );
#5087 = ITEM_DEFINED_TRANSFORMATION('','',#11,#4510);
#5088 = PRODUCT_DEFINITION_SHAPE('Placement','Placement of an item',
  #5089);
#5089 = NEXT_ASSEMBLY_USAGE_OCCURRENCE('5','PIN','',#4500,#4924,$);
#5090 = PRODUCT_RELATED_PRODUCT_CATEGORY('part',$,(#4926));
#5091 = CONTEXT_DEPENDENT_SHAPE_REPRESENTATION(#5092,#5094);
#5092 = ( REPRESENTATION_RELATIONSHIP('','',#4929,#4505) 
REPRESENTATION_RELATIONSHIP_WITH_TRANSFORMATION(#5093) 
SHAPE_REPRESENTATION_RELATIONSHIP() );
#5093 = ITEM_DEFINED_TRANSFORMATION('','',#11,#4514);
#5094 = PRODUCT_DEFINITION_SHAPE('Placement','Placement of an item',
  #5095);
#5095 = NEXT_ASSEMBLY_USAGE_OCCURRENCE('6','PIN_1_1','',#4500,#4924,$);
#5096 = CONTEXT_DEPENDENT_SHAPE_REPRESENTATION(#5097,#5099);
#5097 = ( REPRESENTATION_RELATIONSHIP('','',#4929,#4505) 
REPRESENTATION_RELATIONSHIP_WITH_TRANSFORMATION(#5098) 
SHAPE_REPRESENTATION_RELATIONSHIP() );
#5098 = ITEM_DEFINED_TRANSFORMATION('','',#11,#4518);
#5099 = PRODUCT_DEFINITION_SHAPE('Placement','Placement of an item',
  #5100);
#5100 = NEXT_ASSEMBLY_USAGE_OCCURRENCE('7','PIN_1_1_1','',#4500,#4924,$
  );
#5101 = CONTEXT_DEPENDENT_SHAPE_REPRESENTATION(#5102,#5104);
#5102 = ( REPRESENTATION_RELATIONSHIP('','',#4929,#4505) 
REPRESENTATION_RELATIONSHIP_WITH_TRANSFORMATION(#5103) 
SHAPE_REPRESENTATION_RELATIONSHIP() );
#5103 = ITEM_DEFINED_TRANSFORMATION('','',#11,#4522);
#5104 = PRODUCT_DEFINITION_SHAPE('Placement','Placement of an item',
  #5105);
#5105 = NEXT_ASSEMBLY_USAGE_OCCURRENCE('8','PIN_1_1_1','',#4500,#4924,$
  );
#5106 = CONTEXT_DEPENDENT_SHAPE_REPRESENTATION(#5107,#5109);
#5107 = ( REPRESENTATION_RELATIONSHIP('','',#4929,#4505) 
REPRESENTATION_RELATIONSHIP_WITH_TRANSFORMATION(#5108) 
SHAPE_REPRESENTATION_RELATIONSHIP() );
#5108 = ITEM_DEFINED_TRANSFORMATION('','',#11,#4526);
#5109 = PRODUCT_DEFINITION_SHAPE('Placement','Placement of an item',
  #5110);
#5110 = NEXT_ASSEMBLY_USAGE_OCCURRENCE('9','PIN_1_1_1','',#4500,#4924,$
  );
#5111 = SHAPE_DEFINITION_REPRESENTATION(#5112,#5118);
#5112 = PRODUCT_DEFINITION_SHAPE('','',#5113);
#5113 = PRODUCT_DEFINITION('design','',#5114,#5117);
#5114 = PRODUCT_DEFINITION_FORMATION('','',#5115);
#5115 = PRODUCT('DCDC_Adapter_silkscreen','DCDC_Adapter_silkscreen','',(
    #5116));
#5116 = PRODUCT_CONTEXT('',#2,'mechanical');
#5117 = PRODUCT_DEFINITION_CONTEXT('part definition',#2,'design');
#5118 = SHAPE_REPRESENTATION('',(#11,#5119,#5261,#5468,#5756,#5963,#6032
    ,#6101,#6170,#6239,#6357,#6519,#6754,#6916,#6968,#7133,#7251,#7295,
    #7386,#7498,#7550,#7602,#7687),#7829);
#5119 = SHELL_BASED_SURFACE_MODEL('',(#5120));
#5120 = OPEN_SHELL('',(#5121));
#5121 = ADVANCED_FACE('',(#5122),#5256,.T.);
#5122 = FACE_BOUND('',#5123,.F.);
#5123 = EDGE_LOOP('',(#5124,#5134,#5142,#5151,#5159,#5167,#5176,#5184,
    #5193,#5201,#5209,#5217,#5225,#5234,#5242,#5250));
#5124 = ORIENTED_EDGE('',*,*,#5125,.T.);
#5125 = EDGE_CURVE('',#5126,#5128,#5130,.T.);
#5126 = VERTEX_POINT('',#5127);
#5127 = CARTESIAN_POINT('',(146.172582,-96.901841,1.485));
#5128 = VERTEX_POINT('',#5129);
#5129 = CARTESIAN_POINT('',(146.211038,-96.88126,1.485));
#5130 = LINE('',#5131,#5132);
#5131 = CARTESIAN_POINT('',(146.172582,-96.901841,1.485));
#5132 = VECTOR('',#5133,1.);
#5133 = DIRECTION('',(0.881674852639,0.471857451169,0.));
#5134 = ORIENTED_EDGE('',*,*,#5135,.T.);
#5135 = EDGE_CURVE('',#5128,#5136,#5138,.T.);
#5136 = VERTEX_POINT('',#5137);
#5137 = CARTESIAN_POINT('',(146.232875,-96.88126,1.485));
#5138 = LINE('',#5139,#5140);
#5139 = CARTESIAN_POINT('',(146.211038,-96.88126,1.485));
#5140 = VECTOR('',#5141,1.);
#5141 = DIRECTION('',(1.,0.,0.));
#5142 = ORIENTED_EDGE('',*,*,#5143,.T.);
#5143 = EDGE_CURVE('',#5136,#5144,#5146,.T.);
#5144 = VERTEX_POINT('',#5145);
#5145 = CARTESIAN_POINT('',(146.30067,-96.954819,1.485));
#5146 = CIRCLE('',#5147,7.216898094227E-02);
#5147 = AXIS2_PLACEMENT_3D('',#5148,#5149,#5150);
#5148 = CARTESIAN_POINT('',(146.22851706389,-96.95329728342,1.485));
#5149 = DIRECTION('',(0.,0.,-1.));
#5150 = DIRECTION('',(6.038516895265E-02,0.998175150648,0.));
#5151 = ORIENTED_EDGE('',*,*,#5152,.T.);
#5152 = EDGE_CURVE('',#5144,#5153,#5155,.T.);
#5153 = VERTEX_POINT('',#5154);
#5154 = CARTESIAN_POINT('',(146.30067,-97.879819,1.485));
#5155 = LINE('',#5156,#5157);
#5156 = CARTESIAN_POINT('',(146.30067,-96.954819,1.485));
#5157 = VECTOR('',#5158,1.);
#5158 = DIRECTION('',(0.,-1.,0.));
#5159 = ORIENTED_EDGE('',*,*,#5160,.T.);
#5160 = EDGE_CURVE('',#5153,#5161,#5163,.T.);
#5161 = VERTEX_POINT('',#5162);
#5162 = CARTESIAN_POINT('',(146.526016,-97.88126,1.485));
#5163 = LINE('',#5164,#5165);
#5164 = CARTESIAN_POINT('',(146.30067,-97.879819,1.485));
#5165 = VECTOR('',#5166,1.);
#5166 = DIRECTION('',(0.999979555102,-6.394480216655E-03,0.));
#5167 = ORIENTED_EDGE('',*,*,#5168,.T.);
#5168 = EDGE_CURVE('',#5161,#5169,#5171,.T.);
#5169 = VERTEX_POINT('',#5170);
#5170 = CARTESIAN_POINT('',(146.511384,-98.029819,1.485));
#5171 = CIRCLE('',#5172,7.500006711465E-02);
#5172 = AXIS2_PLACEMENT_3D('',#5173,#5174,#5175);
#5173 = CARTESIAN_POINT('',(146.51138406711,-97.95481893288,1.485));
#5174 = DIRECTION('',(0.,0.,-1.));
#5175 = DIRECTION('',(0.195092263891,0.980784894138,0.));
#5176 = ORIENTED_EDGE('',*,*,#5177,.T.);
#5177 = EDGE_CURVE('',#5169,#5178,#5180,.T.);
#5178 = VERTEX_POINT('',#5179);
#5179 = CARTESIAN_POINT('',(145.925324,-98.028378,1.485));
#5180 = LINE('',#5181,#5182);
#5181 = CARTESIAN_POINT('',(146.511384,-98.029819,1.485));
#5182 = VECTOR('',#5183,1.);
#5183 = DIRECTION('',(-0.999996977183,2.45878518261E-03,0.));
#5184 = ORIENTED_EDGE('',*,*,#5185,.T.);
#5185 = EDGE_CURVE('',#5178,#5186,#5188,.T.);
#5186 = VERTEX_POINT('',#5187);
#5187 = CARTESIAN_POINT('',(145.939956,-97.879819,1.485));
#5188 = CIRCLE('',#5189,7.500006711464E-02);
#5189 = AXIS2_PLACEMENT_3D('',#5190,#5191,#5192);
#5190 = CARTESIAN_POINT('',(145.93995593288,-97.95481906711,1.485));
#5191 = DIRECTION('',(0.,0.,-1.));
#5192 = DIRECTION('',(-0.195092263891,-0.980784894138,-0.));
#5193 = ORIENTED_EDGE('',*,*,#5194,.T.);
#5194 = EDGE_CURVE('',#5186,#5195,#5197,.T.);
#5195 = VERTEX_POINT('',#5196);
#5196 = CARTESIAN_POINT('',(146.15067,-97.879819,1.485));
#5197 = LINE('',#5198,#5199);
#5198 = CARTESIAN_POINT('',(145.939956,-97.879819,1.485));
#5199 = VECTOR('',#5200,1.);
#5200 = DIRECTION('',(1.,0.,0.));
#5201 = ORIENTED_EDGE('',*,*,#5202,.T.);
#5202 = EDGE_CURVE('',#5195,#5203,#5205,.T.);
#5203 = VERTEX_POINT('',#5204);
#5204 = CARTESIAN_POINT('',(146.15067,-97.183504,1.485));
#5205 = LINE('',#5206,#5207);
#5206 = CARTESIAN_POINT('',(146.15067,-97.879819,1.485));
#5207 = VECTOR('',#5208,1.);
#5208 = DIRECTION('',(0.,1.,0.));
#5209 = ORIENTED_EDGE('',*,*,#5210,.T.);
#5210 = EDGE_CURVE('',#5203,#5211,#5213,.T.);
#5211 = VERTEX_POINT('',#5212);
#5212 = CARTESIAN_POINT('',(146.075034,-97.256031,1.485));
#5213 = LINE('',#5214,#5215);
#5214 = CARTESIAN_POINT('',(146.15067,-97.183504,1.485));
#5215 = VECTOR('',#5216,1.);
#5216 = DIRECTION('',(-0.721785571396,-0.692116745156,0.));
#5217 = ORIENTED_EDGE('',*,*,#5218,.T.);
#5218 = EDGE_CURVE('',#5211,#5219,#5221,.T.);
#5219 = VERTEX_POINT('',#5220);
#5220 = CARTESIAN_POINT('',(145.959765,-97.31287,1.485));
#5221 = LINE('',#5222,#5223);
#5222 = CARTESIAN_POINT('',(146.075034,-97.256031,1.485));
#5223 = VECTOR('',#5224,1.);
#5224 = DIRECTION('',(-0.896889346494,-0.442255017094,0.));
#5225 = ORIENTED_EDGE('',*,*,#5226,.T.);
#5226 = EDGE_CURVE('',#5219,#5227,#5229,.T.);
#5227 = VERTEX_POINT('',#5228);
#5228 = CARTESIAN_POINT('',(145.906415,-97.173451,1.485));
#5229 = CIRCLE('',#5230,7.500005272361E-02);
#5230 = AXIS2_PLACEMENT_3D('',#5231,#5232,#5233);
#5231 = CARTESIAN_POINT('',(145.93995555676,-97.24053332972,1.485));
#5232 = DIRECTION('',(0.,0.,-1.));
#5233 = DIRECTION('',(0.264125724196,-0.964488259036,0.));
#5234 = ORIENTED_EDGE('',*,*,#5235,.T.);
#5235 = EDGE_CURVE('',#5227,#5236,#5238,.T.);
#5236 = VERTEX_POINT('',#5237);
#5237 = CARTESIAN_POINT('',(145.990767,-97.131275,1.485));
#5238 = LINE('',#5239,#5240);
#5239 = CARTESIAN_POINT('',(145.906415,-97.173451,1.485));
#5240 = VECTOR('',#5241,1.);
#5241 = DIRECTION('',(0.894427191,0.4472135955,0.));
#5242 = ORIENTED_EDGE('',*,*,#5243,.T.);
#5243 = EDGE_CURVE('',#5236,#5244,#5246,.T.);
#5244 = VERTEX_POINT('',#5245);
#5245 = CARTESIAN_POINT('',(146.072146,-97.049896,1.485));
#5246 = LINE('',#5247,#5248);
#5247 = CARTESIAN_POINT('',(145.990767,-97.131275,1.485));
#5248 = VECTOR('',#5249,1.);
#5249 = DIRECTION('',(0.707106781187,0.707106781187,0.));
#5250 = ORIENTED_EDGE('',*,*,#5251,.T.);
#5251 = EDGE_CURVE('',#5244,#5126,#5252,.T.);
#5252 = LINE('',#5253,#5254);
#5253 = CARTESIAN_POINT('',(146.072146,-97.049896,1.485));
#5254 = VECTOR('',#5255,1.);
#5255 = DIRECTION('',(0.561387006404,0.82755339951,0.));
#5256 = PLANE('',#5257);
#5257 = AXIS2_PLACEMENT_3D('',#5258,#5259,#5260);
#5258 = CARTESIAN_POINT('',(0.,0.,1.485));
#5259 = DIRECTION('',(0.,0.,1.));
#5260 = DIRECTION('',(1.,0.,-0.));
#5261 = SHELL_BASED_SURFACE_MODEL('',(#5262));
#5262 = OPEN_SHELL('',(#5263));
#5263 = ADVANCED_FACE('',(#5264,#5380),#5463,.T.);
#5264 = FACE_BOUND('',#5265,.F.);
#5265 = EDGE_LOOP('',(#5266,#5277,#5285,#5293,#5301,#5309,#5317,#5325,
    #5333,#5341,#5349,#5357,#5365,#5374));
#5266 = ORIENTED_EDGE('',*,*,#5267,.T.);
#5267 = EDGE_CURVE('',#5268,#5270,#5272,.T.);
#5268 = VERTEX_POINT('',#5269);
#5269 = CARTESIAN_POINT('',(144.914016,-96.940187,1.485));
#5270 = VERTEX_POINT('',#5271);
#5271 = CARTESIAN_POINT('',(144.987575,-96.879819,1.485));
#5272 = CIRCLE('',#5273,7.500074938986E-02);
#5273 = AXIS2_PLACEMENT_3D('',#5274,#5275,#5276);
#5274 = CARTESIAN_POINT('',(144.98757546611,-96.95481974938,1.485));
#5275 = DIRECTION('',(0.,0.,-1.));
#5276 = DIRECTION('',(-0.980783081614,0.195101375752,0.));
#5277 = ORIENTED_EDGE('',*,*,#5278,.T.);
#5278 = EDGE_CURVE('',#5270,#5279,#5281,.T.);
#5279 = VERTEX_POINT('',#5280);
#5280 = CARTESIAN_POINT('',(145.233075,-96.880548,1.485));
#5281 = LINE('',#5282,#5283);
#5282 = CARTESIAN_POINT('',(144.987575,-96.879819,1.485));
#5283 = VECTOR('',#5284,1.);
#5284 = DIRECTION('',(0.999995591212,-2.969437010185E-03,0.));
#5285 = ORIENTED_EDGE('',*,*,#5286,.T.);
#5286 = EDGE_CURVE('',#5279,#5287,#5289,.T.);
#5287 = VERTEX_POINT('',#5288);
#5288 = CARTESIAN_POINT('',(145.410195,-96.940078,1.485));
#5289 = LINE('',#5290,#5291);
#5290 = CARTESIAN_POINT('',(145.233075,-96.880548,1.485));
#5291 = VECTOR('',#5292,1.);
#5292 = DIRECTION('',(0.947893661994,-0.318586888542,0.));
#5293 = ORIENTED_EDGE('',*,*,#5294,.T.);
#5294 = EDGE_CURVE('',#5287,#5295,#5297,.T.);
#5295 = VERTEX_POINT('',#5296);
#5296 = CARTESIAN_POINT('',(145.526884,-97.05784,1.485));
#5297 = LINE('',#5298,#5299);
#5298 = CARTESIAN_POINT('',(145.410195,-96.940078,1.485));
#5299 = VECTOR('',#5300,1.);
#5300 = DIRECTION('',(0.703863230025,-0.710335521721,0.));
#5301 = ORIENTED_EDGE('',*,*,#5302,.T.);
#5302 = EDGE_CURVE('',#5295,#5303,#5305,.T.);
#5303 = VERTEX_POINT('',#5304);
#5304 = CARTESIAN_POINT('',(145.584145,-97.174724,1.485));
#5305 = LINE('',#5306,#5307);
#5306 = CARTESIAN_POINT('',(145.526884,-97.05784,1.485));
#5307 = VECTOR('',#5308,1.);
#5308 = DIRECTION('',(0.439939908708,-0.8980272138,0.));
#5309 = ORIENTED_EDGE('',*,*,#5310,.T.);
#5310 = EDGE_CURVE('',#5303,#5311,#5313,.T.);
#5311 = VERTEX_POINT('',#5312);
#5312 = CARTESIAN_POINT('',(145.634003,-97.38339,1.485));
#5313 = LINE('',#5314,#5315);
#5314 = CARTESIAN_POINT('',(145.584145,-97.174724,1.485));
#5315 = VECTOR('',#5316,1.);
#5316 = DIRECTION('',(0.232395123349,-0.972621461126,0.));
#5317 = ORIENTED_EDGE('',*,*,#5318,.T.);
#5318 = EDGE_CURVE('',#5311,#5319,#5321,.T.);
#5319 = VERTEX_POINT('',#5320);
#5320 = CARTESIAN_POINT('',(145.631764,-97.544437,1.485));
#5321 = LINE('',#5322,#5323);
#5322 = CARTESIAN_POINT('',(145.634003,-97.38339,1.485));
#5323 = VECTOR('',#5324,1.);
#5324 = DIRECTION('',(-1.390143030568E-02,-0.999903370449,0.));
#5325 = ORIENTED_EDGE('',*,*,#5326,.T.);
#5326 = EDGE_CURVE('',#5319,#5327,#5329,.T.);
#5327 = VERTEX_POINT('',#5328);
#5328 = CARTESIAN_POINT('',(145.578466,-97.750264,1.485));
#5329 = LINE('',#5330,#5331);
#5330 = CARTESIAN_POINT('',(145.631764,-97.544437,1.485));
#5331 = VECTOR('',#5332,1.);
#5332 = DIRECTION('',(-0.250677645339,-0.968070616292,0.));
#5333 = ORIENTED_EDGE('',*,*,#5334,.T.);
#5334 = EDGE_CURVE('',#5327,#5335,#5337,.T.);
#5335 = VERTEX_POINT('',#5336);
#5336 = CARTESIAN_POINT('',(145.521516,-97.859244,1.485));
#5337 = LINE('',#5338,#5339);
#5338 = CARTESIAN_POINT('',(145.578466,-97.750264,1.485));
#5339 = VECTOR('',#5340,1.);
#5340 = DIRECTION('',(-0.463146784147,-0.886281589752,0.));
#5341 = ORIENTED_EDGE('',*,*,#5342,.T.);
#5342 = EDGE_CURVE('',#5335,#5343,#5345,.T.);
#5343 = VERTEX_POINT('',#5344);
#5344 = CARTESIAN_POINT('',(145.405669,-97.972357,1.485));
#5345 = LINE('',#5346,#5347);
#5346 = CARTESIAN_POINT('',(145.521516,-97.859244,1.485));
#5347 = VECTOR('',#5348,1.);
#5348 = DIRECTION('',(-0.715499299798,-0.698613449619,0.));
#5349 = ORIENTED_EDGE('',*,*,#5350,.T.);
#5350 = EDGE_CURVE('',#5343,#5351,#5353,.T.);
#5351 = VERTEX_POINT('',#5352);
#5352 = CARTESIAN_POINT('',(145.233075,-98.029089,1.485));
#5353 = LINE('',#5354,#5355);
#5354 = CARTESIAN_POINT('',(145.405669,-97.972357,1.485));
#5355 = VECTOR('',#5356,1.);
#5356 = DIRECTION('',(-0.949994945594,-0.312265277202,0.));
#5357 = ORIENTED_EDGE('',*,*,#5358,.T.);
#5358 = EDGE_CURVE('',#5351,#5359,#5361,.T.);
#5359 = VERTEX_POINT('',#5360);
#5360 = CARTESIAN_POINT('',(144.972943,-98.028378,1.485));
#5361 = LINE('',#5362,#5363);
#5362 = CARTESIAN_POINT('',(145.233075,-98.029089,1.485));
#5363 = VECTOR('',#5364,1.);
#5364 = DIRECTION('',(-0.999996264754,2.733217536618E-03,0.));
#5365 = ORIENTED_EDGE('',*,*,#5366,.T.);
#5366 = EDGE_CURVE('',#5359,#5367,#5369,.T.);
#5367 = VERTEX_POINT('',#5368);
#5368 = CARTESIAN_POINT('',(144.912575,-97.954819,1.485));
#5369 = CIRCLE('',#5370,7.500074938992E-02);
#5370 = AXIS2_PLACEMENT_3D('',#5371,#5372,#5373);
#5371 = CARTESIAN_POINT('',(144.98757574938,-97.95481853389,1.485));
#5372 = DIRECTION('',(0.,0.,-1.));
#5373 = DIRECTION('',(-0.195101375753,-0.980783081613,-0.));
#5374 = ORIENTED_EDGE('',*,*,#5375,.T.);
#5375 = EDGE_CURVE('',#5367,#5268,#5376,.T.);
#5376 = LINE('',#5377,#5378);
#5377 = CARTESIAN_POINT('',(144.912575,-97.954819,1.485));
#5378 = VECTOR('',#5379,1.);
#5379 = DIRECTION('',(1.420217918158E-03,0.99999899149,0.));
#5380 = FACE_BOUND('',#5381,.F.);
#5381 = EDGE_LOOP('',(#5382,#5392,#5400,#5408,#5416,#5424,#5432,#5441,
    #5449,#5457));
#5382 = ORIENTED_EDGE('',*,*,#5383,.T.);
#5383 = EDGE_CURVE('',#5384,#5386,#5388,.T.);
#5384 = VERTEX_POINT('',#5385);
#5385 = CARTESIAN_POINT('',(145.328013,-97.06799,1.485));
#5386 = VERTEX_POINT('',#5387);
#5387 = CARTESIAN_POINT('',(145.2135,-97.029819,1.485));
#5388 = LINE('',#5389,#5390);
#5389 = CARTESIAN_POINT('',(145.328013,-97.06799,1.485));
#5390 = VECTOR('',#5391,1.);
#5391 = DIRECTION('',(-0.948683298051,0.316227766017,0.));
#5392 = ORIENTED_EDGE('',*,*,#5393,.T.);
#5393 = EDGE_CURVE('',#5386,#5394,#5396,.T.);
#5394 = VERTEX_POINT('',#5395);
#5395 = CARTESIAN_POINT('',(145.062575,-97.029819,1.485));
#5396 = LINE('',#5397,#5398);
#5397 = CARTESIAN_POINT('',(145.2135,-97.029819,1.485));
#5398 = VECTOR('',#5399,1.);
#5399 = DIRECTION('',(-1.,0.,0.));
#5400 = ORIENTED_EDGE('',*,*,#5401,.T.);
#5401 = EDGE_CURVE('',#5394,#5402,#5404,.T.);
#5402 = VERTEX_POINT('',#5403);
#5403 = CARTESIAN_POINT('',(145.062575,-97.879819,1.485));
#5404 = LINE('',#5405,#5406);
#5405 = CARTESIAN_POINT('',(145.062575,-97.029819,1.485));
#5406 = VECTOR('',#5407,1.);
#5407 = DIRECTION('',(0.,-1.,0.));
#5408 = ORIENTED_EDGE('',*,*,#5409,.T.);
#5409 = EDGE_CURVE('',#5402,#5410,#5412,.T.);
#5410 = VERTEX_POINT('',#5411);
#5411 = CARTESIAN_POINT('',(145.2135,-97.879819,1.485));
#5412 = LINE('',#5413,#5414);
#5413 = CARTESIAN_POINT('',(145.062575,-97.879819,1.485));
#5414 = VECTOR('',#5415,1.);
#5415 = DIRECTION('',(1.,0.,0.));
#5416 = ORIENTED_EDGE('',*,*,#5417,.T.);
#5417 = EDGE_CURVE('',#5410,#5418,#5420,.T.);
#5418 = VERTEX_POINT('',#5419);
#5419 = CARTESIAN_POINT('',(145.328013,-97.841647,1.485));
#5420 = LINE('',#5421,#5422);
#5421 = CARTESIAN_POINT('',(145.2135,-97.879819,1.485));
#5422 = VECTOR('',#5423,1.);
#5423 = DIRECTION('',(0.948680812677,0.31623522204,0.));
#5424 = ORIENTED_EDGE('',*,*,#5425,.T.);
#5425 = EDGE_CURVE('',#5418,#5426,#5428,.T.);
#5426 = VERTEX_POINT('',#5427);
#5427 = CARTESIAN_POINT('',(145.402125,-97.767534,1.485));
#5428 = LINE('',#5429,#5430);
#5429 = CARTESIAN_POINT('',(145.328013,-97.841647,1.485));
#5430 = VECTOR('',#5431,1.);
#5431 = DIRECTION('',(0.707102010674,0.707111551666,0.));
#5432 = ORIENTED_EDGE('',*,*,#5433,.T.);
#5433 = EDGE_CURVE('',#5426,#5434,#5436,.T.);
#5434 = VERTEX_POINT('',#5435);
#5435 = CARTESIAN_POINT('',(145.484003,-97.392624,1.485));
#5436 = CIRCLE('',#5437,0.611719141131);
#5437 = AXIS2_PLACEMENT_3D('',#5438,#5439,#5440);
#5438 = CARTESIAN_POINT('',(144.87559096224,-97.45614643649,1.485));
#5439 = DIRECTION('',(0.,0.,1.));
#5440 = DIRECTION('',(0.860744747637,-0.509036815383,0.));
#5441 = ORIENTED_EDGE('',*,*,#5442,.T.);
#5442 = EDGE_CURVE('',#5434,#5443,#5445,.T.);
#5443 = VERTEX_POINT('',#5444);
#5444 = CARTESIAN_POINT('',(145.440619,-97.21909,1.485));
#5445 = LINE('',#5446,#5447);
#5446 = CARTESIAN_POINT('',(145.484003,-97.392624,1.485));
#5447 = VECTOR('',#5448,1.);
#5448 = DIRECTION('',(-0.242538255859,0.970141842436,0.));
#5449 = ORIENTED_EDGE('',*,*,#5450,.T.);
#5450 = EDGE_CURVE('',#5443,#5451,#5453,.T.);
#5451 = VERTEX_POINT('',#5452);
#5452 = CARTESIAN_POINT('',(145.402126,-97.142103,1.485));
#5453 = LINE('',#5454,#5455);
#5454 = CARTESIAN_POINT('',(145.440619,-97.21909,1.485));
#5455 = VECTOR('',#5456,1.);
#5456 = DIRECTION('',(-0.447208948322,0.894429514574,0.));
#5457 = ORIENTED_EDGE('',*,*,#5458,.T.);
#5458 = EDGE_CURVE('',#5451,#5384,#5459,.T.);
#5459 = LINE('',#5460,#5461);
#5460 = CARTESIAN_POINT('',(145.402126,-97.142103,1.485));
#5461 = VECTOR('',#5462,1.);
#5462 = DIRECTION('',(-0.707106781187,0.707106781187,0.));
#5463 = PLANE('',#5464);
#5464 = AXIS2_PLACEMENT_3D('',#5465,#5466,#5467);
#5465 = CARTESIAN_POINT('',(0.,0.,1.485));
#5466 = DIRECTION('',(0.,0.,1.));
#5467 = DIRECTION('',(1.,0.,-0.));
#5468 = SHELL_BASED_SURFACE_MODEL('',(#5469));
#5469 = OPEN_SHELL('',(#5470));
#5470 = ADVANCED_FACE('',(#5471),#5751,.T.);
#5471 = FACE_BOUND('',#5472,.F.);
#5472 = EDGE_LOOP('',(#5473,#5483,#5491,#5499,#5508,#5516,#5525,#5533,
    #5541,#5549,#5557,#5566,#5574,#5582,#5590,#5599,#5607,#5615,#5623,
    #5632,#5640,#5649,#5657,#5665,#5673,#5681,#5689,#5697,#5705,#5713,
    #5721,#5729,#5737,#5745));
#5473 = ORIENTED_EDGE('',*,*,#5474,.T.);
#5474 = EDGE_CURVE('',#5475,#5477,#5479,.T.);
#5475 = VERTEX_POINT('',#5476);
#5476 = CARTESIAN_POINT('',(139.924305,-93.574812,1.485));
#5477 = VERTEX_POINT('',#5478);
#5478 = CARTESIAN_POINT('',(140.006588,-93.495751,1.485));
#5479 = LINE('',#5480,#5481);
#5480 = CARTESIAN_POINT('',(139.924305,-93.574812,1.485));
#5481 = VECTOR('',#5482,1.);
#5482 = DIRECTION('',(0.721083763151,0.692847895659,0.));
#5483 = ORIENTED_EDGE('',*,*,#5484,.T.);
#5484 = EDGE_CURVE('',#5477,#5485,#5487,.T.);
#5485 = VERTEX_POINT('',#5486);
#5486 = CARTESIAN_POINT('',(140.141654,-93.451076,1.485));
#5487 = LINE('',#5488,#5489);
#5488 = CARTESIAN_POINT('',(140.006588,-93.495751,1.485));
#5489 = VECTOR('',#5490,1.);
#5490 = DIRECTION('',(0.949412502971,0.31403168503,0.));
#5491 = ORIENTED_EDGE('',*,*,#5492,.T.);
#5492 = EDGE_CURVE('',#5485,#5493,#5495,.T.);
#5493 = VERTEX_POINT('',#5494);
#5494 = CARTESIAN_POINT('',(140.253008,-93.451572,1.485));
#5495 = LINE('',#5496,#5497);
#5496 = CARTESIAN_POINT('',(140.141654,-93.451076,1.485));
#5497 = VECTOR('',#5498,1.);
#5498 = DIRECTION('',(0.999990079918,-4.454218794455E-03,0.));
#5499 = ORIENTED_EDGE('',*,*,#5500,.T.);
#5500 = EDGE_CURVE('',#5493,#5501,#5503,.T.);
#5501 = VERTEX_POINT('',#5502);
#5502 = CARTESIAN_POINT('',(140.36146,-93.504878,1.485));
#5503 = CIRCLE('',#5504,0.229927105589);
#5504 = AXIS2_PLACEMENT_3D('',#5505,#5506,#5507);
#5505 = CARTESIAN_POINT('',(140.20937491609,-93.67732103736,1.485));
#5506 = DIRECTION('',(0.,0.,-1.));
#5507 = DIRECTION('',(0.189769204446,0.98182872694,0.));
#5508 = ORIENTED_EDGE('',*,*,#5509,.T.);
#5509 = EDGE_CURVE('',#5501,#5510,#5512,.T.);
#5510 = VERTEX_POINT('',#5511);
#5511 = CARTESIAN_POINT('',(140.373755,-93.541764,1.485));
#5512 = LINE('',#5513,#5514);
#5513 = CARTESIAN_POINT('',(140.36146,-93.504878,1.485));
#5514 = VECTOR('',#5515,1.);
#5515 = DIRECTION('',(0.316220050186,-0.948685869959,0.));
#5516 = ORIENTED_EDGE('',*,*,#5517,.T.);
#5517 = EDGE_CURVE('',#5510,#5518,#5520,.T.);
#5518 = VERTEX_POINT('',#5519);
#5519 = CARTESIAN_POINT('',(140.300364,-93.583599,1.485));
#5520 = CIRCLE('',#5521,5.080042659299E-02);
#5521 = AXIS2_PLACEMENT_3D('',#5522,#5523,#5524);
#5522 = CARTESIAN_POINT('',(140.3230824606,-93.53816162672,1.485));
#5523 = DIRECTION('',(0.,0.,-1.));
#5524 = DIRECTION('',(0.997482556633,-7.091226419013E-02,0.));
#5525 = ORIENTED_EDGE('',*,*,#5526,.T.);
#5526 = EDGE_CURVE('',#5518,#5527,#5529,.T.);
#5527 = VERTEX_POINT('',#5528);
#5528 = CARTESIAN_POINT('',(140.238519,-93.552676,1.485));
#5529 = LINE('',#5530,#5531);
#5530 = CARTESIAN_POINT('',(140.300364,-93.583599,1.485));
#5531 = VECTOR('',#5532,1.);
#5532 = DIRECTION('',(-0.89442429851,0.447219380432,0.));
#5533 = ORIENTED_EDGE('',*,*,#5534,.T.);
#5534 = EDGE_CURVE('',#5527,#5535,#5537,.T.);
#5535 = VERTEX_POINT('',#5536);
#5536 = CARTESIAN_POINT('',(140.149897,-93.552676,1.485));
#5537 = LINE('',#5538,#5539);
#5538 = CARTESIAN_POINT('',(140.238519,-93.552676,1.485));
#5539 = VECTOR('',#5540,1.);
#5540 = DIRECTION('',(-1.,0.,0.));
#5541 = ORIENTED_EDGE('',*,*,#5542,.T.);
#5542 = EDGE_CURVE('',#5535,#5543,#5545,.T.);
#5543 = VERTEX_POINT('',#5544);
#5544 = CARTESIAN_POINT('',(140.060238,-93.582562,1.485));
#5545 = LINE('',#5546,#5547);
#5546 = CARTESIAN_POINT('',(140.149897,-93.552676,1.485));
#5547 = VECTOR('',#5548,1.);
#5548 = DIRECTION('',(-0.948684356148,-0.316224591707,0.));
#5549 = ORIENTED_EDGE('',*,*,#5550,.T.);
#5550 = EDGE_CURVE('',#5543,#5551,#5553,.T.);
#5551 = VERTEX_POINT('',#5552);
#5552 = CARTESIAN_POINT('',(140.001976,-93.640825,1.485));
#5553 = LINE('',#5554,#5555);
#5554 = CARTESIAN_POINT('',(140.060238,-93.582562,1.485));
#5555 = VECTOR('',#5556,1.);
#5556 = DIRECTION('',(-0.707100712876,-0.707112849445,0.));
#5557 = ORIENTED_EDGE('',*,*,#5558,.T.);
#5558 = EDGE_CURVE('',#5551,#5559,#5561,.T.);
#5559 = VERTEX_POINT('',#5560);
#5560 = CARTESIAN_POINT('',(139.938454,-93.931051,1.485));
#5561 = CIRCLE('',#5562,0.473107682533);
#5562 = AXIS2_PLACEMENT_3D('',#5563,#5564,#5565);
#5563 = CARTESIAN_POINT('',(140.40900968861,-93.88197734936,1.485));
#5564 = DIRECTION('',(0.,0.,1.));
#5565 = DIRECTION('',(-0.860340475625,0.509719791651,0.));
#5566 = ORIENTED_EDGE('',*,*,#5567,.T.);
#5567 = EDGE_CURVE('',#5559,#5568,#5570,.T.);
#5568 = VERTEX_POINT('',#5569);
#5569 = CARTESIAN_POINT('',(139.971869,-94.064714,1.485));
#5570 = LINE('',#5571,#5572);
#5571 = CARTESIAN_POINT('',(139.938454,-93.931051,1.485));
#5572 = VECTOR('',#5573,1.);
#5573 = DIRECTION('',(0.242530501645,-0.970143780979,0.));
#5574 = ORIENTED_EDGE('',*,*,#5575,.T.);
#5575 = EDGE_CURVE('',#5568,#5576,#5578,.T.);
#5576 = VERTEX_POINT('',#5577);
#5577 = CARTESIAN_POINT('',(140.001976,-94.124928,1.485));
#5578 = LINE('',#5579,#5580);
#5579 = CARTESIAN_POINT('',(139.971869,-94.064714,1.485));
#5580 = VECTOR('',#5581,1.);
#5581 = DIRECTION('',(0.4472135955,-0.894427191,0.));
#5582 = ORIENTED_EDGE('',*,*,#5583,.T.);
#5583 = EDGE_CURVE('',#5576,#5584,#5586,.T.);
#5584 = VERTEX_POINT('',#5585);
#5585 = CARTESIAN_POINT('',(140.060238,-94.18319,1.485));
#5586 = LINE('',#5587,#5588);
#5587 = CARTESIAN_POINT('',(140.001976,-94.124928,1.485));
#5588 = VECTOR('',#5589,1.);
#5589 = DIRECTION('',(0.707106781186,-0.707106781187,0.));
#5590 = ORIENTED_EDGE('',*,*,#5591,.T.);
#5591 = EDGE_CURVE('',#5584,#5592,#5594,.T.);
#5592 = VERTEX_POINT('',#5593);
#5593 = CARTESIAN_POINT('',(140.295641,-94.18319,1.485));
#5594 = CIRCLE('',#5595,0.235238872812);
#5595 = AXIS2_PLACEMENT_3D('',#5596,#5597,#5598);
#5596 = CARTESIAN_POINT('',(140.1779395,-93.97951456166,1.485));
#5597 = DIRECTION('',(0.,0.,1.));
#5598 = DIRECTION('',(-0.500348852181,-0.865823900179,0.));
#5599 = ORIENTED_EDGE('',*,*,#5600,.T.);
#5600 = EDGE_CURVE('',#5592,#5601,#5603,.T.);
#5601 = VERTEX_POINT('',#5602);
#5602 = CARTESIAN_POINT('',(140.308569,-94.170263,1.485));
#5603 = LINE('',#5604,#5605);
#5604 = CARTESIAN_POINT('',(140.295641,-94.18319,1.485));
#5605 = VECTOR('',#5606,1.);
#5606 = DIRECTION('',(0.707134129596,0.707079431719,0.));
#5607 = ORIENTED_EDGE('',*,*,#5608,.T.);
#5608 = EDGE_CURVE('',#5601,#5609,#5611,.T.);
#5609 = VERTEX_POINT('',#5610);
#5610 = CARTESIAN_POINT('',(140.308569,-93.988105,1.485));
#5611 = LINE('',#5612,#5613);
#5612 = CARTESIAN_POINT('',(140.308569,-94.170263,1.485));
#5613 = VECTOR('',#5614,1.);
#5614 = DIRECTION('',(0.,1.,0.));
#5615 = ORIENTED_EDGE('',*,*,#5616,.T.);
#5616 = EDGE_CURVE('',#5609,#5617,#5619,.T.);
#5617 = VERTEX_POINT('',#5618);
#5618 = CARTESIAN_POINT('',(140.214226,-93.988105,1.485));
#5619 = LINE('',#5620,#5621);
#5620 = CARTESIAN_POINT('',(140.308569,-93.988105,1.485));
#5621 = VECTOR('',#5622,1.);
#5622 = DIRECTION('',(-1.,0.,0.));
#5623 = ORIENTED_EDGE('',*,*,#5624,.T.);
#5624 = EDGE_CURVE('',#5617,#5625,#5627,.T.);
#5625 = VERTEX_POINT('',#5626);
#5626 = CARTESIAN_POINT('',(140.214226,-93.886505,1.485));
#5627 = CIRCLE('',#5628,5.080000000045E-02);
#5628 = AXIS2_PLACEMENT_3D('',#5629,#5630,#5631);
#5629 = CARTESIAN_POINT('',(140.21422621212,-93.937305,1.485));
#5630 = DIRECTION('',(0.,0.,-1.));
#5631 = DIRECTION('',(-4.175621318494E-06,-0.999999999991,-0.));
#5632 = ORIENTED_EDGE('',*,*,#5633,.T.);
#5633 = EDGE_CURVE('',#5625,#5634,#5636,.T.);
#5634 = VERTEX_POINT('',#5635);
#5635 = CARTESIAN_POINT('',(140.359369,-93.886505,1.485));
#5636 = LINE('',#5637,#5638);
#5637 = CARTESIAN_POINT('',(140.214226,-93.886505,1.485));
#5638 = VECTOR('',#5639,1.);
#5639 = DIRECTION('',(1.,0.,0.));
#5640 = ORIENTED_EDGE('',*,*,#5641,.T.);
#5641 = EDGE_CURVE('',#5634,#5642,#5644,.T.);
#5642 = VERTEX_POINT('',#5643);
#5643 = CARTESIAN_POINT('',(140.410169,-93.937305,1.485));
#5644 = CIRCLE('',#5645,5.080063928357E-02);
#5645 = AXIS2_PLACEMENT_3D('',#5646,#5647,#5648);
#5646 = CARTESIAN_POINT('',(140.35936836072,-93.93730563928,1.485));
#5647 = DIRECTION('',(0.,0.,-1.));
#5648 = DIRECTION('',(1.2584084437E-05,0.999999999921,0.));
#5649 = ORIENTED_EDGE('',*,*,#5650,.T.);
#5650 = EDGE_CURVE('',#5642,#5651,#5653,.T.);
#5651 = VERTEX_POINT('',#5652);
#5652 = CARTESIAN_POINT('',(140.410169,-94.191305,1.485));
#5653 = LINE('',#5654,#5655);
#5654 = CARTESIAN_POINT('',(140.410169,-93.937305,1.485));
#5655 = VECTOR('',#5656,1.);
#5656 = DIRECTION('',(0.,-1.,0.));
#5657 = ORIENTED_EDGE('',*,*,#5658,.T.);
#5658 = EDGE_CURVE('',#5651,#5659,#5661,.T.);
#5659 = VERTEX_POINT('',#5660);
#5660 = CARTESIAN_POINT('',(140.406302,-94.210746,1.485));
#5661 = LINE('',#5662,#5663);
#5662 = CARTESIAN_POINT('',(140.410169,-94.191305,1.485));
#5663 = VECTOR('',#5664,1.);
#5664 = DIRECTION('',(-0.195087636687,-0.980785814545,0.));
#5665 = ORIENTED_EDGE('',*,*,#5666,.T.);
#5666 = EDGE_CURVE('',#5659,#5667,#5669,.T.);
#5667 = VERTEX_POINT('',#5668);
#5668 = CARTESIAN_POINT('',(140.356367,-94.265968,1.485));
#5669 = LINE('',#5670,#5671);
#5670 = CARTESIAN_POINT('',(140.406302,-94.210746,1.485));
#5671 = VECTOR('',#5672,1.);
#5672 = DIRECTION('',(-0.670708256675,-0.741721264646,0.));
#5673 = ORIENTED_EDGE('',*,*,#5674,.T.);
#5674 = EDGE_CURVE('',#5667,#5675,#5677,.T.);
#5675 = VERTEX_POINT('',#5676);
#5676 = CARTESIAN_POINT('',(140.339147,-94.275784,1.485));
#5677 = LINE('',#5678,#5679);
#5678 = CARTESIAN_POINT('',(140.356367,-94.265968,1.485));
#5679 = VECTOR('',#5680,1.);
#5680 = DIRECTION('',(-0.86876424687,-0.495225891247,0.));
#5681 = ORIENTED_EDGE('',*,*,#5682,.T.);
#5682 = EDGE_CURVE('',#5675,#5683,#5685,.T.);
#5683 = VERTEX_POINT('',#5684);
#5684 = CARTESIAN_POINT('',(140.214226,-94.314676,1.485));
#5685 = LINE('',#5686,#5687);
#5686 = CARTESIAN_POINT('',(140.339147,-94.275784,1.485));
#5687 = VECTOR('',#5688,1.);
#5688 = DIRECTION('',(-0.954796726193,-0.297259502206,0.));
#5689 = ORIENTED_EDGE('',*,*,#5690,.T.);
#5690 = EDGE_CURVE('',#5683,#5691,#5693,.T.);
#5691 = VERTEX_POINT('',#5692);
#5692 = CARTESIAN_POINT('',(140.12559,-94.312069,1.485));
#5693 = LINE('',#5694,#5695);
#5694 = CARTESIAN_POINT('',(140.214226,-94.314676,1.485));
#5695 = VECTOR('',#5696,1.);
#5696 = DIRECTION('',(-0.99956773497,2.939971439459E-02,0.));
#5697 = ORIENTED_EDGE('',*,*,#5698,.T.);
#5698 = EDGE_CURVE('',#5691,#5699,#5701,.T.);
#5699 = VERTEX_POINT('',#5700);
#5700 = CARTESIAN_POINT('',(140.006581,-94.269997,1.485));
#5701 = LINE('',#5702,#5703);
#5702 = CARTESIAN_POINT('',(140.12559,-94.312069,1.485));
#5703 = VECTOR('',#5704,1.);
#5704 = DIRECTION('',(-0.942819088334,0.333304915464,0.));
#5705 = ORIENTED_EDGE('',*,*,#5706,.T.);
#5706 = EDGE_CURVE('',#5699,#5707,#5709,.T.);
#5707 = VERTEX_POINT('',#5708);
#5708 = CARTESIAN_POINT('',(139.914789,-94.177738,1.485));
#5709 = LINE('',#5710,#5711);
#5710 = CARTESIAN_POINT('',(140.006581,-94.269997,1.485));
#5711 = VECTOR('',#5712,1.);
#5712 = DIRECTION('',(-0.705310340305,0.708898669669,0.));
#5713 = ORIENTED_EDGE('',*,*,#5714,.T.);
#5714 = EDGE_CURVE('',#5707,#5715,#5717,.T.);
#5715 = VERTEX_POINT('',#5716);
#5716 = CARTESIAN_POINT('',(139.874657,-94.094769,1.485));
#5717 = LINE('',#5718,#5719);
#5718 = CARTESIAN_POINT('',(139.914789,-94.177738,1.485));
#5719 = VECTOR('',#5720,1.);
#5720 = DIRECTION('',(-0.435435288022,0.900220034184,0.));
#5721 = ORIENTED_EDGE('',*,*,#5722,.T.);
#5722 = EDGE_CURVE('',#5715,#5723,#5725,.T.);
#5723 = VERTEX_POINT('',#5724);
#5724 = CARTESIAN_POINT('',(139.836854,-93.937305,1.485));
#5725 = LINE('',#5726,#5727);
#5726 = CARTESIAN_POINT('',(139.874657,-94.094769,1.485));
#5727 = VECTOR('',#5728,1.);
#5728 = DIRECTION('',(-0.233440916425,0.972370988121,0.));
#5729 = ORIENTED_EDGE('',*,*,#5730,.T.);
#5730 = EDGE_CURVE('',#5723,#5731,#5733,.T.);
#5731 = VERTEX_POINT('',#5732);
#5732 = CARTESIAN_POINT('',(139.838371,-93.816127,1.485));
#5733 = LINE('',#5734,#5735);
#5734 = CARTESIAN_POINT('',(139.836854,-93.937305,1.485));
#5735 = VECTOR('',#5736,1.);
#5736 = DIRECTION('',(1.251779318096E-02,0.999921649358,0.));
#5737 = ORIENTED_EDGE('',*,*,#5738,.T.);
#5738 = EDGE_CURVE('',#5731,#5739,#5741,.T.);
#5739 = VERTEX_POINT('',#5740);
#5740 = CARTESIAN_POINT('',(139.878503,-93.660587,1.485));
#5741 = LINE('',#5742,#5743);
#5742 = CARTESIAN_POINT('',(139.838371,-93.816127,1.485));
#5743 = VECTOR('',#5744,1.);
#5744 = DIRECTION('',(0.249835091305,0.968288400815,0.));
#5745 = ORIENTED_EDGE('',*,*,#5746,.T.);
#5746 = EDGE_CURVE('',#5739,#5475,#5747,.T.);
#5747 = LINE('',#5748,#5749);
#5748 = CARTESIAN_POINT('',(139.878503,-93.660587,1.485));
#5749 = VECTOR('',#5750,1.);
#5750 = DIRECTION('',(0.471031209661,0.882116545319,0.));
#5751 = PLANE('',#5752);
#5752 = AXIS2_PLACEMENT_3D('',#5753,#5754,#5755);
#5753 = CARTESIAN_POINT('',(0.,0.,1.485));
#5754 = DIRECTION('',(0.,0.,1.));
#5755 = DIRECTION('',(1.,0.,-0.));
#5756 = SHELL_BASED_SURFACE_MODEL('',(#5757));
#5757 = OPEN_SHELL('',(#5758));
#5758 = ADVANCED_FACE('',(#5759,#5875),#5958,.T.);
#5759 = FACE_BOUND('',#5760,.F.);
#5760 = EDGE_LOOP('',(#5761,#5772,#5780,#5788,#5796,#5804,#5812,#5820,
    #5828,#5836,#5844,#5852,#5860,#5869));
#5761 = ORIENTED_EDGE('',*,*,#5762,.T.);
#5762 = EDGE_CURVE('',#5763,#5765,#5767,.T.);
#5763 = VERTEX_POINT('',#5764);
#5764 = CARTESIAN_POINT('',(141.433426,-93.501876,1.485));
#5765 = VERTEX_POINT('',#5766);
#5766 = CARTESIAN_POINT('',(141.484226,-93.451076,1.485));
#5767 = CIRCLE('',#5768,5.080063928357E-02);
#5768 = AXIS2_PLACEMENT_3D('',#5769,#5770,#5771);
#5769 = CARTESIAN_POINT('',(141.48422663928,-93.50187663928,1.485));
#5770 = DIRECTION('',(0.,0.,-1.));
#5771 = DIRECTION('',(-0.999999999921,1.258408499648E-05,0.));
#5772 = ORIENTED_EDGE('',*,*,#5773,.T.);
#5773 = EDGE_CURVE('',#5765,#5774,#5776,.T.);
#5774 = VERTEX_POINT('',#5775);
#5775 = CARTESIAN_POINT('',(141.673641,-93.452664,1.485));
#5776 = LINE('',#5777,#5778);
#5777 = CARTESIAN_POINT('',(141.484226,-93.451076,1.485));
#5778 = VECTOR('',#5779,1.);
#5779 = DIRECTION('',(0.999964858575,-8.383413116252E-03,0.));
#5780 = ORIENTED_EDGE('',*,*,#5781,.T.);
#5781 = EDGE_CURVE('',#5774,#5782,#5784,.T.);
#5782 = VERTEX_POINT('',#5783);
#5783 = CARTESIAN_POINT('',(141.800723,-93.495753,1.485));
#5784 = LINE('',#5785,#5786);
#5785 = CARTESIAN_POINT('',(141.673641,-93.452664,1.485));
#5786 = VECTOR('',#5787,1.);
#5787 = DIRECTION('',(0.947042412297,-0.321108500838,0.));
#5788 = ORIENTED_EDGE('',*,*,#5789,.T.);
#5789 = EDGE_CURVE('',#5782,#5790,#5792,.T.);
#5790 = VERTEX_POINT('',#5791);
#5791 = CARTESIAN_POINT('',(141.89252,-93.588015,1.485));
#5792 = LINE('',#5793,#5794);
#5793 = CARTESIAN_POINT('',(141.800723,-93.495753,1.485));
#5794 = VECTOR('',#5795,1.);
#5795 = DIRECTION('',(0.705318121343,-0.708890927932,0.));
#5796 = ORIENTED_EDGE('',*,*,#5797,.T.);
#5797 = EDGE_CURVE('',#5790,#5798,#5800,.T.);
#5798 = VERTEX_POINT('',#5799);
#5799 = CARTESIAN_POINT('',(141.932652,-93.670984,1.485));
#5800 = LINE('',#5801,#5802);
#5801 = CARTESIAN_POINT('',(141.89252,-93.588015,1.485));
#5802 = VECTOR('',#5803,1.);
#5803 = DIRECTION('',(0.435435288022,-0.900220034184,0.));
#5804 = ORIENTED_EDGE('',*,*,#5805,.T.);
#5805 = EDGE_CURVE('',#5798,#5806,#5808,.T.);
#5806 = VERTEX_POINT('',#5807);
#5807 = CARTESIAN_POINT('',(141.970455,-93.828448,1.485));
#5808 = LINE('',#5809,#5810);
#5809 = CARTESIAN_POINT('',(141.932652,-93.670984,1.485));
#5810 = VECTOR('',#5811,1.);
#5811 = DIRECTION('',(0.233440916425,-0.972370988121,0.));
#5812 = ORIENTED_EDGE('',*,*,#5813,.T.);
#5813 = EDGE_CURVE('',#5806,#5814,#5816,.T.);
#5814 = VERTEX_POINT('',#5815);
#5815 = CARTESIAN_POINT('',(141.968938,-93.949626,1.485));
#5816 = LINE('',#5817,#5818);
#5817 = CARTESIAN_POINT('',(141.970455,-93.828448,1.485));
#5818 = VECTOR('',#5819,1.);
#5819 = DIRECTION('',(-1.251779318072E-02,-0.999921649358,0.));
#5820 = ORIENTED_EDGE('',*,*,#5821,.T.);
#5821 = EDGE_CURVE('',#5814,#5822,#5824,.T.);
#5822 = VERTEX_POINT('',#5823);
#5823 = CARTESIAN_POINT('',(141.928806,-94.105167,1.485));
#5824 = LINE('',#5825,#5826);
#5825 = CARTESIAN_POINT('',(141.968938,-93.949626,1.485));
#5826 = VECTOR('',#5827,1.);
#5827 = DIRECTION('',(-0.249833585328,-0.968288789382,0.));
#5828 = ORIENTED_EDGE('',*,*,#5829,.T.);
#5829 = EDGE_CURVE('',#5822,#5830,#5832,.T.);
#5830 = VERTEX_POINT('',#5831);
#5831 = CARTESIAN_POINT('',(141.883005,-94.190939,1.485));
#5832 = LINE('',#5833,#5834);
#5833 = CARTESIAN_POINT('',(141.928806,-94.105167,1.485));
#5834 = VECTOR('',#5835,1.);
#5835 = DIRECTION('',(-0.471036026702,-0.882113973106,0.));
#5836 = ORIENTED_EDGE('',*,*,#5837,.T.);
#5837 = EDGE_CURVE('',#5830,#5838,#5840,.T.);
#5838 = VERTEX_POINT('',#5839);
#5839 = CARTESIAN_POINT('',(141.800727,-94.269997,1.485));
#5840 = LINE('',#5841,#5842);
#5841 = CARTESIAN_POINT('',(141.883005,-94.190939,1.485));
#5842 = VECTOR('',#5843,1.);
#5843 = DIRECTION('',(-0.721075863443,-0.692856117213,0.));
#5844 = ORIENTED_EDGE('',*,*,#5845,.T.);
#5845 = EDGE_CURVE('',#5838,#5846,#5848,.T.);
#5846 = VERTEX_POINT('',#5847);
#5847 = CARTESIAN_POINT('',(141.665655,-94.314676,1.485));
#5848 = LINE('',#5849,#5850);
#5849 = CARTESIAN_POINT('',(141.800727,-94.269997,1.485));
#5850 = VECTOR('',#5851,1.);
#5851 = DIRECTION('',(-0.949408279307,-0.314044454152,0.));
#5852 = ORIENTED_EDGE('',*,*,#5853,.T.);
#5853 = EDGE_CURVE('',#5846,#5854,#5856,.T.);
#5854 = VERTEX_POINT('',#5855);
#5855 = CARTESIAN_POINT('',(141.484226,-94.314676,1.485));
#5856 = LINE('',#5857,#5858);
#5857 = CARTESIAN_POINT('',(141.665655,-94.314676,1.485));
#5858 = VECTOR('',#5859,1.);
#5859 = DIRECTION('',(-1.,0.,0.));
#5860 = ORIENTED_EDGE('',*,*,#5861,.T.);
#5861 = EDGE_CURVE('',#5854,#5862,#5864,.T.);
#5862 = VERTEX_POINT('',#5863);
#5863 = CARTESIAN_POINT('',(141.433426,-94.263876,1.485));
#5864 = CIRCLE('',#5865,5.080063928357E-02);
#5865 = AXIS2_PLACEMENT_3D('',#5866,#5867,#5868);
#5866 = CARTESIAN_POINT('',(141.48422663928,-94.26387536072,1.485));
#5867 = DIRECTION('',(0.,0.,-1.));
#5868 = DIRECTION('',(-1.2584084437E-05,-0.999999999921,-0.));
#5869 = ORIENTED_EDGE('',*,*,#5870,.T.);
#5870 = EDGE_CURVE('',#5862,#5763,#5871,.T.);
#5871 = LINE('',#5872,#5873);
#5872 = CARTESIAN_POINT('',(141.433426,-94.263876,1.485));
#5873 = VECTOR('',#5874,1.);
#5874 = DIRECTION('',(0.,1.,0.));
#5875 = FACE_BOUND('',#5876,.F.);
#5876 = EDGE_LOOP('',(#5877,#5887,#5895,#5903,#5911,#5919,#5927,#5936,
    #5944,#5952));
#5877 = ORIENTED_EDGE('',*,*,#5878,.T.);
#5878 = EDGE_CURVE('',#5879,#5881,#5883,.T.);
#5879 = VERTEX_POINT('',#5880);
#5880 = CARTESIAN_POINT('',(141.74707,-93.582562,1.485));
#5881 = VERTEX_POINT('',#5882);
#5882 = CARTESIAN_POINT('',(141.657411,-93.552676,1.485));
#5883 = LINE('',#5884,#5885);
#5884 = CARTESIAN_POINT('',(141.74707,-93.582562,1.485));
#5885 = VECTOR('',#5886,1.);
#5886 = DIRECTION('',(-0.948684356148,0.316224591707,0.));
#5887 = ORIENTED_EDGE('',*,*,#5888,.T.);
#5888 = EDGE_CURVE('',#5881,#5889,#5891,.T.);
#5889 = VERTEX_POINT('',#5890);
#5890 = CARTESIAN_POINT('',(141.535026,-93.552676,1.485));
#5891 = LINE('',#5892,#5893);
#5892 = CARTESIAN_POINT('',(141.657411,-93.552676,1.485));
#5893 = VECTOR('',#5894,1.);
#5894 = DIRECTION('',(-1.,0.,0.));
#5895 = ORIENTED_EDGE('',*,*,#5896,.T.);
#5896 = EDGE_CURVE('',#5889,#5897,#5899,.T.);
#5897 = VERTEX_POINT('',#5898);
#5898 = CARTESIAN_POINT('',(141.535026,-94.213076,1.485));
#5899 = LINE('',#5900,#5901);
#5900 = CARTESIAN_POINT('',(141.535026,-93.552676,1.485));
#5901 = VECTOR('',#5902,1.);
#5902 = DIRECTION('',(0.,-1.,0.));
#5903 = ORIENTED_EDGE('',*,*,#5904,.T.);
#5904 = EDGE_CURVE('',#5897,#5905,#5907,.T.);
#5905 = VERTEX_POINT('',#5906);
#5906 = CARTESIAN_POINT('',(141.657412,-94.213076,1.485));
#5907 = LINE('',#5908,#5909);
#5908 = CARTESIAN_POINT('',(141.535026,-94.213076,1.485));
#5909 = VECTOR('',#5910,1.);
#5910 = DIRECTION('',(1.,0.,0.));
#5911 = ORIENTED_EDGE('',*,*,#5912,.T.);
#5912 = EDGE_CURVE('',#5905,#5913,#5915,.T.);
#5913 = VERTEX_POINT('',#5914);
#5914 = CARTESIAN_POINT('',(141.74707,-94.18319,1.485));
#5915 = LINE('',#5916,#5917);
#5916 = CARTESIAN_POINT('',(141.657412,-94.213076,1.485));
#5917 = VECTOR('',#5918,1.);
#5918 = DIRECTION('',(0.948683298051,0.316227766017,0.));
#5919 = ORIENTED_EDGE('',*,*,#5920,.T.);
#5920 = EDGE_CURVE('',#5913,#5921,#5923,.T.);
#5921 = VERTEX_POINT('',#5922);
#5922 = CARTESIAN_POINT('',(141.805332,-94.124928,1.485));
#5923 = LINE('',#5924,#5925);
#5924 = CARTESIAN_POINT('',(141.74707,-94.18319,1.485));
#5925 = VECTOR('',#5926,1.);
#5926 = DIRECTION('',(0.707106781186,0.707106781187,0.));
#5927 = ORIENTED_EDGE('',*,*,#5928,.T.);
#5928 = EDGE_CURVE('',#5921,#5929,#5931,.T.);
#5929 = VERTEX_POINT('',#5930);
#5930 = CARTESIAN_POINT('',(141.868855,-93.834701,1.485));
#5931 = CIRCLE('',#5932,0.47312085255);
#5932 = AXIS2_PLACEMENT_3D('',#5933,#5934,#5935);
#5933 = CARTESIAN_POINT('',(141.39828569966,-93.88377109983,1.485));
#5934 = DIRECTION('',(0.,0.,1.));
#5935 = DIRECTION('',(0.860343183235,-0.509715221532,0.));
#5936 = ORIENTED_EDGE('',*,*,#5937,.T.);
#5937 = EDGE_CURVE('',#5929,#5938,#5940,.T.);
#5938 = VERTEX_POINT('',#5939);
#5939 = CARTESIAN_POINT('',(141.835438,-93.701036,1.485));
#5940 = LINE('',#5941,#5942);
#5941 = CARTESIAN_POINT('',(141.868855,-93.834701,1.485));
#5942 = VECTOR('',#5943,1.);
#5943 = DIRECTION('',(-0.24254074833,0.970141219307,0.));
#5944 = ORIENTED_EDGE('',*,*,#5945,.T.);
#5945 = EDGE_CURVE('',#5938,#5946,#5948,.T.);
#5946 = VERTEX_POINT('',#5947);
#5947 = CARTESIAN_POINT('',(141.805333,-93.640825,1.485));
#5948 = LINE('',#5949,#5950);
#5949 = CARTESIAN_POINT('',(141.835438,-93.701036,1.485));
#5950 = VECTOR('',#5951,1.);
#5951 = DIRECTION('',(-0.447207653519,0.894430161966,0.));
#5952 = ORIENTED_EDGE('',*,*,#5953,.T.);
#5953 = EDGE_CURVE('',#5946,#5879,#5954,.T.);
#5954 = LINE('',#5955,#5956);
#5955 = CARTESIAN_POINT('',(141.805333,-93.640825,1.485));
#5956 = VECTOR('',#5957,1.);
#5957 = DIRECTION('',(-0.707106781186,0.707106781187,0.));
#5958 = PLANE('',#5959);
#5959 = AXIS2_PLACEMENT_3D('',#5960,#5961,#5962);
#5960 = CARTESIAN_POINT('',(0.,0.,1.485));
#5961 = DIRECTION('',(0.,0.,1.));
#5962 = DIRECTION('',(1.,0.,-0.));
#5963 = SHELL_BASED_SURFACE_MODEL('',(#5964));
#5964 = OPEN_SHELL('',(#5965));
#5965 = ADVANCED_FACE('',(#5966),#6027,.T.);
#5966 = FACE_BOUND('',#5967,.F.);
#5967 = EDGE_LOOP('',(#5968,#5979,#5987,#5996,#6004,#6013,#6021));
#5968 = ORIENTED_EDGE('',*,*,#5969,.T.);
#5969 = EDGE_CURVE('',#5970,#5972,#5974,.T.);
#5970 = VERTEX_POINT('',#5971);
#5971 = CARTESIAN_POINT('',(138.04922,-93.485811,1.485));
#5972 = VERTEX_POINT('',#5973);
#5973 = CARTESIAN_POINT('',(138.145606,-93.51794,1.485));
#5974 = CIRCLE('',#5975,5.0799935131E-02);
#5975 = AXIS2_PLACEMENT_3D('',#5976,#5977,#5978);
#5976 = CARTESIAN_POINT('',(138.09741308002,-93.50187525993,1.485));
#5977 = DIRECTION('',(0.,0.,-1.));
#5978 = DIRECTION('',(-0.948683889021,0.316225993101,0.));
#5979 = ORIENTED_EDGE('',*,*,#5980,.T.);
#5980 = EDGE_CURVE('',#5972,#5981,#5983,.T.);
#5981 = VERTEX_POINT('',#5982);
#5982 = CARTESIAN_POINT('',(137.891606,-94.27994,1.485));
#5983 = LINE('',#5984,#5985);
#5984 = CARTESIAN_POINT('',(138.145606,-93.51794,1.485));
#5985 = VECTOR('',#5986,1.);
#5986 = DIRECTION('',(-0.316227766017,-0.948683298051,0.));
#5987 = ORIENTED_EDGE('',*,*,#5988,.T.);
#5988 = EDGE_CURVE('',#5981,#5989,#5991,.T.);
#5989 = VERTEX_POINT('',#5990);
#5990 = CARTESIAN_POINT('',(137.79522,-94.279941,1.485));
#5991 = CIRCLE('',#5992,5.080000743447E-02);
#5992 = AXIS2_PLACEMENT_3D('',#5993,#5994,#5995);
#5993 = CARTESIAN_POINT('',(137.84341283332,-94.26387577136,1.485));
#5994 = DIRECTION('',(-0.,0.,-1.));
#5995 = DIRECTION('',(0.948684244445,-0.31622492682,-0.));
#5996 = ORIENTED_EDGE('',*,*,#5997,.T.);
#5997 = EDGE_CURVE('',#5989,#5998,#6000,.T.);
#5998 = VERTEX_POINT('',#5999);
#5999 = CARTESIAN_POINT('',(137.54122,-93.51794,1.485));
#6000 = LINE('',#6001,#6002);
#6001 = CARTESIAN_POINT('',(137.79522,-94.279941,1.485));
#6002 = VECTOR('',#6003,1.);
#6003 = DIRECTION('',(-0.31622739252,0.948683422549,0.));
#6004 = ORIENTED_EDGE('',*,*,#6005,.T.);
#6005 = EDGE_CURVE('',#5998,#6006,#6008,.T.);
#6006 = VERTEX_POINT('',#6007);
#6007 = CARTESIAN_POINT('',(137.637606,-93.485812,1.485));
#6008 = CIRCLE('',#6009,5.079977701723E-02);
#6009 = AXIS2_PLACEMENT_3D('',#6010,#6011,#6012);
#6010 = CARTESIAN_POINT('',(137.58941299514,-93.50187598544,1.485));
#6011 = DIRECTION('',(0.,0.,-1.));
#6012 = DIRECTION('',(-0.948685171048,-0.316222146968,-0.));
#6013 = ORIENTED_EDGE('',*,*,#6014,.T.);
#6014 = EDGE_CURVE('',#6006,#6015,#6017,.T.);
#6015 = VERTEX_POINT('',#6016);
#6016 = CARTESIAN_POINT('',(137.843412,-94.103232,1.485));
#6017 = LINE('',#6018,#6019);
#6018 = CARTESIAN_POINT('',(137.637606,-93.485812,1.485));
#6019 = VECTOR('',#6020,1.);
#6020 = DIRECTION('',(0.316226844099,-0.948683605356,0.));
#6021 = ORIENTED_EDGE('',*,*,#6022,.T.);
#6022 = EDGE_CURVE('',#6015,#5970,#6023,.T.);
#6023 = LINE('',#6024,#6025);
#6024 = CARTESIAN_POINT('',(137.843412,-94.103232,1.485));
#6025 = VECTOR('',#6026,1.);
#6026 = DIRECTION('',(0.316229148889,0.948682837092,0.));
#6027 = PLANE('',#6028);
#6028 = AXIS2_PLACEMENT_3D('',#6029,#6030,#6031);
#6029 = CARTESIAN_POINT('',(0.,0.,1.485));
#6030 = DIRECTION('',(0.,0.,1.));
#6031 = DIRECTION('',(1.,0.,-0.));
#6032 = SHELL_BASED_SURFACE_MODEL('',(#6033));
#6033 = OPEN_SHELL('',(#6034));
#6034 = ADVANCED_FACE('',(#6035),#6096,.T.);
#6035 = FACE_BOUND('',#6036,.F.);
#6036 = EDGE_LOOP('',(#6037,#6048,#6056,#6065,#6073,#6082,#6090));
#6037 = ORIENTED_EDGE('',*,*,#6038,.T.);
#6038 = EDGE_CURVE('',#6039,#6041,#6043,.T.);
#6039 = VERTEX_POINT('',#6040);
#6040 = CARTESIAN_POINT('',(148.792649,-93.485811,1.485));
#6041 = VERTEX_POINT('',#6042);
#6042 = CARTESIAN_POINT('',(148.889035,-93.51794,1.485));
#6043 = CIRCLE('',#6044,5.079993513099E-02);
#6044 = AXIS2_PLACEMENT_3D('',#6045,#6046,#6047);
#6045 = CARTESIAN_POINT('',(148.84084208002,-93.50187525993,1.485));
#6046 = DIRECTION('',(0.,0.,-1.));
#6047 = DIRECTION('',(-0.948683889021,0.316225993101,0.));
#6048 = ORIENTED_EDGE('',*,*,#6049,.T.);
#6049 = EDGE_CURVE('',#6041,#6050,#6052,.T.);
#6050 = VERTEX_POINT('',#6051);
#6051 = CARTESIAN_POINT('',(148.635035,-94.27994,1.485));
#6052 = LINE('',#6053,#6054);
#6053 = CARTESIAN_POINT('',(148.889035,-93.51794,1.485));
#6054 = VECTOR('',#6055,1.);
#6055 = DIRECTION('',(-0.316227766017,-0.948683298051,0.));
#6056 = ORIENTED_EDGE('',*,*,#6057,.T.);
#6057 = EDGE_CURVE('',#6050,#6058,#6060,.T.);
#6058 = VERTEX_POINT('',#6059);
#6059 = CARTESIAN_POINT('',(148.538649,-94.279941,1.485));
#6060 = CIRCLE('',#6061,5.080000743447E-02);
#6061 = AXIS2_PLACEMENT_3D('',#6062,#6063,#6064);
#6062 = CARTESIAN_POINT('',(148.58684183332,-94.26387577136,1.485));
#6063 = DIRECTION('',(-0.,0.,-1.));
#6064 = DIRECTION('',(0.948684244445,-0.31622492682,-0.));
#6065 = ORIENTED_EDGE('',*,*,#6066,.T.);
#6066 = EDGE_CURVE('',#6058,#6067,#6069,.T.);
#6067 = VERTEX_POINT('',#6068);
#6068 = CARTESIAN_POINT('',(148.284649,-93.51794,1.485));
#6069 = LINE('',#6070,#6071);
#6070 = CARTESIAN_POINT('',(148.538649,-94.279941,1.485));
#6071 = VECTOR('',#6072,1.);
#6072 = DIRECTION('',(-0.31622739252,0.948683422549,0.));
#6073 = ORIENTED_EDGE('',*,*,#6074,.T.);
#6074 = EDGE_CURVE('',#6067,#6075,#6077,.T.);
#6075 = VERTEX_POINT('',#6076);
#6076 = CARTESIAN_POINT('',(148.381035,-93.485812,1.485));
#6077 = CIRCLE('',#6078,5.079977701723E-02);
#6078 = AXIS2_PLACEMENT_3D('',#6079,#6080,#6081);
#6079 = CARTESIAN_POINT('',(148.33284199514,-93.50187598544,1.485));
#6080 = DIRECTION('',(0.,0.,-1.));
#6081 = DIRECTION('',(-0.948685171048,-0.316222146968,-0.));
#6082 = ORIENTED_EDGE('',*,*,#6083,.T.);
#6083 = EDGE_CURVE('',#6075,#6084,#6086,.T.);
#6084 = VERTEX_POINT('',#6085);
#6085 = CARTESIAN_POINT('',(148.586841,-94.103232,1.485));
#6086 = LINE('',#6087,#6088);
#6087 = CARTESIAN_POINT('',(148.381035,-93.485812,1.485));
#6088 = VECTOR('',#6089,1.);
#6089 = DIRECTION('',(0.316226844099,-0.948683605356,0.));
#6090 = ORIENTED_EDGE('',*,*,#6091,.T.);
#6091 = EDGE_CURVE('',#6084,#6039,#6092,.T.);
#6092 = LINE('',#6093,#6094);
#6093 = CARTESIAN_POINT('',(148.586841,-94.103232,1.485));
#6094 = VECTOR('',#6095,1.);
#6095 = DIRECTION('',(0.316229148889,0.948682837092,0.));
#6096 = PLANE('',#6097);
#6097 = AXIS2_PLACEMENT_3D('',#6098,#6099,#6100);
#6098 = CARTESIAN_POINT('',(0.,0.,1.485));
#6099 = DIRECTION('',(0.,0.,1.));
#6100 = DIRECTION('',(1.,0.,-0.));
#6101 = SHELL_BASED_SURFACE_MODEL('',(#6102));
#6102 = OPEN_SHELL('',(#6103));
#6103 = ADVANCED_FACE('',(#6104),#6165,.T.);
#6104 = FACE_BOUND('',#6105,.F.);
#6105 = EDGE_LOOP('',(#6106,#6117,#6125,#6134,#6142,#6151,#6159));
#6106 = ORIENTED_EDGE('',*,*,#6107,.T.);
#6107 = EDGE_CURVE('',#6108,#6110,#6112,.T.);
#6108 = VERTEX_POINT('',#6109);
#6109 = CARTESIAN_POINT('',(151.524934,-93.485811,1.485));
#6110 = VERTEX_POINT('',#6111);
#6111 = CARTESIAN_POINT('',(151.62132,-93.51794,1.485));
#6112 = CIRCLE('',#6113,5.0799935131E-02);
#6113 = AXIS2_PLACEMENT_3D('',#6114,#6115,#6116);
#6114 = CARTESIAN_POINT('',(151.57312708002,-93.50187525993,1.485));
#6115 = DIRECTION('',(0.,0.,-1.));
#6116 = DIRECTION('',(-0.948683889021,0.316225993101,0.));
#6117 = ORIENTED_EDGE('',*,*,#6118,.T.);
#6118 = EDGE_CURVE('',#6110,#6119,#6121,.T.);
#6119 = VERTEX_POINT('',#6120);
#6120 = CARTESIAN_POINT('',(151.36732,-94.27994,1.485));
#6121 = LINE('',#6122,#6123);
#6122 = CARTESIAN_POINT('',(151.62132,-93.51794,1.485));
#6123 = VECTOR('',#6124,1.);
#6124 = DIRECTION('',(-0.316227766017,-0.948683298051,0.));
#6125 = ORIENTED_EDGE('',*,*,#6126,.T.);
#6126 = EDGE_CURVE('',#6119,#6127,#6129,.T.);
#6127 = VERTEX_POINT('',#6128);
#6128 = CARTESIAN_POINT('',(151.270934,-94.279941,1.485));
#6129 = CIRCLE('',#6130,5.080000743448E-02);
#6130 = AXIS2_PLACEMENT_3D('',#6131,#6132,#6133);
#6131 = CARTESIAN_POINT('',(151.31912683332,-94.26387577136,1.485));
#6132 = DIRECTION('',(-0.,0.,-1.));
#6133 = DIRECTION('',(0.948684244445,-0.31622492682,-0.));
#6134 = ORIENTED_EDGE('',*,*,#6135,.T.);
#6135 = EDGE_CURVE('',#6127,#6136,#6138,.T.);
#6136 = VERTEX_POINT('',#6137);
#6137 = CARTESIAN_POINT('',(151.016934,-93.51794,1.485));
#6138 = LINE('',#6139,#6140);
#6139 = CARTESIAN_POINT('',(151.270934,-94.279941,1.485));
#6140 = VECTOR('',#6141,1.);
#6141 = DIRECTION('',(-0.31622739252,0.948683422549,0.));
#6142 = ORIENTED_EDGE('',*,*,#6143,.T.);
#6143 = EDGE_CURVE('',#6136,#6144,#6146,.T.);
#6144 = VERTEX_POINT('',#6145);
#6145 = CARTESIAN_POINT('',(151.11332,-93.485812,1.485));
#6146 = CIRCLE('',#6147,5.079977701723E-02);
#6147 = AXIS2_PLACEMENT_3D('',#6148,#6149,#6150);
#6148 = CARTESIAN_POINT('',(151.06512699514,-93.50187598544,1.485));
#6149 = DIRECTION('',(0.,0.,-1.));
#6150 = DIRECTION('',(-0.948685171049,-0.316222146967,-0.));
#6151 = ORIENTED_EDGE('',*,*,#6152,.T.);
#6152 = EDGE_CURVE('',#6144,#6153,#6155,.T.);
#6153 = VERTEX_POINT('',#6154);
#6154 = CARTESIAN_POINT('',(151.319126,-94.103232,1.485));
#6155 = LINE('',#6156,#6157);
#6156 = CARTESIAN_POINT('',(151.11332,-93.485812,1.485));
#6157 = VECTOR('',#6158,1.);
#6158 = DIRECTION('',(0.316226844099,-0.948683605356,0.));
#6159 = ORIENTED_EDGE('',*,*,#6160,.T.);
#6160 = EDGE_CURVE('',#6153,#6108,#6161,.T.);
#6161 = LINE('',#6162,#6163);
#6162 = CARTESIAN_POINT('',(151.319126,-94.103232,1.485));
#6163 = VECTOR('',#6164,1.);
#6164 = DIRECTION('',(0.316229148889,0.948682837092,0.));
#6165 = PLANE('',#6166);
#6166 = AXIS2_PLACEMENT_3D('',#6167,#6168,#6169);
#6167 = CARTESIAN_POINT('',(0.,0.,1.485));
#6168 = DIRECTION('',(0.,0.,1.));
#6169 = DIRECTION('',(1.,0.,-0.));
#6170 = SHELL_BASED_SURFACE_MODEL('',(#6171));
#6171 = OPEN_SHELL('',(#6172));
#6172 = ADVANCED_FACE('',(#6173),#6234,.T.);
#6173 = FACE_BOUND('',#6174,.F.);
#6174 = EDGE_LOOP('',(#6175,#6186,#6194,#6203,#6211,#6220,#6228));
#6175 = ORIENTED_EDGE('',*,*,#6176,.T.);
#6176 = EDGE_CURVE('',#6177,#6179,#6181,.T.);
#6177 = VERTEX_POINT('',#6178);
#6178 = CARTESIAN_POINT('',(153.922649,-93.485811,1.485));
#6179 = VERTEX_POINT('',#6180);
#6180 = CARTESIAN_POINT('',(154.019035,-93.51794,1.485));
#6181 = CIRCLE('',#6182,5.0799935131E-02);
#6182 = AXIS2_PLACEMENT_3D('',#6183,#6184,#6185);
#6183 = CARTESIAN_POINT('',(153.97084208002,-93.50187525993,1.485));
#6184 = DIRECTION('',(0.,0.,-1.));
#6185 = DIRECTION('',(-0.948683889021,0.316225993101,0.));
#6186 = ORIENTED_EDGE('',*,*,#6187,.T.);
#6187 = EDGE_CURVE('',#6179,#6188,#6190,.T.);
#6188 = VERTEX_POINT('',#6189);
#6189 = CARTESIAN_POINT('',(153.765035,-94.27994,1.485));
#6190 = LINE('',#6191,#6192);
#6191 = CARTESIAN_POINT('',(154.019035,-93.51794,1.485));
#6192 = VECTOR('',#6193,1.);
#6193 = DIRECTION('',(-0.316227766017,-0.948683298051,0.));
#6194 = ORIENTED_EDGE('',*,*,#6195,.T.);
#6195 = EDGE_CURVE('',#6188,#6196,#6198,.T.);
#6196 = VERTEX_POINT('',#6197);
#6197 = CARTESIAN_POINT('',(153.668649,-94.279941,1.485));
#6198 = CIRCLE('',#6199,5.08000074345E-02);
#6199 = AXIS2_PLACEMENT_3D('',#6200,#6201,#6202);
#6200 = CARTESIAN_POINT('',(153.71684183332,-94.26387577136,1.485));
#6201 = DIRECTION('',(-0.,0.,-1.));
#6202 = DIRECTION('',(0.948684244445,-0.31622492682,-0.));
#6203 = ORIENTED_EDGE('',*,*,#6204,.T.);
#6204 = EDGE_CURVE('',#6196,#6205,#6207,.T.);
#6205 = VERTEX_POINT('',#6206);
#6206 = CARTESIAN_POINT('',(153.414649,-93.51794,1.485));
#6207 = LINE('',#6208,#6209);
#6208 = CARTESIAN_POINT('',(153.668649,-94.279941,1.485));
#6209 = VECTOR('',#6210,1.);
#6210 = DIRECTION('',(-0.31622739252,0.948683422549,0.));
#6211 = ORIENTED_EDGE('',*,*,#6212,.T.);
#6212 = EDGE_CURVE('',#6205,#6213,#6215,.T.);
#6213 = VERTEX_POINT('',#6214);
#6214 = CARTESIAN_POINT('',(153.511035,-93.485812,1.485));
#6215 = CIRCLE('',#6216,5.079977701723E-02);
#6216 = AXIS2_PLACEMENT_3D('',#6217,#6218,#6219);
#6217 = CARTESIAN_POINT('',(153.46284199514,-93.50187598544,1.485));
#6218 = DIRECTION('',(0.,0.,-1.));
#6219 = DIRECTION('',(-0.948685171048,-0.316222146968,-0.));
#6220 = ORIENTED_EDGE('',*,*,#6221,.T.);
#6221 = EDGE_CURVE('',#6213,#6222,#6224,.T.);
#6222 = VERTEX_POINT('',#6223);
#6223 = CARTESIAN_POINT('',(153.716841,-94.103232,1.485));
#6224 = LINE('',#6225,#6226);
#6225 = CARTESIAN_POINT('',(153.511035,-93.485812,1.485));
#6226 = VECTOR('',#6227,1.);
#6227 = DIRECTION('',(0.316226844099,-0.948683605356,0.));
#6228 = ORIENTED_EDGE('',*,*,#6229,.T.);
#6229 = EDGE_CURVE('',#6222,#6177,#6230,.T.);
#6230 = LINE('',#6231,#6232);
#6231 = CARTESIAN_POINT('',(153.716841,-94.103232,1.485));
#6232 = VECTOR('',#6233,1.);
#6233 = DIRECTION('',(0.316229148889,0.948682837092,0.));
#6234 = PLANE('',#6235);
#6235 = AXIS2_PLACEMENT_3D('',#6236,#6237,#6238);
#6236 = CARTESIAN_POINT('',(0.,0.,1.485));
#6237 = DIRECTION('',(0.,0.,1.));
#6238 = DIRECTION('',(1.,0.,-0.));
#6239 = SHELL_BASED_SURFACE_MODEL('',(#6240));
#6240 = OPEN_SHELL('',(#6241));
#6241 = ADVANCED_FACE('',(#6242),#6352,.T.);
#6242 = FACE_BOUND('',#6243,.F.);
#6243 = EDGE_LOOP('',(#6244,#6255,#6263,#6271,#6279,#6287,#6295,#6304,
    #6312,#6321,#6329,#6337,#6346));
#6244 = ORIENTED_EDGE('',*,*,#6245,.T.);
#6245 = EDGE_CURVE('',#6246,#6248,#6250,.T.);
#6246 = VERTEX_POINT('',#6247);
#6247 = CARTESIAN_POINT('',(140.63514,-93.501876,1.485));
#6248 = VERTEX_POINT('',#6249);
#6249 = CARTESIAN_POINT('',(140.679533,-93.451482,1.485));
#6250 = CIRCLE('',#6251,5.080037623887E-02);
#6251 = AXIS2_PLACEMENT_3D('',#6252,#6253,#6254);
#6252 = CARTESIAN_POINT('',(140.68594037623,-93.50187667983,1.485));
#6253 = DIRECTION('',(0.,0.,-1.));
#6254 = DIRECTION('',(-0.99999999991,1.338250530642E-05,0.));
#6255 = ORIENTED_EDGE('',*,*,#6256,.T.);
#6256 = EDGE_CURVE('',#6248,#6257,#6259,.T.);
#6257 = VERTEX_POINT('',#6258);
#6258 = CARTESIAN_POINT('',(140.692224,-93.454943,1.485));
#6259 = LINE('',#6260,#6261);
#6260 = CARTESIAN_POINT('',(140.679533,-93.451482,1.485));
#6261 = VECTOR('',#6262,1.);
#6262 = DIRECTION('',(0.964767329758,-0.263104540879,0.));
#6263 = ORIENTED_EDGE('',*,*,#6264,.T.);
#6264 = EDGE_CURVE('',#6257,#6265,#6267,.T.);
#6265 = VERTEX_POINT('',#6266);
#6266 = CARTESIAN_POINT('',(140.70538,-93.454943,1.485));
#6267 = LINE('',#6268,#6269);
#6268 = CARTESIAN_POINT('',(140.692224,-93.454943,1.485));
#6269 = VECTOR('',#6270,1.);
#6270 = DIRECTION('',(1.,0.,0.));
#6271 = ORIENTED_EDGE('',*,*,#6272,.T.);
#6272 = EDGE_CURVE('',#6265,#6273,#6275,.T.);
#6273 = VERTEX_POINT('',#6274);
#6274 = CARTESIAN_POINT('',(140.730047,-93.476672,1.485));
#6275 = LINE('',#6276,#6277);
#6276 = CARTESIAN_POINT('',(140.70538,-93.454943,1.485));
#6277 = VECTOR('',#6278,1.);
#6278 = DIRECTION('',(0.750380909177,-0.661005666498,0.));
#6279 = ORIENTED_EDGE('',*,*,#6280,.T.);
#6280 = EDGE_CURVE('',#6273,#6281,#6283,.T.);
#6281 = VERTEX_POINT('',#6282);
#6282 = CARTESIAN_POINT('',(141.070569,-94.072585,1.485));
#6283 = LINE('',#6284,#6285);
#6284 = CARTESIAN_POINT('',(140.730047,-93.476672,1.485));
#6285 = VECTOR('',#6286,1.);
#6286 = DIRECTION('',(0.496139252171,-0.868242962802,0.));
#6287 = ORIENTED_EDGE('',*,*,#6288,.T.);
#6288 = EDGE_CURVE('',#6281,#6289,#6291,.T.);
#6289 = VERTEX_POINT('',#6290);
#6290 = CARTESIAN_POINT('',(141.070569,-93.501876,1.485));
#6291 = LINE('',#6292,#6293);
#6292 = CARTESIAN_POINT('',(141.070569,-94.072585,1.485));
#6293 = VECTOR('',#6294,1.);
#6294 = DIRECTION('',(0.,1.,0.));
#6295 = ORIENTED_EDGE('',*,*,#6296,.T.);
#6296 = EDGE_CURVE('',#6289,#6297,#6299,.T.);
#6297 = VERTEX_POINT('',#6298);
#6298 = CARTESIAN_POINT('',(141.172169,-93.501876,1.485));
#6299 = CIRCLE('',#6300,5.080000000044E-02);
#6300 = AXIS2_PLACEMENT_3D('',#6301,#6302,#6303);
#6301 = CARTESIAN_POINT('',(141.121369,-93.50187621212,1.485));
#6302 = DIRECTION('',(0.,0.,-1.));
#6303 = DIRECTION('',(-0.999999999991,4.175620759013E-06,0.));
#6304 = ORIENTED_EDGE('',*,*,#6305,.T.);
#6305 = EDGE_CURVE('',#6297,#6306,#6308,.T.);
#6306 = VERTEX_POINT('',#6307);
#6307 = CARTESIAN_POINT('',(141.172169,-94.263876,1.485));
#6308 = LINE('',#6309,#6310);
#6309 = CARTESIAN_POINT('',(141.172169,-93.501876,1.485));
#6310 = VECTOR('',#6311,1.);
#6311 = DIRECTION('',(0.,-1.,0.));
#6312 = ORIENTED_EDGE('',*,*,#6313,.T.);
#6313 = EDGE_CURVE('',#6306,#6314,#6316,.T.);
#6314 = VERTEX_POINT('',#6315);
#6315 = CARTESIAN_POINT('',(141.077262,-94.28908,1.485));
#6316 = CIRCLE('',#6317,5.080025464244E-02);
#6317 = AXIS2_PLACEMENT_3D('',#6318,#6319,#6320);
#6318 = CARTESIAN_POINT('',(141.12136874535,-94.26387561773,1.485));
#6319 = DIRECTION('',(-0.,0.,-1.));
#6320 = DIRECTION('',(0.999999999972,-7.52494693999E-06,-0.));
#6321 = ORIENTED_EDGE('',*,*,#6322,.T.);
#6322 = EDGE_CURVE('',#6314,#6323,#6325,.T.);
#6323 = VERTEX_POINT('',#6324);
#6324 = CARTESIAN_POINT('',(140.73674,-93.693167,1.485));
#6325 = LINE('',#6326,#6327);
#6326 = CARTESIAN_POINT('',(141.077262,-94.28908,1.485));
#6327 = VECTOR('',#6328,1.);
#6328 = DIRECTION('',(-0.496139252171,0.868242962802,0.));
#6329 = ORIENTED_EDGE('',*,*,#6330,.T.);
#6330 = EDGE_CURVE('',#6323,#6331,#6333,.T.);
#6331 = VERTEX_POINT('',#6332);
#6332 = CARTESIAN_POINT('',(140.73674,-94.263876,1.485));
#6333 = LINE('',#6334,#6335);
#6334 = CARTESIAN_POINT('',(140.73674,-93.693167,1.485));
#6335 = VECTOR('',#6336,1.);
#6336 = DIRECTION('',(0.,-1.,0.));
#6337 = ORIENTED_EDGE('',*,*,#6338,.T.);
#6338 = EDGE_CURVE('',#6331,#6339,#6341,.T.);
#6339 = VERTEX_POINT('',#6340);
#6340 = CARTESIAN_POINT('',(140.63514,-94.263876,1.485));
#6341 = CIRCLE('',#6342,5.080000000044E-02);
#6342 = AXIS2_PLACEMENT_3D('',#6343,#6344,#6345);
#6343 = CARTESIAN_POINT('',(140.68594,-94.26387578787,1.485));
#6344 = DIRECTION('',(-0.,0.,-1.));
#6345 = DIRECTION('',(0.999999999991,-4.175620759011E-06,-0.));
#6346 = ORIENTED_EDGE('',*,*,#6347,.T.);
#6347 = EDGE_CURVE('',#6339,#6246,#6348,.T.);
#6348 = LINE('',#6349,#6350);
#6349 = CARTESIAN_POINT('',(140.63514,-94.263876,1.485));
#6350 = VECTOR('',#6351,1.);
#6351 = DIRECTION('',(0.,1.,0.));
#6352 = PLANE('',#6353);
#6353 = AXIS2_PLACEMENT_3D('',#6354,#6355,#6356);
#6354 = CARTESIAN_POINT('',(0.,0.,1.485));
#6355 = DIRECTION('',(0.,0.,1.));
#6356 = DIRECTION('',(1.,0.,-0.));
#6357 = SHELL_BASED_SURFACE_MODEL('',(#6358));
#6358 = OPEN_SHELL('',(#6359));
#6359 = ADVANCED_FACE('',(#6360,#6437),#6514,.T.);
#6360 = FACE_BOUND('',#6361,.F.);
#6361 = EDGE_LOOP('',(#6362,#6373,#6381,#6389,#6398,#6406,#6415,#6423,
    #6431));
#6362 = ORIENTED_EDGE('',*,*,#6363,.T.);
#6363 = EDGE_CURVE('',#6364,#6366,#6368,.T.);
#6364 = VERTEX_POINT('',#6365);
#6365 = CARTESIAN_POINT('',(149.108409,-93.746725,1.485));
#6366 = VERTEX_POINT('',#6367);
#6367 = CARTESIAN_POINT('',(149.335274,-93.710439,1.485));
#6368 = CIRCLE('',#6369,0.273919191275);
#6369 = AXIS2_PLACEMENT_3D('',#6370,#6371,#6372);
#6370 = CARTESIAN_POINT('',(149.26111554768,-93.97412867992,1.485));
#6371 = DIRECTION('',(0.,0.,-1.));
#6372 = DIRECTION('',(-0.557487582278,0.830185277878,0.));
#6373 = ORIENTED_EDGE('',*,*,#6374,.T.);
#6374 = EDGE_CURVE('',#6366,#6375,#6377,.T.);
#6375 = VERTEX_POINT('',#6376);
#6376 = CARTESIAN_POINT('',(149.421049,-93.756241,1.485));
#6377 = LINE('',#6378,#6379);
#6378 = CARTESIAN_POINT('',(149.335274,-93.710439,1.485));
#6379 = VECTOR('',#6380,1.);
#6380 = DIRECTION('',(0.882116545319,-0.471031209661,0.));
#6381 = ORIENTED_EDGE('',*,*,#6382,.T.);
#6382 = EDGE_CURVE('',#6375,#6383,#6385,.T.);
#6383 = VERTEX_POINT('',#6384);
#6384 = CARTESIAN_POINT('',(149.466851,-93.80573,1.485));
#6385 = LINE('',#6386,#6387);
#6386 = CARTESIAN_POINT('',(149.421049,-93.756241,1.485));
#6387 = VECTOR('',#6388,1.);
#6388 = DIRECTION('',(0.679239156349,-0.733917003811,0.));
#6389 = ORIENTED_EDGE('',*,*,#6390,.T.);
#6390 = EDGE_CURVE('',#6383,#6391,#6393,.T.);
#6391 = VERTEX_POINT('',#6392);
#6392 = CARTESIAN_POINT('',(149.457335,-94.227226,1.485));
#6393 = CIRCLE('',#6394,0.383016342657);
#6394 = AXIS2_PLACEMENT_3D('',#6395,#6396,#6397);
#6395 = CARTESIAN_POINT('',(149.1423867875,-94.00926008021,1.485));
#6396 = DIRECTION('',(0.,0.,-1.));
#6397 = DIRECTION('',(0.847128898586,0.531387456739,0.));
#6398 = ORIENTED_EDGE('',*,*,#6399,.T.);
#6399 = EDGE_CURVE('',#6391,#6400,#6402,.T.);
#6400 = VERTEX_POINT('',#6401);
#6401 = CARTESIAN_POINT('',(149.407846,-94.273028,1.485));
#6402 = LINE('',#6403,#6404);
#6403 = CARTESIAN_POINT('',(149.457335,-94.227226,1.485));
#6404 = VECTOR('',#6405,1.);
#6405 = DIRECTION('',(-0.733917003811,-0.679239156349,0.));
#6406 = ORIENTED_EDGE('',*,*,#6407,.T.);
#6407 = EDGE_CURVE('',#6400,#6408,#6410,.T.);
#6408 = VERTEX_POINT('',#6409);
#6409 = CARTESIAN_POINT('',(149.010034,-94.130186,1.485));
#6410 = CIRCLE('',#6411,0.256909691593);
#6411 = AXIS2_PLACEMENT_3D('',#6412,#6413,#6414);
#6412 = CARTESIAN_POINT('',(149.2583052809,-94.06412571909,1.485));
#6413 = DIRECTION('',(-0.,0.,-1.));
#6414 = DIRECTION('',(0.582075040334,-0.813135073294,-0.));
#6415 = ORIENTED_EDGE('',*,*,#6416,.T.);
#6416 = EDGE_CURVE('',#6408,#6417,#6419,.T.);
#6417 = VERTEX_POINT('',#6418);
#6418 = CARTESIAN_POINT('',(149.010035,-93.889561,1.485));
#6419 = LINE('',#6420,#6421);
#6420 = CARTESIAN_POINT('',(149.010034,-94.130186,1.485));
#6421 = VECTOR('',#6422,1.);
#6422 = DIRECTION('',(4.155844145316E-06,0.999999999991,0.));
#6423 = ORIENTED_EDGE('',*,*,#6424,.T.);
#6424 = EDGE_CURVE('',#6417,#6425,#6427,.T.);
#6425 = VERTEX_POINT('',#6426);
#6426 = CARTESIAN_POINT('',(149.058921,-93.792527,1.485));
#6427 = LINE('',#6428,#6429);
#6428 = CARTESIAN_POINT('',(149.010035,-93.889561,1.485));
#6429 = VECTOR('',#6430,1.);
#6430 = DIRECTION('',(0.449928442561,0.893064609407,0.));
#6431 = ORIENTED_EDGE('',*,*,#6432,.T.);
#6432 = EDGE_CURVE('',#6425,#6364,#6433,.T.);
#6433 = LINE('',#6434,#6435);
#6434 = CARTESIAN_POINT('',(149.058921,-93.792527,1.485));
#6435 = VECTOR('',#6436,1.);
#6436 = DIRECTION('',(0.733910161689,0.679246549177,0.));
#6437 = FACE_BOUND('',#6438,.F.);
#6438 = EDGE_LOOP('',(#6439,#6450,#6458,#6466,#6475,#6483,#6492,#6500,
    #6508));
#6439 = ORIENTED_EDGE('',*,*,#6440,.T.);
#6440 = EDGE_CURVE('',#6441,#6443,#6445,.T.);
#6441 = VERTEX_POINT('',#6442);
#6442 = CARTESIAN_POINT('',(149.355036,-93.833912,1.485));
#6443 = VERTEX_POINT('',#6444);
#6444 = CARTESIAN_POINT('',(149.136592,-93.858539,1.485));
#6445 = CIRCLE('',#6446,0.157345399395);
#6446 = AXIS2_PLACEMENT_3D('',#6447,#6448,#6449);
#6447 = CARTESIAN_POINT('',(149.25842729812,-93.95810673995,1.485));
#6448 = DIRECTION('',(0.,0.,1.));
#6449 = DIRECTION('',(0.613991271703,0.789312813954,-0.));
#6450 = ORIENTED_EDGE('',*,*,#6451,.T.);
#6451 = EDGE_CURVE('',#6443,#6452,#6454,.T.);
#6452 = VERTEX_POINT('',#6453);
#6453 = CARTESIAN_POINT('',(149.109356,-93.913012,1.485));
#6454 = LINE('',#6455,#6456);
#6455 = CARTESIAN_POINT('',(149.136592,-93.858539,1.485));
#6456 = VECTOR('',#6457,1.);
#6457 = DIRECTION('',(-0.447207027607,-0.894430474916,0.));
#6458 = ORIENTED_EDGE('',*,*,#6459,.T.);
#6459 = EDGE_CURVE('',#6452,#6460,#6462,.T.);
#6460 = VERTEX_POINT('',#6461);
#6461 = CARTESIAN_POINT('',(149.109356,-94.106741,1.485));
#6462 = LINE('',#6463,#6464);
#6463 = CARTESIAN_POINT('',(149.109356,-93.913012,1.485));
#6464 = VECTOR('',#6465,1.);
#6465 = DIRECTION('',(0.,-1.,0.));
#6466 = ORIENTED_EDGE('',*,*,#6467,.T.);
#6467 = EDGE_CURVE('',#6460,#6468,#6470,.T.);
#6468 = VERTEX_POINT('',#6469);
#6469 = CARTESIAN_POINT('',(149.215692,-94.213076,1.485));
#6470 = CIRCLE('',#6471,0.149552067591);
#6471 = AXIS2_PLACEMENT_3D('',#6472,#6473,#6474);
#6472 = CARTESIAN_POINT('',(149.25393528069,-94.06849635965,1.485));
#6473 = DIRECTION('',(0.,0.,1.));
#6474 = DIRECTION('',(-0.966748792051,-0.25572792782,0.));
#6475 = ORIENTED_EDGE('',*,*,#6476,.T.);
#6476 = EDGE_CURVE('',#6468,#6477,#6479,.T.);
#6477 = VERTEX_POINT('',#6478);
#6478 = CARTESIAN_POINT('',(149.300564,-94.213076,1.485));
#6479 = LINE('',#6480,#6481);
#6480 = CARTESIAN_POINT('',(149.215692,-94.213076,1.485));
#6481 = VECTOR('',#6482,1.);
#6482 = DIRECTION('',(1.,0.,0.));
#6483 = ORIENTED_EDGE('',*,*,#6484,.T.);
#6484 = EDGE_CURVE('',#6477,#6485,#6487,.T.);
#6485 = VERTEX_POINT('',#6486);
#6486 = CARTESIAN_POINT('',(149.406899,-94.106741,1.485));
#6487 = CIRCLE('',#6488,0.149552854954);
#6488 = AXIS2_PLACEMENT_3D('',#6489,#6490,#6491);
#6489 = CARTESIAN_POINT('',(149.262319,-94.068496,1.485));
#6490 = DIRECTION('',(0.,0.,1.));
#6491 = DIRECTION('',(0.255728986328,-0.96674851205,0.));
#6492 = ORIENTED_EDGE('',*,*,#6493,.T.);
#6493 = EDGE_CURVE('',#6485,#6494,#6496,.T.);
#6494 = VERTEX_POINT('',#6495);
#6495 = CARTESIAN_POINT('',(149.406899,-93.913011,1.485));
#6496 = LINE('',#6497,#6498);
#6497 = CARTESIAN_POINT('',(149.406899,-94.106741,1.485));
#6498 = VECTOR('',#6499,1.);
#6499 = DIRECTION('',(0.,1.,0.));
#6500 = ORIENTED_EDGE('',*,*,#6501,.T.);
#6501 = EDGE_CURVE('',#6494,#6502,#6504,.T.);
#6502 = VERTEX_POINT('',#6503);
#6503 = CARTESIAN_POINT('',(149.379663,-93.858539,1.485));
#6504 = LINE('',#6505,#6506);
#6505 = CARTESIAN_POINT('',(149.406899,-93.913011,1.485));
#6506 = VECTOR('',#6507,1.);
#6507 = DIRECTION('',(-0.4472135955,0.894427191,0.));
#6508 = ORIENTED_EDGE('',*,*,#6509,.T.);
#6509 = EDGE_CURVE('',#6502,#6441,#6510,.T.);
#6510 = LINE('',#6511,#6512);
#6511 = CARTESIAN_POINT('',(149.379663,-93.858539,1.485));
#6512 = VECTOR('',#6513,1.);
#6513 = DIRECTION('',(-0.707106781186,0.707106781187,0.));
#6514 = PLANE('',#6515);
#6515 = AXIS2_PLACEMENT_3D('',#6516,#6517,#6518);
#6516 = CARTESIAN_POINT('',(0.,0.,1.485));
#6517 = DIRECTION('',(0.,0.,1.));
#6518 = DIRECTION('',(1.,0.,-0.));
#6519 = SHELL_BASED_SURFACE_MODEL('',(#6520));
#6520 = OPEN_SHELL('',(#6521));
#6521 = ADVANCED_FACE('',(#6522,#6647),#6749,.T.);
#6522 = FACE_BOUND('',#6523,.F.);
#6523 = EDGE_LOOP('',(#6524,#6535,#6543,#6551,#6559,#6568,#6576,#6584,
    #6592,#6600,#6608,#6616,#6624,#6633,#6641));
#6524 = ORIENTED_EDGE('',*,*,#6525,.T.);
#6525 = EDGE_CURVE('',#6526,#6528,#6530,.T.);
#6526 = VERTEX_POINT('',#6527);
#6527 = CARTESIAN_POINT('',(150.498123,-93.492725,1.485));
#6528 = VERTEX_POINT('',#6529);
#6529 = CARTESIAN_POINT('',(150.688702,-93.456439,1.485));
#6530 = CIRCLE('',#6531,0.212843039818);
#6531 = AXIS2_PLACEMENT_3D('',#6532,#6533,#6534);
#6532 = CARTESIAN_POINT('',(150.62884776768,-93.66069283833,1.485));
#6533 = DIRECTION('',(0.,0.,-1.));
#6534 = DIRECTION('',(-0.614183897176,0.789162936566,0.));
#6535 = ORIENTED_EDGE('',*,*,#6536,.T.);
#6536 = EDGE_CURVE('',#6528,#6537,#6539,.T.);
#6537 = VERTEX_POINT('',#6538);
#6538 = CARTESIAN_POINT('',(150.774477,-93.502241,1.485));
#6539 = LINE('',#6540,#6541);
#6540 = CARTESIAN_POINT('',(150.688702,-93.456439,1.485));
#6541 = VECTOR('',#6542,1.);
#6542 = DIRECTION('',(0.882116545319,-0.471031209661,0.));
#6543 = ORIENTED_EDGE('',*,*,#6544,.T.);
#6544 = EDGE_CURVE('',#6537,#6545,#6547,.T.);
#6545 = VERTEX_POINT('',#6546);
#6546 = CARTESIAN_POINT('',(150.820279,-93.55173,1.485));
#6547 = LINE('',#6548,#6549);
#6548 = CARTESIAN_POINT('',(150.774477,-93.502241,1.485));
#6549 = VECTOR('',#6550,1.);
#6550 = DIRECTION('',(0.679239156349,-0.733917003811,0.));
#6551 = ORIENTED_EDGE('',*,*,#6552,.T.);
#6552 = EDGE_CURVE('',#6545,#6553,#6555,.T.);
#6553 = VERTEX_POINT('',#6554);
#6554 = CARTESIAN_POINT('',(150.86041,-93.634698,1.485));
#6555 = LINE('',#6556,#6557);
#6556 = CARTESIAN_POINT('',(150.820279,-93.55173,1.485));
#6557 = VECTOR('',#6558,1.);
#6558 = DIRECTION('',(0.435430748185,-0.900222230083,0.));
#6559 = ORIENTED_EDGE('',*,*,#6560,.T.);
#6560 = EDGE_CURVE('',#6553,#6561,#6563,.T.);
#6561 = VERTEX_POINT('',#6562);
#6562 = CARTESIAN_POINT('',(150.856564,-94.141451,1.485));
#6563 = CIRCLE('',#6564,0.730363781494);
#6564 = AXIS2_PLACEMENT_3D('',#6565,#6566,#6567);
#6565 = CARTESIAN_POINT('',(150.17350460719,-93.88287582868,1.485));
#6566 = DIRECTION('',(0.,0.,-1.));
#6567 = DIRECTION('',(0.940497612574,0.339800295384,0.));
#6568 = ORIENTED_EDGE('',*,*,#6569,.T.);
#6569 = EDGE_CURVE('',#6561,#6570,#6572,.T.);
#6570 = VERTEX_POINT('',#6571);
#6571 = CARTESIAN_POINT('',(150.810763,-94.227226,1.485));
#6572 = LINE('',#6573,#6574);
#6573 = CARTESIAN_POINT('',(150.856564,-94.141451,1.485));
#6574 = VECTOR('',#6575,1.);
#6575 = DIRECTION('',(-0.47102320726,-0.882120818382,0.));
#6576 = ORIENTED_EDGE('',*,*,#6577,.T.);
#6577 = EDGE_CURVE('',#6570,#6578,#6580,.T.);
#6578 = VERTEX_POINT('',#6579);
#6579 = CARTESIAN_POINT('',(150.761274,-94.273028,1.485));
#6580 = LINE('',#6581,#6582);
#6581 = CARTESIAN_POINT('',(150.810763,-94.227226,1.485));
#6582 = VECTOR('',#6583,1.);
#6583 = DIRECTION('',(-0.733917003811,-0.679239156349,0.));
#6584 = ORIENTED_EDGE('',*,*,#6585,.T.);
#6585 = EDGE_CURVE('',#6578,#6586,#6588,.T.);
#6586 = VERTEX_POINT('',#6587);
#6587 = CARTESIAN_POINT('',(150.677437,-94.312397,1.485));
#6588 = LINE('',#6589,#6590);
#6589 = CARTESIAN_POINT('',(150.761274,-94.273028,1.485));
#6590 = VECTOR('',#6591,1.);
#6591 = DIRECTION('',(-0.905166587014,-0.425056995887,0.));
#6592 = ORIENTED_EDGE('',*,*,#6593,.T.);
#6593 = EDGE_CURVE('',#6586,#6594,#6596,.T.);
#6594 = VERTEX_POINT('',#6595);
#6595 = CARTESIAN_POINT('',(150.581959,-94.312397,1.485));
#6596 = LINE('',#6597,#6598);
#6597 = CARTESIAN_POINT('',(150.677437,-94.312397,1.485));
#6598 = VECTOR('',#6599,1.);
#6599 = DIRECTION('',(-1.,0.,0.));
#6600 = ORIENTED_EDGE('',*,*,#6601,.T.);
#6601 = EDGE_CURVE('',#6594,#6602,#6604,.T.);
#6602 = VERTEX_POINT('',#6603);
#6603 = CARTESIAN_POINT('',(150.484921,-94.263512,1.485));
#6604 = LINE('',#6605,#6606);
#6605 = CARTESIAN_POINT('',(150.581959,-94.312397,1.485));
#6606 = VECTOR('',#6607,1.);
#6607 = DIRECTION('',(-0.893075759534,0.449906309949,0.));
#6608 = ORIENTED_EDGE('',*,*,#6609,.T.);
#6609 = EDGE_CURVE('',#6602,#6610,#6612,.T.);
#6610 = VERTEX_POINT('',#6611);
#6611 = CARTESIAN_POINT('',(150.439119,-94.214023,1.485));
#6612 = LINE('',#6613,#6614);
#6613 = CARTESIAN_POINT('',(150.484921,-94.263512,1.485));
#6614 = VECTOR('',#6615,1.);
#6615 = DIRECTION('',(-0.679239156349,0.733917003811,0.));
#6616 = ORIENTED_EDGE('',*,*,#6617,.T.);
#6617 = EDGE_CURVE('',#6610,#6618,#6620,.T.);
#6618 = VERTEX_POINT('',#6619);
#6619 = CARTESIAN_POINT('',(150.398987,-94.131054,1.485));
#6620 = LINE('',#6621,#6622);
#6621 = CARTESIAN_POINT('',(150.439119,-94.214023,1.485));
#6622 = VECTOR('',#6623,1.);
#6623 = DIRECTION('',(-0.435435288022,0.900220034184,0.));
#6624 = ORIENTED_EDGE('',*,*,#6625,.T.);
#6625 = EDGE_CURVE('',#6618,#6626,#6628,.T.);
#6626 = VERTEX_POINT('',#6627);
#6627 = CARTESIAN_POINT('',(150.402833,-93.6243,1.485));
#6628 = CIRCLE('',#6629,0.730363705539);
#6629 = AXIS2_PLACEMENT_3D('',#6630,#6631,#6632);
#6630 = CARTESIAN_POINT('',(151.08589212696,-93.88287565903,1.485));
#6631 = DIRECTION('',(0.,0.,-1.));
#6632 = DIRECTION('',(-0.940497346392,-0.339801032121,-0.));
#6633 = ORIENTED_EDGE('',*,*,#6634,.T.);
#6634 = EDGE_CURVE('',#6626,#6635,#6637,.T.);
#6635 = VERTEX_POINT('',#6636);
#6636 = CARTESIAN_POINT('',(150.448635,-93.538527,1.485));
#6637 = LINE('',#6638,#6639);
#6638 = CARTESIAN_POINT('',(150.402833,-93.6243,1.485));
#6639 = VECTOR('',#6640,1.);
#6640 = DIRECTION('',(0.471039755952,0.882111981731,0.));
#6641 = ORIENTED_EDGE('',*,*,#6642,.T.);
#6642 = EDGE_CURVE('',#6635,#6526,#6643,.T.);
#6643 = LINE('',#6644,#6645);
#6644 = CARTESIAN_POINT('',(150.448635,-93.538527,1.485));
#6645 = VECTOR('',#6646,1.);
#6646 = DIRECTION('',(0.733910161689,0.679246549177,0.));
#6647 = FACE_BOUND('',#6648,.F.);
#6648 = EDGE_LOOP('',(#6649,#6660,#6668,#6676,#6685,#6693,#6701,#6710,
    #6718,#6726,#6735,#6743));
#6649 = ORIENTED_EDGE('',*,*,#6650,.T.);
#6650 = EDGE_CURVE('',#6651,#6653,#6655,.T.);
#6651 = VERTEX_POINT('',#6652);
#6652 = CARTESIAN_POINT('',(150.708464,-93.579912,1.485));
#6653 = VERTEX_POINT('',#6654);
#6654 = CARTESIAN_POINT('',(150.550933,-93.579912,1.485));
#6655 = CIRCLE('',#6656,0.119179931301);
#6656 = AXIS2_PLACEMENT_3D('',#6657,#6658,#6659);
#6657 = CARTESIAN_POINT('',(150.6296985,-93.66935389194,1.485));
#6658 = DIRECTION('',(0.,0.,1.));
#6659 = DIRECTION('',(0.660895665405,0.750477794107,-0.));
#6660 = ORIENTED_EDGE('',*,*,#6661,.T.);
#6661 = EDGE_CURVE('',#6653,#6662,#6664,.T.);
#6662 = VERTEX_POINT('',#6663);
#6663 = CARTESIAN_POINT('',(150.526306,-93.604539,1.485));
#6664 = LINE('',#6665,#6666);
#6665 = CARTESIAN_POINT('',(150.550933,-93.579912,1.485));
#6666 = VECTOR('',#6667,1.);
#6667 = DIRECTION('',(-0.707106781186,-0.707106781187,0.));
#6668 = ORIENTED_EDGE('',*,*,#6669,.T.);
#6669 = EDGE_CURVE('',#6662,#6670,#6672,.T.);
#6670 = VERTEX_POINT('',#6671);
#6671 = CARTESIAN_POINT('',(150.496199,-93.664752,1.485));
#6672 = LINE('',#6673,#6674);
#6673 = CARTESIAN_POINT('',(150.526306,-93.604539,1.485));
#6674 = VECTOR('',#6675,1.);
#6675 = DIRECTION('',(-0.447219537225,-0.894424220113,0.));
#6676 = ORIENTED_EDGE('',*,*,#6677,.T.);
#6677 = EDGE_CURVE('',#6670,#6678,#6680,.T.);
#6678 = VERTEX_POINT('',#6679);
#6679 = CARTESIAN_POINT('',(150.4962,-94.101001,1.485));
#6680 = CIRCLE('',#6681,0.627596855186);
#6681 = AXIS2_PLACEMENT_3D('',#6682,#6683,#6684);
#6682 = CARTESIAN_POINT('',(151.08467168722,-93.88287515106,1.485));
#6683 = DIRECTION('',(0.,0.,1.));
#6684 = DIRECTION('',(-0.937660350529,0.347552970129,0.));
#6685 = ORIENTED_EDGE('',*,*,#6686,.T.);
#6686 = EDGE_CURVE('',#6678,#6687,#6689,.T.);
#6687 = VERTEX_POINT('',#6688);
#6688 = CARTESIAN_POINT('',(150.526306,-94.161213,1.485));
#6689 = LINE('',#6690,#6691);
#6690 = CARTESIAN_POINT('',(150.4962,-94.101001,1.485));
#6691 = VECTOR('',#6692,1.);
#6692 = DIRECTION('',(0.4472135955,-0.894427191,0.));
#6693 = ORIENTED_EDGE('',*,*,#6694,.T.);
#6694 = EDGE_CURVE('',#6687,#6695,#6697,.T.);
#6695 = VERTEX_POINT('',#6696);
#6696 = CARTESIAN_POINT('',(150.550933,-94.18584,1.485));
#6697 = LINE('',#6698,#6699);
#6698 = CARTESIAN_POINT('',(150.526306,-94.161213,1.485));
#6699 = VECTOR('',#6700,1.);
#6700 = DIRECTION('',(0.707106781186,-0.707106781187,0.));
#6701 = ORIENTED_EDGE('',*,*,#6702,.T.);
#6702 = EDGE_CURVE('',#6695,#6703,#6705,.T.);
#6703 = VERTEX_POINT('',#6704);
#6704 = CARTESIAN_POINT('',(150.708464,-94.18584,1.485));
#6705 = CIRCLE('',#6706,0.119179931301);
#6706 = AXIS2_PLACEMENT_3D('',#6707,#6708,#6709);
#6707 = CARTESIAN_POINT('',(150.6296985,-94.09639810805,1.485));
#6708 = DIRECTION('',(0.,0.,1.));
#6709 = DIRECTION('',(-0.660895665406,-0.750477794107,0.));
#6710 = ORIENTED_EDGE('',*,*,#6711,.T.);
#6711 = EDGE_CURVE('',#6703,#6712,#6714,.T.);
#6712 = VERTEX_POINT('',#6713);
#6713 = CARTESIAN_POINT('',(150.733091,-94.161213,1.485));
#6714 = LINE('',#6715,#6716);
#6715 = CARTESIAN_POINT('',(150.708464,-94.18584,1.485));
#6716 = VECTOR('',#6717,1.);
#6717 = DIRECTION('',(0.707106781187,0.707106781186,0.));
#6718 = ORIENTED_EDGE('',*,*,#6719,.T.);
#6719 = EDGE_CURVE('',#6712,#6720,#6722,.T.);
#6720 = VERTEX_POINT('',#6721);
#6721 = CARTESIAN_POINT('',(150.763196,-94.101002,1.485));
#6722 = LINE('',#6723,#6724);
#6723 = CARTESIAN_POINT('',(150.733091,-94.161213,1.485));
#6724 = VECTOR('',#6725,1.);
#6725 = DIRECTION('',(0.447207653518,0.894430161966,0.));
#6726 = ORIENTED_EDGE('',*,*,#6727,.T.);
#6727 = EDGE_CURVE('',#6720,#6728,#6730,.T.);
#6728 = VERTEX_POINT('',#6729);
#6729 = CARTESIAN_POINT('',(150.763196,-93.664751,1.485));
#6730 = CIRCLE('',#6731,0.627576321587);
#6731 = AXIS2_PLACEMENT_3D('',#6732,#6733,#6734);
#6732 = CARTESIAN_POINT('',(150.17474608227,-93.8828765,1.485));
#6733 = DIRECTION('',(0.,-0.,1.));
#6734 = DIRECTION('',(0.937654748084,-0.347568084545,-0.));
#6735 = ORIENTED_EDGE('',*,*,#6736,.T.);
#6736 = EDGE_CURVE('',#6728,#6737,#6739,.T.);
#6737 = VERTEX_POINT('',#6738);
#6738 = CARTESIAN_POINT('',(150.733091,-93.604539,1.485));
#6739 = LINE('',#6740,#6741);
#6740 = CARTESIAN_POINT('',(150.763196,-93.664751,1.485));
#6741 = VECTOR('',#6742,1.);
#6742 = DIRECTION('',(-0.447201711675,0.894433132814,0.));
#6743 = ORIENTED_EDGE('',*,*,#6744,.T.);
#6744 = EDGE_CURVE('',#6737,#6651,#6745,.T.);
#6745 = LINE('',#6746,#6747);
#6746 = CARTESIAN_POINT('',(150.733091,-93.604539,1.485));
#6747 = VECTOR('',#6748,1.);
#6748 = DIRECTION('',(-0.707106781187,0.707106781187,0.));
#6749 = PLANE('',#6750);
#6750 = AXIS2_PLACEMENT_3D('',#6751,#6752,#6753);
#6751 = CARTESIAN_POINT('',(0.,0.,1.485));
#6752 = DIRECTION('',(0.,0.,1.));
#6753 = DIRECTION('',(1.,0.,-0.));
#6754 = SHELL_BASED_SURFACE_MODEL('',(#6755));
#6755 = OPEN_SHELL('',(#6756));
#6756 = ADVANCED_FACE('',(#6757,#6834),#6911,.T.);
#6757 = FACE_BOUND('',#6758,.F.);
#6758 = EDGE_LOOP('',(#6759,#6770,#6778,#6786,#6795,#6803,#6812,#6820,
    #6828));
#6759 = ORIENTED_EDGE('',*,*,#6760,.T.);
#6760 = EDGE_CURVE('',#6761,#6763,#6765,.T.);
#6761 = VERTEX_POINT('',#6762);
#6762 = CARTESIAN_POINT('',(154.238409,-93.746725,1.485));
#6763 = VERTEX_POINT('',#6764);
#6764 = CARTESIAN_POINT('',(154.465274,-93.710439,1.485));
#6765 = CIRCLE('',#6766,0.273919191275);
#6766 = AXIS2_PLACEMENT_3D('',#6767,#6768,#6769);
#6767 = CARTESIAN_POINT('',(154.39111554768,-93.97412867992,1.485));
#6768 = DIRECTION('',(0.,0.,-1.));
#6769 = DIRECTION('',(-0.557487582278,0.830185277878,0.));
#6770 = ORIENTED_EDGE('',*,*,#6771,.T.);
#6771 = EDGE_CURVE('',#6763,#6772,#6774,.T.);
#6772 = VERTEX_POINT('',#6773);
#6773 = CARTESIAN_POINT('',(154.551049,-93.756241,1.485));
#6774 = LINE('',#6775,#6776);
#6775 = CARTESIAN_POINT('',(154.465274,-93.710439,1.485));
#6776 = VECTOR('',#6777,1.);
#6777 = DIRECTION('',(0.882116545319,-0.471031209661,0.));
#6778 = ORIENTED_EDGE('',*,*,#6779,.T.);
#6779 = EDGE_CURVE('',#6772,#6780,#6782,.T.);
#6780 = VERTEX_POINT('',#6781);
#6781 = CARTESIAN_POINT('',(154.596851,-93.80573,1.485));
#6782 = LINE('',#6783,#6784);
#6783 = CARTESIAN_POINT('',(154.551049,-93.756241,1.485));
#6784 = VECTOR('',#6785,1.);
#6785 = DIRECTION('',(0.679239156349,-0.733917003811,0.));
#6786 = ORIENTED_EDGE('',*,*,#6787,.T.);
#6787 = EDGE_CURVE('',#6780,#6788,#6790,.T.);
#6788 = VERTEX_POINT('',#6789);
#6789 = CARTESIAN_POINT('',(154.587335,-94.227226,1.485));
#6790 = CIRCLE('',#6791,0.383016342657);
#6791 = AXIS2_PLACEMENT_3D('',#6792,#6793,#6794);
#6792 = CARTESIAN_POINT('',(154.2723867875,-94.00926008021,1.485));
#6793 = DIRECTION('',(0.,0.,-1.));
#6794 = DIRECTION('',(0.847128898586,0.531387456739,0.));
#6795 = ORIENTED_EDGE('',*,*,#6796,.T.);
#6796 = EDGE_CURVE('',#6788,#6797,#6799,.T.);
#6797 = VERTEX_POINT('',#6798);
#6798 = CARTESIAN_POINT('',(154.537846,-94.273028,1.485));
#6799 = LINE('',#6800,#6801);
#6800 = CARTESIAN_POINT('',(154.587335,-94.227226,1.485));
#6801 = VECTOR('',#6802,1.);
#6802 = DIRECTION('',(-0.733917003811,-0.679239156349,0.));
#6803 = ORIENTED_EDGE('',*,*,#6804,.T.);
#6804 = EDGE_CURVE('',#6797,#6805,#6807,.T.);
#6805 = VERTEX_POINT('',#6806);
#6806 = CARTESIAN_POINT('',(154.140034,-94.130186,1.485));
#6807 = CIRCLE('',#6808,0.256909691593);
#6808 = AXIS2_PLACEMENT_3D('',#6809,#6810,#6811);
#6809 = CARTESIAN_POINT('',(154.3883052809,-94.06412571909,1.485));
#6810 = DIRECTION('',(-0.,0.,-1.));
#6811 = DIRECTION('',(0.582075040334,-0.813135073294,-0.));
#6812 = ORIENTED_EDGE('',*,*,#6813,.T.);
#6813 = EDGE_CURVE('',#6805,#6814,#6816,.T.);
#6814 = VERTEX_POINT('',#6815);
#6815 = CARTESIAN_POINT('',(154.140035,-93.889561,1.485));
#6816 = LINE('',#6817,#6818);
#6817 = CARTESIAN_POINT('',(154.140034,-94.130186,1.485));
#6818 = VECTOR('',#6819,1.);
#6819 = DIRECTION('',(4.155844145316E-06,0.999999999991,0.));
#6820 = ORIENTED_EDGE('',*,*,#6821,.T.);
#6821 = EDGE_CURVE('',#6814,#6822,#6824,.T.);
#6822 = VERTEX_POINT('',#6823);
#6823 = CARTESIAN_POINT('',(154.188921,-93.792527,1.485));
#6824 = LINE('',#6825,#6826);
#6825 = CARTESIAN_POINT('',(154.140035,-93.889561,1.485));
#6826 = VECTOR('',#6827,1.);
#6827 = DIRECTION('',(0.449928442561,0.893064609407,0.));
#6828 = ORIENTED_EDGE('',*,*,#6829,.T.);
#6829 = EDGE_CURVE('',#6822,#6761,#6830,.T.);
#6830 = LINE('',#6831,#6832);
#6831 = CARTESIAN_POINT('',(154.188921,-93.792527,1.485));
#6832 = VECTOR('',#6833,1.);
#6833 = DIRECTION('',(0.733910161689,0.679246549177,0.));
#6834 = FACE_BOUND('',#6835,.F.);
#6835 = EDGE_LOOP('',(#6836,#6847,#6855,#6863,#6872,#6880,#6889,#6897,
    #6905));
#6836 = ORIENTED_EDGE('',*,*,#6837,.T.);
#6837 = EDGE_CURVE('',#6838,#6840,#6842,.T.);
#6838 = VERTEX_POINT('',#6839);
#6839 = CARTESIAN_POINT('',(154.485036,-93.833912,1.485));
#6840 = VERTEX_POINT('',#6841);
#6841 = CARTESIAN_POINT('',(154.266592,-93.858539,1.485));
#6842 = CIRCLE('',#6843,0.157345399395);
#6843 = AXIS2_PLACEMENT_3D('',#6844,#6845,#6846);
#6844 = CARTESIAN_POINT('',(154.38842729812,-93.95810673995,1.485));
#6845 = DIRECTION('',(0.,0.,1.));
#6846 = DIRECTION('',(0.613991271703,0.789312813954,-0.));
#6847 = ORIENTED_EDGE('',*,*,#6848,.T.);
#6848 = EDGE_CURVE('',#6840,#6849,#6851,.T.);
#6849 = VERTEX_POINT('',#6850);
#6850 = CARTESIAN_POINT('',(154.239356,-93.913012,1.485));
#6851 = LINE('',#6852,#6853);
#6852 = CARTESIAN_POINT('',(154.266592,-93.858539,1.485));
#6853 = VECTOR('',#6854,1.);
#6854 = DIRECTION('',(-0.447207027607,-0.894430474916,0.));
#6855 = ORIENTED_EDGE('',*,*,#6856,.T.);
#6856 = EDGE_CURVE('',#6849,#6857,#6859,.T.);
#6857 = VERTEX_POINT('',#6858);
#6858 = CARTESIAN_POINT('',(154.239356,-94.106741,1.485));
#6859 = LINE('',#6860,#6861);
#6860 = CARTESIAN_POINT('',(154.239356,-93.913012,1.485));
#6861 = VECTOR('',#6862,1.);
#6862 = DIRECTION('',(0.,-1.,0.));
#6863 = ORIENTED_EDGE('',*,*,#6864,.T.);
#6864 = EDGE_CURVE('',#6857,#6865,#6867,.T.);
#6865 = VERTEX_POINT('',#6866);
#6866 = CARTESIAN_POINT('',(154.345692,-94.213076,1.485));
#6867 = CIRCLE('',#6868,0.149552067591);
#6868 = AXIS2_PLACEMENT_3D('',#6869,#6870,#6871);
#6869 = CARTESIAN_POINT('',(154.38393528069,-94.06849635965,1.485));
#6870 = DIRECTION('',(0.,0.,1.));
#6871 = DIRECTION('',(-0.966748792051,-0.25572792782,0.));
#6872 = ORIENTED_EDGE('',*,*,#6873,.T.);
#6873 = EDGE_CURVE('',#6865,#6874,#6876,.T.);
#6874 = VERTEX_POINT('',#6875);
#6875 = CARTESIAN_POINT('',(154.430564,-94.213076,1.485));
#6876 = LINE('',#6877,#6878);
#6877 = CARTESIAN_POINT('',(154.345692,-94.213076,1.485));
#6878 = VECTOR('',#6879,1.);
#6879 = DIRECTION('',(1.,0.,0.));
#6880 = ORIENTED_EDGE('',*,*,#6881,.T.);
#6881 = EDGE_CURVE('',#6874,#6882,#6884,.T.);
#6882 = VERTEX_POINT('',#6883);
#6883 = CARTESIAN_POINT('',(154.536899,-94.106741,1.485));
#6884 = CIRCLE('',#6885,0.149552854954);
#6885 = AXIS2_PLACEMENT_3D('',#6886,#6887,#6888);
#6886 = CARTESIAN_POINT('',(154.392319,-94.068496,1.485));
#6887 = DIRECTION('',(0.,0.,1.));
#6888 = DIRECTION('',(0.255728986328,-0.96674851205,0.));
#6889 = ORIENTED_EDGE('',*,*,#6890,.T.);
#6890 = EDGE_CURVE('',#6882,#6891,#6893,.T.);
#6891 = VERTEX_POINT('',#6892);
#6892 = CARTESIAN_POINT('',(154.536899,-93.913011,1.485));
#6893 = LINE('',#6894,#6895);
#6894 = CARTESIAN_POINT('',(154.536899,-94.106741,1.485));
#6895 = VECTOR('',#6896,1.);
#6896 = DIRECTION('',(0.,1.,0.));
#6897 = ORIENTED_EDGE('',*,*,#6898,.T.);
#6898 = EDGE_CURVE('',#6891,#6899,#6901,.T.);
#6899 = VERTEX_POINT('',#6900);
#6900 = CARTESIAN_POINT('',(154.509663,-93.858539,1.485));
#6901 = LINE('',#6902,#6903);
#6902 = CARTESIAN_POINT('',(154.536899,-93.913011,1.485));
#6903 = VECTOR('',#6904,1.);
#6904 = DIRECTION('',(-0.4472135955,0.894427191,0.));
#6905 = ORIENTED_EDGE('',*,*,#6906,.T.);
#6906 = EDGE_CURVE('',#6899,#6838,#6907,.T.);
#6907 = LINE('',#6908,#6909);
#6908 = CARTESIAN_POINT('',(154.509663,-93.858539,1.485));
#6909 = VECTOR('',#6910,1.);
#6910 = DIRECTION('',(-0.707106781186,0.707106781187,0.));
#6911 = PLANE('',#6912);
#6912 = AXIS2_PLACEMENT_3D('',#6913,#6914,#6915);
#6913 = CARTESIAN_POINT('',(0.,0.,1.485));
#6914 = DIRECTION('',(0.,0.,1.));
#6915 = DIRECTION('',(1.,0.,-0.));
#6916 = SHELL_BASED_SURFACE_MODEL('',(#6917));
#6917 = OPEN_SHELL('',(#6918));
#6918 = ADVANCED_FACE('',(#6919),#6963,.T.);
#6919 = FACE_BOUND('',#6920,.F.);
#6920 = EDGE_LOOP('',(#6921,#6932,#6940,#6949,#6957));
#6921 = ORIENTED_EDGE('',*,*,#6922,.T.);
#6922 = EDGE_CURVE('',#6923,#6925,#6927,.T.);
#6923 = VERTEX_POINT('',#6924);
#6924 = CARTESIAN_POINT('',(138.30448,-93.736436,1.485));
#6925 = VERTEX_POINT('',#6926);
#6926 = CARTESIAN_POINT('',(138.402213,-93.755876,1.485));
#6927 = CIRCLE('',#6928,5.079993118246E-02);
#6928 = AXIS2_PLACEMENT_3D('',#6929,#6930,#6931);
#6929 = CARTESIAN_POINT('',(138.35141306881,-93.75587616613,1.485));
#6930 = DIRECTION('',(0.,0.,-1.));
#6931 = DIRECTION('',(-0.923880558995,0.382680954204,0.));
#6932 = ORIENTED_EDGE('',*,*,#6933,.T.);
#6933 = EDGE_CURVE('',#6925,#6934,#6936,.T.);
#6934 = VERTEX_POINT('',#6935);
#6935 = CARTESIAN_POINT('',(138.402213,-94.263876,1.485));
#6936 = LINE('',#6937,#6938);
#6937 = CARTESIAN_POINT('',(138.402213,-93.755876,1.485));
#6938 = VECTOR('',#6939,1.);
#6939 = DIRECTION('',(0.,-1.,0.));
#6940 = ORIENTED_EDGE('',*,*,#6941,.T.);
#6941 = EDGE_CURVE('',#6934,#6942,#6944,.T.);
#6942 = VERTEX_POINT('',#6943);
#6943 = CARTESIAN_POINT('',(138.300613,-94.263876,1.485));
#6944 = CIRCLE('',#6945,5.080000000044E-02);
#6945 = AXIS2_PLACEMENT_3D('',#6946,#6947,#6948);
#6946 = CARTESIAN_POINT('',(138.351413,-94.26387578787,1.485));
#6947 = DIRECTION('',(-0.,0.,-1.));
#6948 = DIRECTION('',(0.999999999991,-4.175620479269E-06,-0.));
#6949 = ORIENTED_EDGE('',*,*,#6950,.T.);
#6950 = EDGE_CURVE('',#6942,#6951,#6953,.T.);
#6951 = VERTEX_POINT('',#6952);
#6952 = CARTESIAN_POINT('',(138.300613,-93.755876,1.485));
#6953 = LINE('',#6954,#6955);
#6954 = CARTESIAN_POINT('',(138.300613,-94.263876,1.485));
#6955 = VECTOR('',#6956,1.);
#6956 = DIRECTION('',(0.,1.,0.));
#6957 = ORIENTED_EDGE('',*,*,#6958,.T.);
#6958 = EDGE_CURVE('',#6951,#6923,#6959,.T.);
#6959 = LINE('',#6960,#6961);
#6960 = CARTESIAN_POINT('',(138.300613,-93.755876,1.485));
#6961 = VECTOR('',#6962,1.);
#6962 = DIRECTION('',(0.195097290094,0.980783894341,0.));
#6963 = PLANE('',#6964);
#6964 = AXIS2_PLACEMENT_3D('',#6965,#6966,#6967);
#6965 = CARTESIAN_POINT('',(0.,0.,1.485));
#6966 = DIRECTION('',(0.,0.,1.));
#6967 = DIRECTION('',(1.,0.,-0.));
#6968 = SHELL_BASED_SURFACE_MODEL('',(#6969));
#6969 = OPEN_SHELL('',(#6970));
#6970 = ADVANCED_FACE('',(#6971),#7128,.T.);
#6971 = FACE_BOUND('',#6972,.F.);
#6972 = EDGE_LOOP('',(#6973,#6984,#6992,#7000,#7008,#7016,#7024,#7032,
    #7040,#7048,#7057,#7065,#7073,#7081,#7089,#7097,#7105,#7113,#7122));
#6973 = ORIENTED_EDGE('',*,*,#6974,.T.);
#6974 = EDGE_CURVE('',#6975,#6977,#6979,.T.);
#6975 = VERTEX_POINT('',#6976);
#6976 = CARTESIAN_POINT('',(138.66347,-93.755876,1.485));
#6977 = VERTEX_POINT('',#6978);
#6978 = CARTESIAN_POINT('',(138.73371,-93.708943,1.485));
#6979 = CIRCLE('',#6980,5.080023117892E-02);
#6980 = AXIS2_PLACEMENT_3D('',#6981,#6982,#6983);
#6981 = CARTESIAN_POINT('',(138.71427023117,-93.7558765581,1.485));
#6982 = DIRECTION('',(0.,0.,-1.));
#6983 = DIRECTION('',(-0.99999999994,1.098616400781E-05,0.));
#6984 = ORIENTED_EDGE('',*,*,#6985,.T.);
#6985 = EDGE_CURVE('',#6977,#6986,#6988,.T.);
#6986 = VERTEX_POINT('',#6987);
#6987 = CARTESIAN_POINT('',(138.75694,-93.732173,1.485));
#6988 = LINE('',#6989,#6990);
#6989 = CARTESIAN_POINT('',(138.73371,-93.708943,1.485));
#6990 = VECTOR('',#6991,1.);
#6991 = DIRECTION('',(0.707106781186,-0.707106781187,0.));
#6992 = ORIENTED_EDGE('',*,*,#6993,.T.);
#6993 = EDGE_CURVE('',#6986,#6994,#6996,.T.);
#6994 = VERTEX_POINT('',#6995);
#6995 = CARTESIAN_POINT('',(138.819525,-93.705204,1.485));
#6996 = LINE('',#6997,#6998);
#6997 = CARTESIAN_POINT('',(138.75694,-93.732173,1.485));
#6998 = VECTOR('',#6999,1.);
#6999 = DIRECTION('',(0.918362982904,0.395739095405,0.));
#7000 = ORIENTED_EDGE('',*,*,#7001,.T.);
#7001 = EDGE_CURVE('',#6994,#7002,#7004,.T.);
#7002 = VERTEX_POINT('',#7003);
#7003 = CARTESIAN_POINT('',(138.934479,-93.705572,1.485));
#7004 = LINE('',#7005,#7006);
#7005 = CARTESIAN_POINT('',(138.819525,-93.705204,1.485));
#7006 = VECTOR('',#7007,1.);
#7007 = DIRECTION('',(0.999994875941,-3.201264108731E-03,0.));
#7008 = ORIENTED_EDGE('',*,*,#7009,.T.);
#7009 = EDGE_CURVE('',#7002,#7010,#7012,.T.);
#7010 = VERTEX_POINT('',#7011);
#7011 = CARTESIAN_POINT('',(138.954702,-93.710439,1.485));
#7012 = LINE('',#7013,#7014);
#7013 = CARTESIAN_POINT('',(138.934479,-93.705572,1.485));
#7014 = VECTOR('',#7015,1.);
#7015 = DIRECTION('',(0.972240044487,-0.233985674554,0.));
#7016 = ORIENTED_EDGE('',*,*,#7017,.T.);
#7017 = EDGE_CURVE('',#7010,#7018,#7020,.T.);
#7018 = VERTEX_POINT('',#7019);
#7019 = CARTESIAN_POINT('',(139.040065,-93.756652,1.485));
#7020 = LINE('',#7021,#7022);
#7021 = CARTESIAN_POINT('',(138.954702,-93.710439,1.485));
#7022 = VECTOR('',#7023,1.);
#7023 = DIRECTION('',(0.879401060629,-0.476081688962,0.));
#7024 = ORIENTED_EDGE('',*,*,#7025,.T.);
#7025 = EDGE_CURVE('',#7018,#7026,#7028,.T.);
#7026 = VERTEX_POINT('',#7027);
#7027 = CARTESIAN_POINT('',(139.087775,-93.845293,1.485));
#7028 = LINE('',#7029,#7030);
#7029 = CARTESIAN_POINT('',(139.040065,-93.756652,1.485));
#7030 = VECTOR('',#7031,1.);
#7031 = DIRECTION('',(0.473947571708,-0.880553064427,0.));
#7032 = ORIENTED_EDGE('',*,*,#7033,.T.);
#7033 = EDGE_CURVE('',#7026,#7034,#7036,.T.);
#7034 = VERTEX_POINT('',#7035);
#7035 = CARTESIAN_POINT('',(139.091642,-93.864733,1.485));
#7036 = LINE('',#7037,#7038);
#7037 = CARTESIAN_POINT('',(139.087775,-93.845293,1.485));
#7038 = VECTOR('',#7039,1.);
#7039 = DIRECTION('',(0.195097290094,-0.980783894341,0.));
#7040 = ORIENTED_EDGE('',*,*,#7041,.T.);
#7041 = EDGE_CURVE('',#7034,#7042,#7044,.T.);
#7042 = VERTEX_POINT('',#7043);
#7043 = CARTESIAN_POINT('',(139.091642,-94.263876,1.485));
#7044 = LINE('',#7045,#7046);
#7045 = CARTESIAN_POINT('',(139.091642,-93.864733,1.485));
#7046 = VECTOR('',#7047,1.);
#7047 = DIRECTION('',(0.,-1.,0.));
#7048 = ORIENTED_EDGE('',*,*,#7049,.T.);
#7049 = EDGE_CURVE('',#7042,#7050,#7052,.T.);
#7050 = VERTEX_POINT('',#7051);
#7051 = CARTESIAN_POINT('',(138.990042,-94.263876,1.485));
#7052 = CIRCLE('',#7053,5.080000000045E-02);
#7053 = AXIS2_PLACEMENT_3D('',#7054,#7055,#7056);
#7054 = CARTESIAN_POINT('',(139.040842,-94.26387578787,1.485));
#7055 = DIRECTION('',(-0.,0.,-1.));
#7056 = DIRECTION('',(0.999999999991,-4.175620759011E-06,-0.));
#7057 = ORIENTED_EDGE('',*,*,#7058,.T.);
#7058 = EDGE_CURVE('',#7050,#7059,#7061,.T.);
#7059 = VERTEX_POINT('',#7060);
#7060 = CARTESIAN_POINT('',(138.990042,-93.876726,1.485));
#7061 = LINE('',#7062,#7063);
#7062 = CARTESIAN_POINT('',(138.990042,-94.263876,1.485));
#7063 = VECTOR('',#7064,1.);
#7064 = DIRECTION('',(0.,1.,0.));
#7065 = ORIENTED_EDGE('',*,*,#7066,.T.);
#7066 = EDGE_CURVE('',#7059,#7067,#7069,.T.);
#7067 = VERTEX_POINT('',#7068);
#7068 = CARTESIAN_POINT('',(138.966691,-93.830025,1.485));
#7069 = LINE('',#7070,#7071);
#7070 = CARTESIAN_POINT('',(138.990042,-93.876726,1.485));
#7071 = VECTOR('',#7072,1.);
#7072 = DIRECTION('',(-0.447221256333,0.894423360542,0.));
#7073 = ORIENTED_EDGE('',*,*,#7074,.T.);
#7074 = EDGE_CURVE('',#7067,#7075,#7077,.T.);
#7075 = VERTEX_POINT('',#7076);
#7076 = CARTESIAN_POINT('',(138.919992,-93.806676,1.485));
#7077 = LINE('',#7078,#7079);
#7078 = CARTESIAN_POINT('',(138.966691,-93.830025,1.485));
#7079 = VECTOR('',#7080,1.);
#7080 = DIRECTION('',(-0.894431021589,0.44720593424,0.));
#7081 = ORIENTED_EDGE('',*,*,#7082,.T.);
#7082 = EDGE_CURVE('',#7075,#7083,#7085,.T.);
#7083 = VERTEX_POINT('',#7084);
#7084 = CARTESIAN_POINT('',(138.83512,-93.806676,1.485));
#7085 = LINE('',#7086,#7087);
#7086 = CARTESIAN_POINT('',(138.919992,-93.806676,1.485));
#7087 = VECTOR('',#7088,1.);
#7088 = DIRECTION('',(-1.,0.,0.));
#7089 = ORIENTED_EDGE('',*,*,#7090,.T.);
#7090 = EDGE_CURVE('',#7083,#7091,#7093,.T.);
#7091 = VERTEX_POINT('',#7092);
#7092 = CARTESIAN_POINT('',(138.780647,-93.833912,1.485));
#7093 = LINE('',#7094,#7095);
#7094 = CARTESIAN_POINT('',(138.83512,-93.806676,1.485));
#7095 = VECTOR('',#7096,1.);
#7096 = DIRECTION('',(-0.894430474916,-0.447207027607,0.));
#7097 = ORIENTED_EDGE('',*,*,#7098,.T.);
#7098 = EDGE_CURVE('',#7091,#7099,#7101,.T.);
#7099 = VERTEX_POINT('',#7100);
#7100 = CARTESIAN_POINT('',(138.76507,-93.84949,1.485));
#7101 = LINE('',#7102,#7103);
#7102 = CARTESIAN_POINT('',(138.780647,-93.833912,1.485));
#7103 = VECTOR('',#7104,1.);
#7104 = DIRECTION('',(-0.707084084408,-0.707129477237,0.));
#7105 = ORIENTED_EDGE('',*,*,#7106,.T.);
#7106 = EDGE_CURVE('',#7099,#7107,#7109,.T.);
#7107 = VERTEX_POINT('',#7108);
#7108 = CARTESIAN_POINT('',(138.76507,-94.263876,1.485));
#7109 = LINE('',#7110,#7111);
#7110 = CARTESIAN_POINT('',(138.76507,-93.84949,1.485));
#7111 = VECTOR('',#7112,1.);
#7112 = DIRECTION('',(0.,-1.,0.));
#7113 = ORIENTED_EDGE('',*,*,#7114,.T.);
#7114 = EDGE_CURVE('',#7107,#7115,#7117,.T.);
#7115 = VERTEX_POINT('',#7116);
#7116 = CARTESIAN_POINT('',(138.66347,-94.263876,1.485));
#7117 = CIRCLE('',#7118,5.080000000045E-02);
#7118 = AXIS2_PLACEMENT_3D('',#7119,#7120,#7121);
#7119 = CARTESIAN_POINT('',(138.71427,-94.26387578787,1.485));
#7120 = DIRECTION('',(-0.,0.,-1.));
#7121 = DIRECTION('',(0.999999999991,-4.175620759011E-06,-0.));
#7122 = ORIENTED_EDGE('',*,*,#7123,.T.);
#7123 = EDGE_CURVE('',#7115,#6975,#7124,.T.);
#7124 = LINE('',#7125,#7126);
#7125 = CARTESIAN_POINT('',(138.66347,-94.263876,1.485));
#7126 = VECTOR('',#7127,1.);
#7127 = DIRECTION('',(0.,1.,0.));
#7128 = PLANE('',#7129);
#7129 = AXIS2_PLACEMENT_3D('',#7130,#7131,#7132);
#7130 = CARTESIAN_POINT('',(0.,0.,1.485));
#7131 = DIRECTION('',(0.,0.,1.));
#7132 = DIRECTION('',(1.,0.,-0.));
#7133 = SHELL_BASED_SURFACE_MODEL('',(#7134));
#7134 = OPEN_SHELL('',(#7135));
#7135 = ADVANCED_FACE('',(#7136),#7246,.T.);
#7136 = FACE_BOUND('',#7137,.F.);
#7137 = EDGE_LOOP('',(#7138,#7149,#7157,#7165,#7174,#7182,#7190,#7199,
    #7207,#7215,#7224,#7232,#7240));
#7138 = ORIENTED_EDGE('',*,*,#7139,.T.);
#7139 = EDGE_CURVE('',#7140,#7142,#7144,.T.);
#7140 = VERTEX_POINT('',#7141);
#7141 = CARTESIAN_POINT('',(152.871623,-93.663865,1.485));
#7142 = VERTEX_POINT('',#7143);
#7143 = CARTESIAN_POINT('',(152.969356,-93.683305,1.485));
#7144 = CIRCLE('',#7145,5.079993118248E-02);
#7145 = AXIS2_PLACEMENT_3D('',#7146,#7147,#7148);
#7146 = CARTESIAN_POINT('',(152.91855606881,-93.68330516613,1.485));
#7147 = DIRECTION('',(0.,0.,-1.));
#7148 = DIRECTION('',(-0.923880558995,0.382680954204,0.));
#7149 = ORIENTED_EDGE('',*,*,#7150,.T.);
#7150 = EDGE_CURVE('',#7142,#7151,#7153,.T.);
#7151 = VERTEX_POINT('',#7152);
#7152 = CARTESIAN_POINT('',(152.969356,-93.922791,1.485));
#7153 = LINE('',#7154,#7155);
#7154 = CARTESIAN_POINT('',(152.969356,-93.683305,1.485));
#7155 = VECTOR('',#7156,1.);
#7156 = DIRECTION('',(0.,-1.,0.));
#7157 = ORIENTED_EDGE('',*,*,#7158,.T.);
#7158 = EDGE_CURVE('',#7151,#7159,#7161,.T.);
#7159 = VERTEX_POINT('',#7160);
#7160 = CARTESIAN_POINT('',(153.208842,-93.922791,1.485));
#7161 = LINE('',#7162,#7163);
#7162 = CARTESIAN_POINT('',(152.969356,-93.922791,1.485));
#7163 = VECTOR('',#7164,1.);
#7164 = DIRECTION('',(1.,0.,0.));
#7165 = ORIENTED_EDGE('',*,*,#7166,.T.);
#7166 = EDGE_CURVE('',#7159,#7167,#7169,.T.);
#7167 = VERTEX_POINT('',#7168);
#7168 = CARTESIAN_POINT('',(153.208842,-94.024391,1.485));
#7169 = CIRCLE('',#7170,5.080000000045E-02);
#7170 = AXIS2_PLACEMENT_3D('',#7171,#7172,#7173);
#7171 = CARTESIAN_POINT('',(153.20884178787,-93.973591,1.485));
#7172 = DIRECTION('',(0.,0.,-1.));
#7173 = DIRECTION('',(4.175621318494E-06,0.999999999991,0.));
#7174 = ORIENTED_EDGE('',*,*,#7175,.T.);
#7175 = EDGE_CURVE('',#7167,#7176,#7178,.T.);
#7176 = VERTEX_POINT('',#7177);
#7177 = CARTESIAN_POINT('',(152.969356,-94.024391,1.485));
#7178 = LINE('',#7179,#7180);
#7179 = CARTESIAN_POINT('',(153.208842,-94.024391,1.485));
#7180 = VECTOR('',#7181,1.);
#7181 = DIRECTION('',(-1.,0.,0.));
#7182 = ORIENTED_EDGE('',*,*,#7183,.T.);
#7183 = EDGE_CURVE('',#7176,#7184,#7186,.T.);
#7184 = VERTEX_POINT('',#7185);
#7185 = CARTESIAN_POINT('',(152.969356,-94.263876,1.485));
#7186 = LINE('',#7187,#7188);
#7187 = CARTESIAN_POINT('',(152.969356,-94.024391,1.485));
#7188 = VECTOR('',#7189,1.);
#7189 = DIRECTION('',(0.,-1.,0.));
#7190 = ORIENTED_EDGE('',*,*,#7191,.T.);
#7191 = EDGE_CURVE('',#7184,#7192,#7194,.T.);
#7192 = VERTEX_POINT('',#7193);
#7193 = CARTESIAN_POINT('',(152.867756,-94.263876,1.485));
#7194 = CIRCLE('',#7195,5.080000000044E-02);
#7195 = AXIS2_PLACEMENT_3D('',#7196,#7197,#7198);
#7196 = CARTESIAN_POINT('',(152.918556,-94.26387578787,1.485));
#7197 = DIRECTION('',(-0.,0.,-1.));
#7198 = DIRECTION('',(0.999999999991,-4.175620759011E-06,-0.));
#7199 = ORIENTED_EDGE('',*,*,#7200,.T.);
#7200 = EDGE_CURVE('',#7192,#7201,#7203,.T.);
#7201 = VERTEX_POINT('',#7202);
#7202 = CARTESIAN_POINT('',(152.867756,-94.024391,1.485));
#7203 = LINE('',#7204,#7205);
#7204 = CARTESIAN_POINT('',(152.867756,-94.263876,1.485));
#7205 = VECTOR('',#7206,1.);
#7206 = DIRECTION('',(0.,1.,0.));
#7207 = ORIENTED_EDGE('',*,*,#7208,.T.);
#7208 = EDGE_CURVE('',#7201,#7209,#7211,.T.);
#7209 = VERTEX_POINT('',#7210);
#7210 = CARTESIAN_POINT('',(152.62827,-94.024391,1.485));
#7211 = LINE('',#7212,#7213);
#7212 = CARTESIAN_POINT('',(152.867756,-94.024391,1.485));
#7213 = VECTOR('',#7214,1.);
#7214 = DIRECTION('',(-1.,0.,0.));
#7215 = ORIENTED_EDGE('',*,*,#7216,.T.);
#7216 = EDGE_CURVE('',#7209,#7217,#7219,.T.);
#7217 = VERTEX_POINT('',#7218);
#7218 = CARTESIAN_POINT('',(152.62827,-93.922791,1.485));
#7219 = CIRCLE('',#7220,5.080000000045E-02);
#7220 = AXIS2_PLACEMENT_3D('',#7221,#7222,#7223);
#7221 = CARTESIAN_POINT('',(152.62827021212,-93.973591,1.485));
#7222 = DIRECTION('',(0.,0.,-1.));
#7223 = DIRECTION('',(-4.175621318494E-06,-0.999999999991,-0.));
#7224 = ORIENTED_EDGE('',*,*,#7225,.T.);
#7225 = EDGE_CURVE('',#7217,#7226,#7228,.T.);
#7226 = VERTEX_POINT('',#7227);
#7227 = CARTESIAN_POINT('',(152.867756,-93.922791,1.485));
#7228 = LINE('',#7229,#7230);
#7229 = CARTESIAN_POINT('',(152.62827,-93.922791,1.485));
#7230 = VECTOR('',#7231,1.);
#7231 = DIRECTION('',(1.,0.,0.));
#7232 = ORIENTED_EDGE('',*,*,#7233,.T.);
#7233 = EDGE_CURVE('',#7226,#7234,#7236,.T.);
#7234 = VERTEX_POINT('',#7235);
#7235 = CARTESIAN_POINT('',(152.867756,-93.683305,1.485));
#7236 = LINE('',#7237,#7238);
#7237 = CARTESIAN_POINT('',(152.867756,-93.922791,1.485));
#7238 = VECTOR('',#7239,1.);
#7239 = DIRECTION('',(0.,1.,0.));
#7240 = ORIENTED_EDGE('',*,*,#7241,.T.);
#7241 = EDGE_CURVE('',#7234,#7140,#7242,.T.);
#7242 = LINE('',#7243,#7244);
#7243 = CARTESIAN_POINT('',(152.867756,-93.683305,1.485));
#7244 = VECTOR('',#7245,1.);
#7245 = DIRECTION('',(0.195097290093,0.980783894341,0.));
#7246 = PLANE('',#7247);
#7247 = AXIS2_PLACEMENT_3D('',#7248,#7249,#7250);
#7248 = CARTESIAN_POINT('',(0.,0.,1.485));
#7249 = DIRECTION('',(0.,0.,1.));
#7250 = DIRECTION('',(1.,0.,-0.));
#7251 = SHELL_BASED_SURFACE_MODEL('',(#7252));
#7252 = OPEN_SHELL('',(#7253));
#7253 = ADVANCED_FACE('',(#7254),#7290,.T.);
#7254 = FACE_BOUND('',#7255,.F.);
#7255 = EDGE_LOOP('',(#7256,#7267,#7275,#7284));
#7256 = ORIENTED_EDGE('',*,*,#7257,.T.);
#7257 = EDGE_CURVE('',#7258,#7260,#7262,.T.);
#7258 = VERTEX_POINT('',#7259);
#7259 = CARTESIAN_POINT('',(147.49827,-94.024391,1.485));
#7260 = VERTEX_POINT('',#7261);
#7261 = CARTESIAN_POINT('',(147.49827,-93.922791,1.485));
#7262 = CIRCLE('',#7263,5.080000000045E-02);
#7263 = AXIS2_PLACEMENT_3D('',#7264,#7265,#7266);
#7264 = CARTESIAN_POINT('',(147.49827021212,-93.973591,1.485));
#7265 = DIRECTION('',(0.,0.,-1.));
#7266 = DIRECTION('',(-4.175621318494E-06,-0.999999999991,-0.));
#7267 = ORIENTED_EDGE('',*,*,#7268,.T.);
#7268 = EDGE_CURVE('',#7260,#7269,#7271,.T.);
#7269 = VERTEX_POINT('',#7270);
#7270 = CARTESIAN_POINT('',(148.078842,-93.922791,1.485));
#7271 = LINE('',#7272,#7273);
#7272 = CARTESIAN_POINT('',(147.49827,-93.922791,1.485));
#7273 = VECTOR('',#7274,1.);
#7274 = DIRECTION('',(1.,0.,0.));
#7275 = ORIENTED_EDGE('',*,*,#7276,.T.);
#7276 = EDGE_CURVE('',#7269,#7277,#7279,.T.);
#7277 = VERTEX_POINT('',#7278);
#7278 = CARTESIAN_POINT('',(148.078842,-94.024391,1.485));
#7279 = CIRCLE('',#7280,5.080000000045E-02);
#7280 = AXIS2_PLACEMENT_3D('',#7281,#7282,#7283);
#7281 = CARTESIAN_POINT('',(148.07884178787,-93.973591,1.485));
#7282 = DIRECTION('',(0.,0.,-1.));
#7283 = DIRECTION('',(4.175621318494E-06,0.999999999991,0.));
#7284 = ORIENTED_EDGE('',*,*,#7285,.T.);
#7285 = EDGE_CURVE('',#7277,#7258,#7286,.T.);
#7286 = LINE('',#7287,#7288);
#7287 = CARTESIAN_POINT('',(148.078842,-94.024391,1.485));
#7288 = VECTOR('',#7289,1.);
#7289 = DIRECTION('',(-1.,0.,0.));
#7290 = PLANE('',#7291);
#7291 = AXIS2_PLACEMENT_3D('',#7292,#7293,#7294);
#7292 = CARTESIAN_POINT('',(0.,0.,1.485));
#7293 = DIRECTION('',(0.,0.,1.));
#7294 = DIRECTION('',(1.,0.,-0.));
#7295 = SHELL_BASED_SURFACE_MODEL('',(#7296));
#7296 = OPEN_SHELL('',(#7297));
#7297 = ADVANCED_FACE('',(#7298),#7381,.T.);
#7298 = FACE_BOUND('',#7299,.F.);
#7299 = EDGE_LOOP('',(#7300,#7311,#7319,#7327,#7335,#7343,#7351,#7359,
    #7367,#7375));
#7300 = ORIENTED_EDGE('',*,*,#7301,.T.);
#7301 = EDGE_CURVE('',#7302,#7304,#7306,.T.);
#7302 = VERTEX_POINT('',#7303);
#7303 = CARTESIAN_POINT('',(138.315492,-93.465955,1.485));
#7304 = VERTEX_POINT('',#7305);
#7305 = CARTESIAN_POINT('',(138.387334,-93.465955,1.485));
#7306 = CIRCLE('',#7307,5.080049169356E-02);
#7307 = AXIS2_PLACEMENT_3D('',#7308,#7309,#7310);
#7308 = CARTESIAN_POINT('',(138.351413,-93.50187674432,1.485));
#7309 = DIRECTION('',(0.,0.,-1.));
#7310 = DIRECTION('',(-0.707099455192,0.707114107105,0.));
#7311 = ORIENTED_EDGE('',*,*,#7312,.T.);
#7312 = EDGE_CURVE('',#7304,#7313,#7315,.T.);
#7313 = VERTEX_POINT('',#7314);
#7314 = CARTESIAN_POINT('',(138.434632,-93.518722,1.485));
#7315 = LINE('',#7316,#7317);
#7316 = CARTESIAN_POINT('',(138.387334,-93.465955,1.485));
#7317 = VECTOR('',#7318,1.);
#7318 = DIRECTION('',(0.667464080084,-0.744641995725,0.));
#7319 = ORIENTED_EDGE('',*,*,#7320,.T.);
#7320 = EDGE_CURVE('',#7313,#7321,#7323,.T.);
#7321 = VERTEX_POINT('',#7322);
#7322 = CARTESIAN_POINT('',(138.434632,-93.557603,1.485));
#7323 = LINE('',#7324,#7325);
#7324 = CARTESIAN_POINT('',(138.434632,-93.518722,1.485));
#7325 = VECTOR('',#7326,1.);
#7326 = DIRECTION('',(0.,-1.,0.));
#7327 = ORIENTED_EDGE('',*,*,#7328,.T.);
#7328 = EDGE_CURVE('',#7321,#7329,#7331,.T.);
#7329 = VERTEX_POINT('',#7330);
#7330 = CARTESIAN_POINT('',(138.387334,-93.610369,1.485));
#7331 = LINE('',#7332,#7333);
#7332 = CARTESIAN_POINT('',(138.434632,-93.557603,1.485));
#7333 = VECTOR('',#7334,1.);
#7334 = DIRECTION('',(-0.667471094044,-0.744635708663,0.));
#7335 = ORIENTED_EDGE('',*,*,#7336,.T.);
#7336 = EDGE_CURVE('',#7329,#7337,#7339,.T.);
#7337 = VERTEX_POINT('',#7338);
#7338 = CARTESIAN_POINT('',(138.370853,-93.621381,1.485));
#7339 = LINE('',#7340,#7341);
#7340 = CARTESIAN_POINT('',(138.387334,-93.610369,1.485));
#7341 = VECTOR('',#7342,1.);
#7342 = DIRECTION('',(-0.831475488211,-0.555561439001,0.));
#7343 = ORIENTED_EDGE('',*,*,#7344,.T.);
#7344 = EDGE_CURVE('',#7337,#7345,#7347,.T.);
#7345 = VERTEX_POINT('',#7346);
#7346 = CARTESIAN_POINT('',(138.331972,-93.621381,1.485));
#7347 = LINE('',#7348,#7349);
#7348 = CARTESIAN_POINT('',(138.370853,-93.621381,1.485));
#7349 = VECTOR('',#7350,1.);
#7350 = DIRECTION('',(-1.,0.,0.));
#7351 = ORIENTED_EDGE('',*,*,#7352,.T.);
#7352 = EDGE_CURVE('',#7345,#7353,#7355,.T.);
#7353 = VERTEX_POINT('',#7354);
#7354 = CARTESIAN_POINT('',(138.279206,-93.574083,1.485));
#7355 = LINE('',#7356,#7357);
#7356 = CARTESIAN_POINT('',(138.331972,-93.621381,1.485));
#7357 = VECTOR('',#7358,1.);
#7358 = DIRECTION('',(-0.744635708663,0.667471094044,0.));
#7359 = ORIENTED_EDGE('',*,*,#7360,.T.);
#7360 = EDGE_CURVE('',#7353,#7361,#7363,.T.);
#7361 = VERTEX_POINT('',#7362);
#7362 = CARTESIAN_POINT('',(138.268194,-93.557602,1.485));
#7363 = LINE('',#7364,#7365);
#7364 = CARTESIAN_POINT('',(138.279206,-93.574083,1.485));
#7365 = VECTOR('',#7366,1.);
#7366 = DIRECTION('',(-0.555561439001,0.831475488211,0.));
#7367 = ORIENTED_EDGE('',*,*,#7368,.T.);
#7368 = EDGE_CURVE('',#7361,#7369,#7371,.T.);
#7369 = VERTEX_POINT('',#7370);
#7370 = CARTESIAN_POINT('',(138.268195,-93.518721,1.485));
#7371 = LINE('',#7372,#7373);
#7372 = CARTESIAN_POINT('',(138.268194,-93.557602,1.485));
#7373 = VECTOR('',#7374,1.);
#7374 = DIRECTION('',(2.571950302576E-05,0.999999999669,0.));
#7375 = ORIENTED_EDGE('',*,*,#7376,.T.);
#7376 = EDGE_CURVE('',#7369,#7302,#7377,.T.);
#7377 = LINE('',#7378,#7379);
#7378 = CARTESIAN_POINT('',(138.268195,-93.518721,1.485));
#7379 = VECTOR('',#7380,1.);
#7380 = DIRECTION('',(0.667463269059,0.744642722692,0.));
#7381 = PLANE('',#7382);
#7382 = AXIS2_PLACEMENT_3D('',#7383,#7384,#7385);
#7383 = CARTESIAN_POINT('',(0.,0.,1.485));
#7384 = DIRECTION('',(0.,0.,1.));
#7385 = DIRECTION('',(1.,0.,-0.));
#7386 = SHELL_BASED_SURFACE_MODEL('',(#7387));
#7387 = OPEN_SHELL('',(#7388));
#7388 = ADVANCED_FACE('',(#7389,#7459),#7493,.T.);
#7389 = FACE_BOUND('',#7390,.F.);
#7390 = EDGE_LOOP('',(#7391,#7402,#7410,#7419,#7427,#7436,#7444,#7453));
#7391 = ORIENTED_EDGE('',*,*,#7392,.T.);
#7392 = EDGE_CURVE('',#7393,#7395,#7397,.T.);
#7393 = VERTEX_POINT('',#7394);
#7394 = CARTESIAN_POINT('',(135.67567,-92.33747,1.485));
#7395 = VERTEX_POINT('',#7396);
#7396 = CARTESIAN_POINT('',(135.72567,-92.28747,1.485));
#7397 = CIRCLE('',#7398,5.000014378934E-02);
#7398 = AXIS2_PLACEMENT_3D('',#7399,#7400,#7401);
#7399 = CARTESIAN_POINT('',(135.72567014378,-92.33747014378,1.485));
#7400 = DIRECTION('',(0.,0.,-1.));
#7401 = DIRECTION('',(-0.999999999996,2.875774470716E-06,0.));
#7402 = ORIENTED_EDGE('',*,*,#7403,.T.);
#7403 = EDGE_CURVE('',#7395,#7404,#7406,.T.);
#7404 = VERTEX_POINT('',#7405);
#7405 = CARTESIAN_POINT('',(155.72567,-92.28747,1.485));
#7406 = LINE('',#7407,#7408);
#7407 = CARTESIAN_POINT('',(135.72567,-92.28747,1.485));
#7408 = VECTOR('',#7409,1.);
#7409 = DIRECTION('',(1.,0.,0.));
#7410 = ORIENTED_EDGE('',*,*,#7411,.T.);
#7411 = EDGE_CURVE('',#7404,#7412,#7414,.T.);
#7412 = VERTEX_POINT('',#7413);
#7413 = CARTESIAN_POINT('',(155.77567,-92.33747,1.485));
#7414 = CIRCLE('',#7415,5.000014378936E-02);
#7415 = AXIS2_PLACEMENT_3D('',#7416,#7417,#7418);
#7416 = CARTESIAN_POINT('',(155.72566985621,-92.33747014378,1.485));
#7417 = DIRECTION('',(0.,0.,-1.));
#7418 = DIRECTION('',(2.875775323364E-06,0.999999999996,0.));
#7419 = ORIENTED_EDGE('',*,*,#7420,.T.);
#7420 = EDGE_CURVE('',#7412,#7421,#7423,.T.);
#7421 = VERTEX_POINT('',#7422);
#7422 = CARTESIAN_POINT('',(155.77567,-102.63747,1.485));
#7423 = LINE('',#7424,#7425);
#7424 = CARTESIAN_POINT('',(155.77567,-92.33747,1.485));
#7425 = VECTOR('',#7426,1.);
#7426 = DIRECTION('',(0.,-1.,0.));
#7427 = ORIENTED_EDGE('',*,*,#7428,.T.);
#7428 = EDGE_CURVE('',#7421,#7429,#7431,.T.);
#7429 = VERTEX_POINT('',#7430);
#7430 = CARTESIAN_POINT('',(155.72567,-102.68747,1.485));
#7431 = CIRCLE('',#7432,5.000014378937E-02);
#7432 = AXIS2_PLACEMENT_3D('',#7433,#7434,#7435);
#7433 = CARTESIAN_POINT('',(155.72566985621,-102.6374698562,1.485));
#7434 = DIRECTION('',(0.,0.,-1.));
#7435 = DIRECTION('',(0.999999999996,-2.875774470714E-06,0.));
#7436 = ORIENTED_EDGE('',*,*,#7437,.T.);
#7437 = EDGE_CURVE('',#7429,#7438,#7440,.T.);
#7438 = VERTEX_POINT('',#7439);
#7439 = CARTESIAN_POINT('',(135.72567,-102.68747,1.485));
#7440 = LINE('',#7441,#7442);
#7441 = CARTESIAN_POINT('',(155.72567,-102.68747,1.485));
#7442 = VECTOR('',#7443,1.);
#7443 = DIRECTION('',(-1.,0.,0.));
#7444 = ORIENTED_EDGE('',*,*,#7445,.T.);
#7445 = EDGE_CURVE('',#7438,#7446,#7448,.T.);
#7446 = VERTEX_POINT('',#7447);
#7447 = CARTESIAN_POINT('',(135.67567,-102.63747,1.485));
#7448 = CIRCLE('',#7449,5.00001437894E-02);
#7449 = AXIS2_PLACEMENT_3D('',#7450,#7451,#7452);
#7450 = CARTESIAN_POINT('',(135.72567014378,-102.6374698562,1.485));
#7451 = DIRECTION('',(0.,0.,-1.));
#7452 = DIRECTION('',(-2.875775323361E-06,-0.999999999996,-0.));
#7453 = ORIENTED_EDGE('',*,*,#7454,.T.);
#7454 = EDGE_CURVE('',#7446,#7393,#7455,.T.);
#7455 = LINE('',#7456,#7457);
#7456 = CARTESIAN_POINT('',(135.67567,-102.63747,1.485));
#7457 = VECTOR('',#7458,1.);
#7458 = DIRECTION('',(0.,1.,0.));
#7459 = FACE_BOUND('',#7460,.F.);
#7460 = EDGE_LOOP('',(#7461,#7471,#7479,#7487));
#7461 = ORIENTED_EDGE('',*,*,#7462,.T.);
#7462 = EDGE_CURVE('',#7463,#7465,#7467,.T.);
#7463 = VERTEX_POINT('',#7464);
#7464 = CARTESIAN_POINT('',(155.67567,-102.58747,1.485));
#7465 = VERTEX_POINT('',#7466);
#7466 = CARTESIAN_POINT('',(155.67567,-92.38747,1.485));
#7467 = LINE('',#7468,#7469);
#7468 = CARTESIAN_POINT('',(155.67567,-102.58747,1.485));
#7469 = VECTOR('',#7470,1.);
#7470 = DIRECTION('',(0.,1.,0.));
#7471 = ORIENTED_EDGE('',*,*,#7472,.T.);
#7472 = EDGE_CURVE('',#7465,#7473,#7475,.T.);
#7473 = VERTEX_POINT('',#7474);
#7474 = CARTESIAN_POINT('',(135.77567,-92.38747,1.485));
#7475 = LINE('',#7476,#7477);
#7476 = CARTESIAN_POINT('',(155.67567,-92.38747,1.485));
#7477 = VECTOR('',#7478,1.);
#7478 = DIRECTION('',(-1.,0.,0.));
#7479 = ORIENTED_EDGE('',*,*,#7480,.T.);
#7480 = EDGE_CURVE('',#7473,#7481,#7483,.T.);
#7481 = VERTEX_POINT('',#7482);
#7482 = CARTESIAN_POINT('',(135.77567,-102.58747,1.485));
#7483 = LINE('',#7484,#7485);
#7484 = CARTESIAN_POINT('',(135.77567,-92.38747,1.485));
#7485 = VECTOR('',#7486,1.);
#7486 = DIRECTION('',(0.,-1.,0.));
#7487 = ORIENTED_EDGE('',*,*,#7488,.T.);
#7488 = EDGE_CURVE('',#7481,#7463,#7489,.T.);
#7489 = LINE('',#7490,#7491);
#7490 = CARTESIAN_POINT('',(135.77567,-102.58747,1.485));
#7491 = VECTOR('',#7492,1.);
#7492 = DIRECTION('',(1.,0.,0.));
#7493 = PLANE('',#7494);
#7494 = AXIS2_PLACEMENT_3D('',#7495,#7496,#7497);
#7495 = CARTESIAN_POINT('',(0.,0.,1.485));
#7496 = DIRECTION('',(0.,0.,1.));
#7497 = DIRECTION('',(1.,0.,-0.));
#7498 = SHELL_BASED_SURFACE_MODEL('',(#7499));
#7499 = OPEN_SHELL('',(#7500));
#7500 = ADVANCED_FACE('',(#7501),#7545,.T.);
#7501 = FACE_BOUND('',#7502,.F.);
#7502 = EDGE_LOOP('',(#7503,#7514,#7522,#7531,#7539));
#7503 = ORIENTED_EDGE('',*,*,#7504,.T.);
#7504 = EDGE_CURVE('',#7505,#7507,#7509,.T.);
#7505 = VERTEX_POINT('',#7506);
#7506 = CARTESIAN_POINT('',(130.484567,-95.590787,1.485));
#7507 = VERTEX_POINT('',#7508);
#7508 = CARTESIAN_POINT('',(130.6,-95.613748,1.485));
#7509 = CIRCLE('',#7510,6.000007318647E-02);
#7510 = AXIS2_PLACEMENT_3D('',#7511,#7512,#7513);
#7511 = CARTESIAN_POINT('',(130.53999992681,-95.61374782331,1.485));
#7512 = DIRECTION('',(0.,0.,-1.));
#7513 = DIRECTION('',(-0.923880986637,0.382679921777,0.));
#7514 = ORIENTED_EDGE('',*,*,#7515,.T.);
#7515 = EDGE_CURVE('',#7507,#7516,#7518,.T.);
#7516 = VERTEX_POINT('',#7517);
#7517 = CARTESIAN_POINT('',(130.6,-98.386252,1.485));
#7518 = LINE('',#7519,#7520);
#7519 = CARTESIAN_POINT('',(130.6,-95.613748,1.485));
#7520 = VECTOR('',#7521,1.);
#7521 = DIRECTION('',(0.,-1.,0.));
#7522 = ORIENTED_EDGE('',*,*,#7523,.T.);
#7523 = EDGE_CURVE('',#7516,#7524,#7526,.T.);
#7524 = VERTEX_POINT('',#7525);
#7525 = CARTESIAN_POINT('',(130.48,-98.386252,1.485));
#7526 = CIRCLE('',#7527,6.000000000042E-02);
#7527 = AXIS2_PLACEMENT_3D('',#7528,#7529,#7530);
#7528 = CARTESIAN_POINT('',(130.54,-98.38625222558,1.485));
#7529 = DIRECTION('',(0.,0.,-1.));
#7530 = DIRECTION('',(0.999999999993,3.759794490531E-06,0.));
#7531 = ORIENTED_EDGE('',*,*,#7532,.T.);
#7532 = EDGE_CURVE('',#7524,#7533,#7535,.T.);
#7533 = VERTEX_POINT('',#7534);
#7534 = CARTESIAN_POINT('',(130.48,-95.613748,1.485));
#7535 = LINE('',#7536,#7537);
#7536 = CARTESIAN_POINT('',(130.48,-98.386252,1.485));
#7537 = VECTOR('',#7538,1.);
#7538 = DIRECTION('',(0.,1.,0.));
#7539 = ORIENTED_EDGE('',*,*,#7540,.T.);
#7540 = EDGE_CURVE('',#7533,#7505,#7541,.T.);
#7541 = LINE('',#7542,#7543);
#7542 = CARTESIAN_POINT('',(130.48,-95.613748,1.485));
#7543 = VECTOR('',#7544,1.);
#7544 = DIRECTION('',(0.195081000118,0.980787134598,0.));
#7545 = PLANE('',#7546);
#7546 = AXIS2_PLACEMENT_3D('',#7547,#7548,#7549);
#7547 = CARTESIAN_POINT('',(0.,0.,1.485));
#7548 = DIRECTION('',(0.,0.,1.));
#7549 = DIRECTION('',(1.,0.,-0.));
#7550 = SHELL_BASED_SURFACE_MODEL('',(#7551));
#7551 = OPEN_SHELL('',(#7552));
#7552 = ADVANCED_FACE('',(#7553),#7597,.T.);
#7553 = FACE_BOUND('',#7554,.F.);
#7554 = EDGE_LOOP('',(#7555,#7566,#7574,#7583,#7591));
#7555 = ORIENTED_EDGE('',*,*,#7556,.T.);
#7556 = EDGE_CURVE('',#7557,#7559,#7561,.T.);
#7557 = VERTEX_POINT('',#7558);
#7558 = CARTESIAN_POINT('',(133.904567,-95.590787,1.485));
#7559 = VERTEX_POINT('',#7560);
#7560 = CARTESIAN_POINT('',(134.02,-95.613748,1.485));
#7561 = CIRCLE('',#7562,6.000007318648E-02);
#7562 = AXIS2_PLACEMENT_3D('',#7563,#7564,#7565);
#7563 = CARTESIAN_POINT('',(133.95999992681,-95.61374782331,1.485));
#7564 = DIRECTION('',(0.,0.,-1.));
#7565 = DIRECTION('',(-0.923880986637,0.382679921777,0.));
#7566 = ORIENTED_EDGE('',*,*,#7567,.T.);
#7567 = EDGE_CURVE('',#7559,#7568,#7570,.T.);
#7568 = VERTEX_POINT('',#7569);
#7569 = CARTESIAN_POINT('',(134.02,-98.386252,1.485));
#7570 = LINE('',#7571,#7572);
#7571 = CARTESIAN_POINT('',(134.02,-95.613748,1.485));
#7572 = VECTOR('',#7573,1.);
#7573 = DIRECTION('',(0.,-1.,0.));
#7574 = ORIENTED_EDGE('',*,*,#7575,.T.);
#7575 = EDGE_CURVE('',#7568,#7576,#7578,.T.);
#7576 = VERTEX_POINT('',#7577);
#7577 = CARTESIAN_POINT('',(133.9,-98.386252,1.485));
#7578 = CIRCLE('',#7579,6.000000000042E-02);
#7579 = AXIS2_PLACEMENT_3D('',#7580,#7581,#7582);
#7580 = CARTESIAN_POINT('',(133.96,-98.38625222558,1.485));
#7581 = DIRECTION('',(0.,0.,-1.));
#7582 = DIRECTION('',(0.999999999993,3.759794253685E-06,0.));
#7583 = ORIENTED_EDGE('',*,*,#7584,.T.);
#7584 = EDGE_CURVE('',#7576,#7585,#7587,.T.);
#7585 = VERTEX_POINT('',#7586);
#7586 = CARTESIAN_POINT('',(133.9,-95.613748,1.485));
#7587 = LINE('',#7588,#7589);
#7588 = CARTESIAN_POINT('',(133.9,-98.386252,1.485));
#7589 = VECTOR('',#7590,1.);
#7590 = DIRECTION('',(0.,1.,0.));
#7591 = ORIENTED_EDGE('',*,*,#7592,.T.);
#7592 = EDGE_CURVE('',#7585,#7557,#7593,.T.);
#7593 = LINE('',#7594,#7595);
#7594 = CARTESIAN_POINT('',(133.9,-95.613748,1.485));
#7595 = VECTOR('',#7596,1.);
#7596 = DIRECTION('',(0.195081000117,0.980787134598,0.));
#7597 = PLANE('',#7598);
#7598 = AXIS2_PLACEMENT_3D('',#7599,#7600,#7601);
#7599 = CARTESIAN_POINT('',(0.,0.,1.485));
#7600 = DIRECTION('',(0.,0.,1.));
#7601 = DIRECTION('',(1.,0.,-0.));
#7602 = SHELL_BASED_SURFACE_MODEL('',(#7603));
#7603 = OPEN_SHELL('',(#7604));
#7604 = ADVANCED_FACE('',(#7605),#7682,.T.);
#7605 = FACE_BOUND('',#7606,.F.);
#7606 = EDGE_LOOP('',(#7607,#7618,#7626,#7635,#7643,#7652,#7660,#7668,
    #7676));
#7607 = ORIENTED_EDGE('',*,*,#7608,.T.);
#7608 = EDGE_CURVE('',#7609,#7611,#7613,.T.);
#7609 = VERTEX_POINT('',#7610);
#7610 = CARTESIAN_POINT('',(132.663151,-97.104306,1.485));
#7611 = VERTEX_POINT('',#7612);
#7612 = CARTESIAN_POINT('',(132.779819,-97.166666,1.485));
#7613 = CIRCLE('',#7614,7.500000000003E-02);
#7614 = AXIS2_PLACEMENT_3D('',#7615,#7616,#7617);
#7615 = CARTESIAN_POINT('',(132.704819,-97.16666606555,1.485));
#7616 = DIRECTION('',(0.,0.,-1.));
#7617 = DIRECTION('',(-0.555573333333,0.831467540731,0.));
#7618 = ORIENTED_EDGE('',*,*,#7619,.T.);
#7619 = EDGE_CURVE('',#7611,#7620,#7622,.T.);
#7620 = VERTEX_POINT('',#7621);
#7621 = CARTESIAN_POINT('',(132.778378,-97.657488,1.485));
#7622 = LINE('',#7623,#7624);
#7623 = CARTESIAN_POINT('',(132.779819,-97.166666,1.485));
#7624 = VECTOR('',#7625,1.);
#7625 = DIRECTION('',(-2.935878566407E-03,-0.999995690299,0.));
#7626 = ORIENTED_EDGE('',*,*,#7627,.T.);
#7627 = EDGE_CURVE('',#7620,#7628,#7630,.T.);
#7628 = VERTEX_POINT('',#7629);
#7629 = CARTESIAN_POINT('',(132.704819,-97.717856,1.485));
#7630 = CIRCLE('',#7631,7.500074938988E-02);
#7631 = AXIS2_PLACEMENT_3D('',#7632,#7633,#7634);
#7632 = CARTESIAN_POINT('',(132.70481853389,-97.64285525061,1.485));
#7633 = DIRECTION('',(0.,0.,-1.));
#7634 = DIRECTION('',(0.980783081614,-0.195101375752,0.));
#7635 = ORIENTED_EDGE('',*,*,#7636,.T.);
#7636 = EDGE_CURVE('',#7628,#7637,#7639,.T.);
#7637 = VERTEX_POINT('',#7638);
#7638 = CARTESIAN_POINT('',(131.690187,-97.716415,1.485));
#7639 = LINE('',#7640,#7641);
#7640 = CARTESIAN_POINT('',(132.704819,-97.717856,1.485));
#7641 = VECTOR('',#7642,1.);
#7642 = DIRECTION('',(-0.99999899149,1.420217918158E-03,0.));
#7643 = ORIENTED_EDGE('',*,*,#7644,.T.);
#7644 = EDGE_CURVE('',#7637,#7645,#7647,.T.);
#7645 = VERTEX_POINT('',#7646);
#7646 = CARTESIAN_POINT('',(131.704819,-97.567856,1.485));
#7647 = CIRCLE('',#7648,7.500006711463E-02);
#7648 = AXIS2_PLACEMENT_3D('',#7649,#7650,#7651);
#7649 = CARTESIAN_POINT('',(131.70481893288,-97.64285606711,1.485));
#7650 = DIRECTION('',(0.,0.,-1.));
#7651 = DIRECTION('',(-0.195092263891,-0.980784894138,-0.));
#7652 = ORIENTED_EDGE('',*,*,#7653,.T.);
#7653 = EDGE_CURVE('',#7645,#7654,#7656,.T.);
#7654 = VERTEX_POINT('',#7655);
#7655 = CARTESIAN_POINT('',(132.629819,-97.567856,1.485));
#7656 = LINE('',#7657,#7658);
#7657 = CARTESIAN_POINT('',(131.704819,-97.567856,1.485));
#7658 = VECTOR('',#7659,1.);
#7659 = DIRECTION('',(1.,0.,0.));
#7660 = ORIENTED_EDGE('',*,*,#7661,.T.);
#7661 = EDGE_CURVE('',#7654,#7662,#7664,.T.);
#7662 = VERTEX_POINT('',#7663);
#7663 = CARTESIAN_POINT('',(132.63126,-97.152034,1.485));
#7664 = LINE('',#7665,#7666);
#7665 = CARTESIAN_POINT('',(132.629819,-97.567856,1.485));
#7666 = VECTOR('',#7667,1.);
#7667 = DIRECTION('',(3.465404301528E-03,0.999993995468,0.));
#7668 = ORIENTED_EDGE('',*,*,#7669,.T.);
#7669 = EDGE_CURVE('',#7662,#7670,#7672,.T.);
#7670 = VERTEX_POINT('',#7671);
#7671 = CARTESIAN_POINT('',(132.642459,-97.124998,1.485));
#7672 = LINE('',#7673,#7674);
#7673 = CARTESIAN_POINT('',(132.63126,-97.152034,1.485));
#7674 = VECTOR('',#7675,1.);
#7675 = DIRECTION('',(0.38269282806,0.923875640631,0.));
#7676 = ORIENTED_EDGE('',*,*,#7677,.T.);
#7677 = EDGE_CURVE('',#7670,#7609,#7678,.T.);
#7678 = LINE('',#7679,#7680);
#7679 = CARTESIAN_POINT('',(132.642459,-97.124998,1.485));
#7680 = VECTOR('',#7681,1.);
#7681 = DIRECTION('',(0.707106781186,0.707106781187,0.));
#7682 = PLANE('',#7683);
#7683 = AXIS2_PLACEMENT_3D('',#7684,#7685,#7686);
#7684 = CARTESIAN_POINT('',(0.,0.,1.485));
#7685 = DIRECTION('',(0.,0.,1.));
#7686 = DIRECTION('',(1.,0.,-0.));
#7687 = SHELL_BASED_SURFACE_MODEL('',(#7688));
#7688 = OPEN_SHELL('',(#7689));
#7689 = ADVANCED_FACE('',(#7690),#7824,.T.);
#7690 = FACE_BOUND('',#7691,.F.);
#7691 = EDGE_LOOP('',(#7692,#7703,#7711,#7720,#7728,#7736,#7744,#7752,
    #7761,#7769,#7777,#7785,#7794,#7802,#7810,#7818));
#7692 = ORIENTED_EDGE('',*,*,#7693,.T.);
#7693 = EDGE_CURVE('',#7694,#7696,#7698,.T.);
#7694 = VERTEX_POINT('',#7695);
#7695 = CARTESIAN_POINT('',(132.663151,-96.247163,1.485));
#7696 = VERTEX_POINT('',#7697);
#7697 = CARTESIAN_POINT('',(132.779819,-96.309523,1.485));
#7698 = CIRCLE('',#7699,7.500000000004E-02);
#7699 = AXIS2_PLACEMENT_3D('',#7700,#7701,#7702);
#7700 = CARTESIAN_POINT('',(132.704819,-96.30952306555,1.485));
#7701 = DIRECTION('',(0.,0.,-1.));
#7702 = DIRECTION('',(-0.555573333333,0.831467540731,0.));
#7703 = ORIENTED_EDGE('',*,*,#7704,.T.);
#7704 = EDGE_CURVE('',#7696,#7705,#7707,.T.);
#7705 = VERTEX_POINT('',#7706);
#7706 = CARTESIAN_POINT('',(132.778378,-96.895583,1.485));
#7707 = LINE('',#7708,#7709);
#7708 = CARTESIAN_POINT('',(132.779819,-96.309523,1.485));
#7709 = VECTOR('',#7710,1.);
#7710 = DIRECTION('',(-2.45878518261E-03,-0.999996977183,0.));
#7711 = ORIENTED_EDGE('',*,*,#7712,.T.);
#7712 = EDGE_CURVE('',#7705,#7713,#7715,.T.);
#7713 = VERTEX_POINT('',#7714);
#7714 = CARTESIAN_POINT('',(132.629819,-96.880951,1.485));
#7715 = CIRCLE('',#7716,7.500006711464E-02);
#7716 = AXIS2_PLACEMENT_3D('',#7717,#7718,#7719);
#7717 = CARTESIAN_POINT('',(132.70481906711,-96.88095106711,1.485));
#7718 = DIRECTION('',(-0.,0.,-1.));
#7719 = DIRECTION('',(0.980784894138,-0.195092263891,-0.));
#7720 = ORIENTED_EDGE('',*,*,#7721,.T.);
#7721 = EDGE_CURVE('',#7713,#7722,#7724,.T.);
#7722 = VERTEX_POINT('',#7723);
#7723 = CARTESIAN_POINT('',(132.629819,-96.670237,1.485));
#7724 = LINE('',#7725,#7726);
#7725 = CARTESIAN_POINT('',(132.629819,-96.880951,1.485));
#7726 = VECTOR('',#7727,1.);
#7727 = DIRECTION('',(0.,1.,0.));
#7728 = ORIENTED_EDGE('',*,*,#7729,.T.);
#7729 = EDGE_CURVE('',#7722,#7730,#7732,.T.);
#7730 = VERTEX_POINT('',#7731);
#7731 = CARTESIAN_POINT('',(131.933504,-96.670237,1.485));
#7732 = LINE('',#7733,#7734);
#7733 = CARTESIAN_POINT('',(132.629819,-96.670237,1.485));
#7734 = VECTOR('',#7735,1.);
#7735 = DIRECTION('',(-1.,0.,0.));
#7736 = ORIENTED_EDGE('',*,*,#7737,.T.);
#7737 = EDGE_CURVE('',#7730,#7738,#7740,.T.);
#7738 = VERTEX_POINT('',#7739);
#7739 = CARTESIAN_POINT('',(132.006033,-96.745877,1.485));
#7740 = LINE('',#7741,#7742);
#7741 = CARTESIAN_POINT('',(131.933504,-96.670237,1.485));
#7742 = VECTOR('',#7743,1.);
#7743 = DIRECTION('',(0.692107619701,-0.72179432164,0.));
#7744 = ORIENTED_EDGE('',*,*,#7745,.T.);
#7745 = EDGE_CURVE('',#7738,#7746,#7748,.T.);
#7746 = VERTEX_POINT('',#7747);
#7747 = CARTESIAN_POINT('',(132.06287,-96.861141,1.485));
#7748 = LINE('',#7749,#7750);
#7749 = CARTESIAN_POINT('',(132.006033,-96.745877,1.485));
#7750 = VECTOR('',#7751,1.);
#7751 = DIRECTION('',(0.442257930733,-0.896887909777,0.));
#7752 = ORIENTED_EDGE('',*,*,#7753,.T.);
#7753 = EDGE_CURVE('',#7746,#7754,#7756,.T.);
#7754 = VERTEX_POINT('',#7755);
#7755 = CARTESIAN_POINT('',(131.923451,-96.914492,1.485));
#7756 = CIRCLE('',#7757,7.500029440469E-02);
#7757 = AXIS2_PLACEMENT_3D('',#7758,#7759,#7760);
#7758 = CARTESIAN_POINT('',(131.99053305397,-96.88095035132,1.485));
#7759 = DIRECTION('',(0.,0.,-1.));
#7760 = DIRECTION('',(0.964488827732,0.264123647522,0.));
#7761 = ORIENTED_EDGE('',*,*,#7762,.T.);
#7762 = EDGE_CURVE('',#7754,#7763,#7765,.T.);
#7763 = VERTEX_POINT('',#7764);
#7764 = CARTESIAN_POINT('',(131.881275,-96.83014,1.485));
#7765 = LINE('',#7766,#7767);
#7766 = CARTESIAN_POINT('',(131.923451,-96.914492,1.485));
#7767 = VECTOR('',#7768,1.);
#7768 = DIRECTION('',(-0.4472135955,0.894427191,0.));
#7769 = ORIENTED_EDGE('',*,*,#7770,.T.);
#7770 = EDGE_CURVE('',#7763,#7771,#7773,.T.);
#7771 = VERTEX_POINT('',#7772);
#7772 = CARTESIAN_POINT('',(131.799894,-96.748759,1.485));
#7773 = LINE('',#7774,#7775);
#7774 = CARTESIAN_POINT('',(131.881275,-96.83014,1.485));
#7775 = VECTOR('',#7776,1.);
#7776 = DIRECTION('',(-0.707106781187,0.707106781187,0.));
#7777 = ORIENTED_EDGE('',*,*,#7778,.T.);
#7778 = EDGE_CURVE('',#7771,#7779,#7781,.T.);
#7779 = VERTEX_POINT('',#7780);
#7780 = CARTESIAN_POINT('',(131.651841,-96.648325,1.485));
#7781 = LINE('',#7782,#7783);
#7782 = CARTESIAN_POINT('',(131.799894,-96.748759,1.485));
#7783 = VECTOR('',#7784,1.);
#7784 = DIRECTION('',(-0.827555069925,0.561384544,0.));
#7785 = ORIENTED_EDGE('',*,*,#7786,.T.);
#7786 = EDGE_CURVE('',#7779,#7787,#7789,.T.);
#7787 = VERTEX_POINT('',#7788);
#7788 = CARTESIAN_POINT('',(131.704819,-96.520237,1.485));
#7789 = CIRCLE('',#7790,7.499993751712E-02);
#7790 = AXIS2_PLACEMENT_3D('',#7791,#7792,#7793);
#7791 = CARTESIAN_POINT('',(131.70481880902,-96.59523693751,1.485));
#7792 = DIRECTION('',(0.,0.,-1.));
#7793 = DIRECTION('',(-0.706371375515,-0.707841422815,-0.));
#7794 = ORIENTED_EDGE('',*,*,#7795,.T.);
#7795 = EDGE_CURVE('',#7787,#7796,#7798,.T.);
#7796 = VERTEX_POINT('',#7797);
#7797 = CARTESIAN_POINT('',(132.629819,-96.520237,1.485));
#7798 = LINE('',#7799,#7800);
#7799 = CARTESIAN_POINT('',(131.704819,-96.520237,1.485));
#7800 = VECTOR('',#7801,1.);
#7801 = DIRECTION('',(1.,0.,0.));
#7802 = ORIENTED_EDGE('',*,*,#7803,.T.);
#7803 = EDGE_CURVE('',#7796,#7804,#7806,.T.);
#7804 = VERTEX_POINT('',#7805);
#7805 = CARTESIAN_POINT('',(132.63126,-96.294891,1.485));
#7806 = LINE('',#7807,#7808);
#7807 = CARTESIAN_POINT('',(132.629819,-96.520237,1.485));
#7808 = VECTOR('',#7809,1.);
#7809 = DIRECTION('',(6.394480216655E-03,0.999979555102,0.));
#7810 = ORIENTED_EDGE('',*,*,#7811,.T.);
#7811 = EDGE_CURVE('',#7804,#7812,#7814,.T.);
#7812 = VERTEX_POINT('',#7813);
#7813 = CARTESIAN_POINT('',(132.642459,-96.267855,1.485));
#7814 = LINE('',#7815,#7816);
#7815 = CARTESIAN_POINT('',(132.63126,-96.294891,1.485));
#7816 = VECTOR('',#7817,1.);
#7817 = DIRECTION('',(0.38269282806,0.923875640631,0.));
#7818 = ORIENTED_EDGE('',*,*,#7819,.T.);
#7819 = EDGE_CURVE('',#7812,#7694,#7820,.T.);
#7820 = LINE('',#7821,#7822);
#7821 = CARTESIAN_POINT('',(132.642459,-96.267855,1.485));
#7822 = VECTOR('',#7823,1.);
#7823 = DIRECTION('',(0.707106781187,0.707106781187,0.));
#7824 = PLANE('',#7825);
#7825 = AXIS2_PLACEMENT_3D('',#7826,#7827,#7828);
#7826 = CARTESIAN_POINT('',(0.,0.,1.485));
#7827 = DIRECTION('',(0.,0.,1.));
#7828 = DIRECTION('',(1.,0.,-0.));
#7829 = ( GEOMETRIC_REPRESENTATION_CONTEXT(3) 
GLOBAL_UNCERTAINTY_ASSIGNED_CONTEXT((#7833)) 
GLOBAL_UNIT_ASSIGNED_CONTEXT((#7830,#7831,#7832)) REPRESENTATION_CONTEXT
('Context #1','3D Context with UNIT and UNCERTAINTY') );
#7830 = ( LENGTH_UNIT() NAMED_UNIT(*) SI_UNIT(.MILLI.,.METRE.) );
#7831 = ( NAMED_UNIT(*) PLANE_ANGLE_UNIT() SI_UNIT($,.RADIAN.) );
#7832 = ( NAMED_UNIT(*) SI_UNIT($,.STERADIAN.) SOLID_ANGLE_UNIT() );
#7833 = UNCERTAINTY_MEASURE_WITH_UNIT(LENGTH_MEASURE(1.E-07),#7830,
  'distance_accuracy_value','confusion accuracy');
#7834 = CONTEXT_DEPENDENT_SHAPE_REPRESENTATION(#7835,#7837);
#7835 = ( REPRESENTATION_RELATIONSHIP('','',#5118,#10) 
REPRESENTATION_RELATIONSHIP_WITH_TRANSFORMATION(#7836) 
SHAPE_REPRESENTATION_RELATIONSHIP() );
#7836 = ITEM_DEFINED_TRANSFORMATION('','',#11,#31);
#7837 = PRODUCT_DEFINITION_SHAPE('Placement','Placement of an item',
  #7838);
#7838 = NEXT_ASSEMBLY_USAGE_OCCURRENCE('11','=>[0:1:1:6]','',#5,#5113,$
  );
#7839 = PRODUCT_RELATED_PRODUCT_CATEGORY('part',$,(#5115));
#7840 = SHAPE_DEFINITION_REPRESENTATION(#7841,#7847);
#7841 = PRODUCT_DEFINITION_SHAPE('','',#7842);
#7842 = PRODUCT_DEFINITION('design','',#7843,#7846);
#7843 = PRODUCT_DEFINITION_FORMATION('','',#7844);
#7844 = PRODUCT('DCDC_Adapter_soldermask','DCDC_Adapter_soldermask','',(
    #7845));
#7845 = PRODUCT_CONTEXT('',#2,'mechanical');
#7846 = PRODUCT_DEFINITION_CONTEXT('part definition',#2,'design');
#7847 = SHAPE_REPRESENTATION('',(#11,#7848,#8100),#8352);
#7848 = SHELL_BASED_SURFACE_MODEL('',(#7849));
#7849 = OPEN_SHELL('',(#7850));
#7850 = ADVANCED_FACE('',(#7851,#7985,#7996,#8007,#8018,#8029,#8040,
    #8051,#8062,#8073,#8084),#8095,.T.);
#7851 = FACE_BOUND('',#7852,.F.);
#7852 = EDGE_LOOP('',(#7853,#7864,#7872,#7880,#7888,#7897,#7905,#7913,
    #7921,#7930,#7938,#7946,#7954,#7963,#7971,#7979));
#7853 = ORIENTED_EDGE('',*,*,#7854,.T.);
#7854 = EDGE_CURVE('',#7855,#7857,#7859,.T.);
#7855 = VERTEX_POINT('',#7856);
#7856 = CARTESIAN_POINT('',(129.752407,-92.651746,1.46));
#7857 = VERTEX_POINT('',#7858);
#7858 = CARTESIAN_POINT('',(130.651746,-91.752407,1.46));
#7859 = CIRCLE('',#7860,1.00242103302);
#7860 = AXIS2_PLACEMENT_3D('',#7861,#7862,#7863);
#7861 = CARTESIAN_POINT('',(130.75000104269,-92.75000104269,1.46));
#7862 = DIRECTION('',(0.,0.,-1.));
#7863 = DIRECTION('',(-0.995184667756,9.801773851572E-02,0.));
#7864 = ORIENTED_EDGE('',*,*,#7865,.T.);
#7865 = EDGE_CURVE('',#7857,#7866,#7868,.T.);
#7866 = VERTEX_POINT('',#7867);
#7867 = CARTESIAN_POINT('',(130.75,-91.75,1.46));
#7868 = LINE('',#7869,#7870);
#7869 = CARTESIAN_POINT('',(130.651746,-91.752407,1.46));
#7870 = VECTOR('',#7871,1.);
#7871 = DIRECTION('',(0.999700065598,2.449038266025E-02,0.));
#7872 = ORIENTED_EDGE('',*,*,#7873,.T.);
#7873 = EDGE_CURVE('',#7866,#7874,#7876,.T.);
#7874 = VERTEX_POINT('',#7875);
#7875 = CARTESIAN_POINT('',(156.25,-91.75,1.46));
#7876 = LINE('',#7877,#7878);
#7877 = CARTESIAN_POINT('',(130.75,-91.75,1.46));
#7878 = VECTOR('',#7879,1.);
#7879 = DIRECTION('',(1.,0.,0.));
#7880 = ORIENTED_EDGE('',*,*,#7881,.T.);
#7881 = EDGE_CURVE('',#7874,#7882,#7884,.T.);
#7882 = VERTEX_POINT('',#7883);
#7883 = CARTESIAN_POINT('',(156.348254,-91.752407,1.46));
#7884 = LINE('',#7885,#7886);
#7885 = CARTESIAN_POINT('',(156.25,-91.75,1.46));
#7886 = VECTOR('',#7887,1.);
#7887 = DIRECTION('',(0.999700065598,-2.449038266025E-02,0.));
#7888 = ORIENTED_EDGE('',*,*,#7889,.T.);
#7889 = EDGE_CURVE('',#7882,#7890,#7892,.T.);
#7890 = VERTEX_POINT('',#7891);
#7891 = CARTESIAN_POINT('',(157.247593,-92.651746,1.46));
#7892 = CIRCLE('',#7893,1.00242103302);
#7893 = AXIS2_PLACEMENT_3D('',#7894,#7895,#7896);
#7894 = CARTESIAN_POINT('',(156.2499989573,-92.75000104269,1.46));
#7895 = DIRECTION('',(0.,0.,-1.));
#7896 = DIRECTION('',(9.80177385157E-02,0.995184667756,0.));
#7897 = ORIENTED_EDGE('',*,*,#7898,.T.);
#7898 = EDGE_CURVE('',#7890,#7899,#7901,.T.);
#7899 = VERTEX_POINT('',#7900);
#7900 = CARTESIAN_POINT('',(157.25,-92.75,1.46));
#7901 = LINE('',#7902,#7903);
#7902 = CARTESIAN_POINT('',(157.247593,-92.651746,1.46));
#7903 = VECTOR('',#7904,1.);
#7904 = DIRECTION('',(2.449038266025E-02,-0.999700065598,0.));
#7905 = ORIENTED_EDGE('',*,*,#7906,.T.);
#7906 = EDGE_CURVE('',#7899,#7907,#7909,.T.);
#7907 = VERTEX_POINT('',#7908);
#7908 = CARTESIAN_POINT('',(157.25,-102.25,1.46));
#7909 = LINE('',#7910,#7911);
#7910 = CARTESIAN_POINT('',(157.25,-92.75,1.46));
#7911 = VECTOR('',#7912,1.);
#7912 = DIRECTION('',(0.,-1.,0.));
#7913 = ORIENTED_EDGE('',*,*,#7914,.T.);
#7914 = EDGE_CURVE('',#7907,#7915,#7917,.T.);
#7915 = VERTEX_POINT('',#7916);
#7916 = CARTESIAN_POINT('',(157.247593,-102.348254,1.46));
#7917 = LINE('',#7918,#7919);
#7918 = CARTESIAN_POINT('',(157.25,-102.25,1.46));
#7919 = VECTOR('',#7920,1.);
#7920 = DIRECTION('',(-2.449038266025E-02,-0.999700065598,0.));
#7921 = ORIENTED_EDGE('',*,*,#7922,.T.);
#7922 = EDGE_CURVE('',#7915,#7923,#7925,.T.);
#7923 = VERTEX_POINT('',#7924);
#7924 = CARTESIAN_POINT('',(156.348254,-103.247593,1.46));
#7925 = CIRCLE('',#7926,1.00242103302);
#7926 = AXIS2_PLACEMENT_3D('',#7927,#7928,#7929);
#7927 = CARTESIAN_POINT('',(156.2499989573,-102.2499989573,1.46));
#7928 = DIRECTION('',(0.,0.,-1.));
#7929 = DIRECTION('',(0.995184667756,-9.801773851572E-02,0.));
#7930 = ORIENTED_EDGE('',*,*,#7931,.T.);
#7931 = EDGE_CURVE('',#7923,#7932,#7934,.T.);
#7932 = VERTEX_POINT('',#7933);
#7933 = CARTESIAN_POINT('',(156.25,-103.25,1.46));
#7934 = LINE('',#7935,#7936);
#7935 = CARTESIAN_POINT('',(156.348254,-103.247593,1.46));
#7936 = VECTOR('',#7937,1.);
#7937 = DIRECTION('',(-0.999700065598,-2.449038266025E-02,0.));
#7938 = ORIENTED_EDGE('',*,*,#7939,.T.);
#7939 = EDGE_CURVE('',#7932,#7940,#7942,.T.);
#7940 = VERTEX_POINT('',#7941);
#7941 = CARTESIAN_POINT('',(130.75,-103.25,1.46));
#7942 = LINE('',#7943,#7944);
#7943 = CARTESIAN_POINT('',(156.25,-103.25,1.46));
#7944 = VECTOR('',#7945,1.);
#7945 = DIRECTION('',(-1.,0.,0.));
#7946 = ORIENTED_EDGE('',*,*,#7947,.T.);
#7947 = EDGE_CURVE('',#7940,#7948,#7950,.T.);
#7948 = VERTEX_POINT('',#7949);
#7949 = CARTESIAN_POINT('',(130.651746,-103.247593,1.46));
#7950 = LINE('',#7951,#7952);
#7951 = CARTESIAN_POINT('',(130.75,-103.25,1.46));
#7952 = VECTOR('',#7953,1.);
#7953 = DIRECTION('',(-0.999700065598,2.449038266025E-02,0.));
#7954 = ORIENTED_EDGE('',*,*,#7955,.T.);
#7955 = EDGE_CURVE('',#7948,#7956,#7958,.T.);
#7956 = VERTEX_POINT('',#7957);
#7957 = CARTESIAN_POINT('',(129.752407,-102.348254,1.46));
#7958 = CIRCLE('',#7959,1.00242103302);
#7959 = AXIS2_PLACEMENT_3D('',#7960,#7961,#7962);
#7960 = CARTESIAN_POINT('',(130.75000104269,-102.2499989573,1.46));
#7961 = DIRECTION('',(0.,0.,-1.));
#7962 = DIRECTION('',(-9.80177385157E-02,-0.995184667756,-0.));
#7963 = ORIENTED_EDGE('',*,*,#7964,.T.);
#7964 = EDGE_CURVE('',#7956,#7965,#7967,.T.);
#7965 = VERTEX_POINT('',#7966);
#7966 = CARTESIAN_POINT('',(129.75,-102.25,1.46));
#7967 = LINE('',#7968,#7969);
#7968 = CARTESIAN_POINT('',(129.752407,-102.348254,1.46));
#7969 = VECTOR('',#7970,1.);
#7970 = DIRECTION('',(-2.449038266025E-02,0.999700065598,0.));
#7971 = ORIENTED_EDGE('',*,*,#7972,.T.);
#7972 = EDGE_CURVE('',#7965,#7973,#7975,.T.);
#7973 = VERTEX_POINT('',#7974);
#7974 = CARTESIAN_POINT('',(129.75,-92.75,1.46));
#7975 = LINE('',#7976,#7977);
#7976 = CARTESIAN_POINT('',(129.75,-102.25,1.46));
#7977 = VECTOR('',#7978,1.);
#7978 = DIRECTION('',(0.,1.,0.));
#7979 = ORIENTED_EDGE('',*,*,#7980,.T.);
#7980 = EDGE_CURVE('',#7973,#7855,#7981,.T.);
#7981 = LINE('',#7982,#7983);
#7982 = CARTESIAN_POINT('',(129.75,-92.75,1.46));
#7983 = VECTOR('',#7984,1.);
#7984 = DIRECTION('',(2.449038266025E-02,0.999700065598,0.));
#7985 = FACE_BOUND('',#7986,.F.);
#7986 = EDGE_LOOP('',(#7987));
#7987 = ORIENTED_EDGE('',*,*,#7988,.T.);
#7988 = EDGE_CURVE('',#7989,#7989,#7991,.T.);
#7989 = VERTEX_POINT('',#7990);
#7990 = CARTESIAN_POINT('',(136.097392,-99.,1.46));
#7991 = CIRCLE('',#7992,0.487392);
#7992 = AXIS2_PLACEMENT_3D('',#7993,#7994,#7995);
#7993 = CARTESIAN_POINT('',(135.61,-99.,1.46));
#7994 = DIRECTION('',(0.,0.,1.));
#7995 = DIRECTION('',(1.,0.,-0.));
#7996 = FACE_BOUND('',#7997,.F.);
#7997 = EDGE_LOOP('',(#7998));
#7998 = ORIENTED_EDGE('',*,*,#7999,.T.);
#7999 = EDGE_CURVE('',#8000,#8000,#8002,.T.);
#8000 = VERTEX_POINT('',#8001);
#8001 = CARTESIAN_POINT('',(138.637392,-99.,1.46));
#8002 = CIRCLE('',#8003,0.487392);
#8003 = AXIS2_PLACEMENT_3D('',#8004,#8005,#8006);
#8004 = CARTESIAN_POINT('',(138.15,-99.,1.46));
#8005 = DIRECTION('',(0.,0.,1.));
#8006 = DIRECTION('',(1.,0.,-0.));
#8007 = FACE_BOUND('',#8008,.F.);
#8008 = EDGE_LOOP('',(#8009));
#8009 = ORIENTED_EDGE('',*,*,#8010,.T.);
#8010 = EDGE_CURVE('',#8011,#8011,#8013,.T.);
#8011 = VERTEX_POINT('',#8012);
#8012 = CARTESIAN_POINT('',(148.797392,-99.,1.46));
#8013 = CIRCLE('',#8014,0.487392);
#8014 = AXIS2_PLACEMENT_3D('',#8015,#8016,#8017);
#8015 = CARTESIAN_POINT('',(148.31,-99.,1.46));
#8016 = DIRECTION('',(0.,0.,1.));
#8017 = DIRECTION('',(1.,0.,-0.));
#8018 = FACE_BOUND('',#8019,.F.);
#8019 = EDGE_LOOP('',(#8020));
#8020 = ORIENTED_EDGE('',*,*,#8021,.T.);
#8021 = EDGE_CURVE('',#8022,#8022,#8024,.T.);
#8022 = VERTEX_POINT('',#8023);
#8023 = CARTESIAN_POINT('',(151.337392,-99.,1.46));
#8024 = CIRCLE('',#8025,0.487392);
#8025 = AXIS2_PLACEMENT_3D('',#8026,#8027,#8028);
#8026 = CARTESIAN_POINT('',(150.85,-99.,1.46));
#8027 = DIRECTION('',(0.,0.,1.));
#8028 = DIRECTION('',(1.,0.,-0.));
#8029 = FACE_BOUND('',#8030,.F.);
#8030 = EDGE_LOOP('',(#8031));
#8031 = ORIENTED_EDGE('',*,*,#8032,.T.);
#8032 = EDGE_CURVE('',#8033,#8033,#8035,.T.);
#8033 = VERTEX_POINT('',#8034);
#8034 = CARTESIAN_POINT('',(153.877392,-99.,1.46));
#8035 = CIRCLE('',#8036,0.487392);
#8036 = AXIS2_PLACEMENT_3D('',#8037,#8038,#8039);
#8037 = CARTESIAN_POINT('',(153.39,-99.,1.46));
#8038 = DIRECTION('',(0.,0.,1.));
#8039 = DIRECTION('',(1.,0.,-0.));
#8040 = FACE_BOUND('',#8041,.F.);
#8041 = EDGE_LOOP('',(#8042));
#8042 = ORIENTED_EDGE('',*,*,#8043,.T.);
#8043 = EDGE_CURVE('',#8044,#8044,#8046,.T.);
#8044 = VERTEX_POINT('',#8045);
#8045 = CARTESIAN_POINT('',(138.593062,-95.78747,1.46));
#8046 = CIRCLE('',#8047,0.487392);
#8047 = AXIS2_PLACEMENT_3D('',#8048,#8049,#8050);
#8048 = CARTESIAN_POINT('',(138.10567,-95.78747,1.46));
#8049 = DIRECTION('',(0.,0.,1.));
#8050 = DIRECTION('',(1.,0.,-0.));
#8051 = FACE_BOUND('',#8052,.F.);
#8052 = EDGE_LOOP('',(#8053));
#8053 = ORIENTED_EDGE('',*,*,#8054,.T.);
#8054 = EDGE_CURVE('',#8055,#8055,#8057,.T.);
#8055 = VERTEX_POINT('',#8056);
#8056 = CARTESIAN_POINT('',(141.133062,-95.78747,1.46));
#8057 = CIRCLE('',#8058,0.487392);
#8058 = AXIS2_PLACEMENT_3D('',#8059,#8060,#8061);
#8059 = CARTESIAN_POINT('',(140.64567,-95.78747,1.46));
#8060 = DIRECTION('',(0.,0.,1.));
#8061 = DIRECTION('',(1.,0.,-0.));
#8062 = FACE_BOUND('',#8063,.F.);
#8063 = EDGE_LOOP('',(#8064));
#8064 = ORIENTED_EDGE('',*,*,#8065,.T.);
#8065 = EDGE_CURVE('',#8066,#8066,#8068,.T.);
#8066 = VERTEX_POINT('',#8067);
#8067 = CARTESIAN_POINT('',(148.753062,-95.78747,1.46));
#8068 = CIRCLE('',#8069,0.487392);
#8069 = AXIS2_PLACEMENT_3D('',#8070,#8071,#8072);
#8070 = CARTESIAN_POINT('',(148.26567,-95.78747,1.46));
#8071 = DIRECTION('',(0.,0.,1.));
#8072 = DIRECTION('',(1.,0.,-0.));
#8073 = FACE_BOUND('',#8074,.F.);
#8074 = EDGE_LOOP('',(#8075));
#8075 = ORIENTED_EDGE('',*,*,#8076,.T.);
#8076 = EDGE_CURVE('',#8077,#8077,#8079,.T.);
#8077 = VERTEX_POINT('',#8078);
#8078 = CARTESIAN_POINT('',(151.293062,-95.78747,1.46));
#8079 = CIRCLE('',#8080,0.487392);
#8080 = AXIS2_PLACEMENT_3D('',#8081,#8082,#8083);
#8081 = CARTESIAN_POINT('',(150.80567,-95.78747,1.46));
#8082 = DIRECTION('',(0.,0.,1.));
#8083 = DIRECTION('',(1.,0.,-0.));
#8084 = FACE_BOUND('',#8085,.F.);
#8085 = EDGE_LOOP('',(#8086));
#8086 = ORIENTED_EDGE('',*,*,#8087,.T.);
#8087 = EDGE_CURVE('',#8088,#8088,#8090,.T.);
#8088 = VERTEX_POINT('',#8089);
#8089 = CARTESIAN_POINT('',(153.833062,-95.78747,1.46));
#8090 = CIRCLE('',#8091,0.487392);
#8091 = AXIS2_PLACEMENT_3D('',#8092,#8093,#8094);
#8092 = CARTESIAN_POINT('',(153.34567,-95.78747,1.46));
#8093 = DIRECTION('',(0.,0.,1.));
#8094 = DIRECTION('',(1.,0.,-0.));
#8095 = PLANE('',#8096);
#8096 = AXIS2_PLACEMENT_3D('',#8097,#8098,#8099);
#8097 = CARTESIAN_POINT('',(0.,0.,1.46));
#8098 = DIRECTION('',(0.,0.,1.));
#8099 = DIRECTION('',(1.,0.,-0.));
#8100 = SHELL_BASED_SURFACE_MODEL('',(#8101));
#8101 = OPEN_SHELL('',(#8102));
#8102 = ADVANCED_FACE('',(#8103,#8237,#8248,#8259,#8270,#8281,#8292,
    #8303,#8314,#8325,#8336),#8347,.T.);
#8103 = FACE_BOUND('',#8104,.T.);
#8104 = EDGE_LOOP('',(#8105,#8116,#8124,#8132,#8140,#8149,#8157,#8165,
    #8173,#8182,#8190,#8198,#8206,#8215,#8223,#8231));
#8105 = ORIENTED_EDGE('',*,*,#8106,.T.);
#8106 = EDGE_CURVE('',#8107,#8109,#8111,.T.);
#8107 = VERTEX_POINT('',#8108);
#8108 = CARTESIAN_POINT('',(129.752407,-92.651746,-5.E-02));
#8109 = VERTEX_POINT('',#8110);
#8110 = CARTESIAN_POINT('',(130.651746,-91.752407,-5.E-02));
#8111 = CIRCLE('',#8112,1.00242103302);
#8112 = AXIS2_PLACEMENT_3D('',#8113,#8114,#8115);
#8113 = CARTESIAN_POINT('',(130.75000104269,-92.75000104269,-5.E-02));
#8114 = DIRECTION('',(0.,0.,-1.));
#8115 = DIRECTION('',(-0.995184667756,9.801773851572E-02,0.));
#8116 = ORIENTED_EDGE('',*,*,#8117,.T.);
#8117 = EDGE_CURVE('',#8109,#8118,#8120,.T.);
#8118 = VERTEX_POINT('',#8119);
#8119 = CARTESIAN_POINT('',(130.75,-91.75,-5.E-02));
#8120 = LINE('',#8121,#8122);
#8121 = CARTESIAN_POINT('',(130.651746,-91.752407,-5.E-02));
#8122 = VECTOR('',#8123,1.);
#8123 = DIRECTION('',(0.999700065598,2.449038266025E-02,0.));
#8124 = ORIENTED_EDGE('',*,*,#8125,.T.);
#8125 = EDGE_CURVE('',#8118,#8126,#8128,.T.);
#8126 = VERTEX_POINT('',#8127);
#8127 = CARTESIAN_POINT('',(156.25,-91.75,-5.E-02));
#8128 = LINE('',#8129,#8130);
#8129 = CARTESIAN_POINT('',(130.75,-91.75,-5.E-02));
#8130 = VECTOR('',#8131,1.);
#8131 = DIRECTION('',(1.,0.,0.));
#8132 = ORIENTED_EDGE('',*,*,#8133,.T.);
#8133 = EDGE_CURVE('',#8126,#8134,#8136,.T.);
#8134 = VERTEX_POINT('',#8135);
#8135 = CARTESIAN_POINT('',(156.348254,-91.752407,-5.E-02));
#8136 = LINE('',#8137,#8138);
#8137 = CARTESIAN_POINT('',(156.25,-91.75,-5.E-02));
#8138 = VECTOR('',#8139,1.);
#8139 = DIRECTION('',(0.999700065598,-2.449038266025E-02,0.));
#8140 = ORIENTED_EDGE('',*,*,#8141,.T.);
#8141 = EDGE_CURVE('',#8134,#8142,#8144,.T.);
#8142 = VERTEX_POINT('',#8143);
#8143 = CARTESIAN_POINT('',(157.247593,-92.651746,-5.E-02));
#8144 = CIRCLE('',#8145,1.00242103302);
#8145 = AXIS2_PLACEMENT_3D('',#8146,#8147,#8148);
#8146 = CARTESIAN_POINT('',(156.2499989573,-92.75000104269,-5.E-02));
#8147 = DIRECTION('',(0.,0.,-1.));
#8148 = DIRECTION('',(9.80177385157E-02,0.995184667756,0.));
#8149 = ORIENTED_EDGE('',*,*,#8150,.T.);
#8150 = EDGE_CURVE('',#8142,#8151,#8153,.T.);
#8151 = VERTEX_POINT('',#8152);
#8152 = CARTESIAN_POINT('',(157.25,-92.75,-5.E-02));
#8153 = LINE('',#8154,#8155);
#8154 = CARTESIAN_POINT('',(157.247593,-92.651746,-5.E-02));
#8155 = VECTOR('',#8156,1.);
#8156 = DIRECTION('',(2.449038266025E-02,-0.999700065598,0.));
#8157 = ORIENTED_EDGE('',*,*,#8158,.T.);
#8158 = EDGE_CURVE('',#8151,#8159,#8161,.T.);
#8159 = VERTEX_POINT('',#8160);
#8160 = CARTESIAN_POINT('',(157.25,-102.25,-5.E-02));
#8161 = LINE('',#8162,#8163);
#8162 = CARTESIAN_POINT('',(157.25,-92.75,-5.E-02));
#8163 = VECTOR('',#8164,1.);
#8164 = DIRECTION('',(0.,-1.,0.));
#8165 = ORIENTED_EDGE('',*,*,#8166,.T.);
#8166 = EDGE_CURVE('',#8159,#8167,#8169,.T.);
#8167 = VERTEX_POINT('',#8168);
#8168 = CARTESIAN_POINT('',(157.247593,-102.348254,-5.E-02));
#8169 = LINE('',#8170,#8171);
#8170 = CARTESIAN_POINT('',(157.25,-102.25,-5.E-02));
#8171 = VECTOR('',#8172,1.);
#8172 = DIRECTION('',(-2.449038266025E-02,-0.999700065598,0.));
#8173 = ORIENTED_EDGE('',*,*,#8174,.T.);
#8174 = EDGE_CURVE('',#8167,#8175,#8177,.T.);
#8175 = VERTEX_POINT('',#8176);
#8176 = CARTESIAN_POINT('',(156.348254,-103.247593,-5.E-02));
#8177 = CIRCLE('',#8178,1.00242103302);
#8178 = AXIS2_PLACEMENT_3D('',#8179,#8180,#8181);
#8179 = CARTESIAN_POINT('',(156.2499989573,-102.2499989573,-5.E-02));
#8180 = DIRECTION('',(0.,0.,-1.));
#8181 = DIRECTION('',(0.995184667756,-9.801773851572E-02,0.));
#8182 = ORIENTED_EDGE('',*,*,#8183,.T.);
#8183 = EDGE_CURVE('',#8175,#8184,#8186,.T.);
#8184 = VERTEX_POINT('',#8185);
#8185 = CARTESIAN_POINT('',(156.25,-103.25,-5.E-02));
#8186 = LINE('',#8187,#8188);
#8187 = CARTESIAN_POINT('',(156.348254,-103.247593,-5.E-02));
#8188 = VECTOR('',#8189,1.);
#8189 = DIRECTION('',(-0.999700065598,-2.449038266025E-02,0.));
#8190 = ORIENTED_EDGE('',*,*,#8191,.T.);
#8191 = EDGE_CURVE('',#8184,#8192,#8194,.T.);
#8192 = VERTEX_POINT('',#8193);
#8193 = CARTESIAN_POINT('',(130.75,-103.25,-5.E-02));
#8194 = LINE('',#8195,#8196);
#8195 = CARTESIAN_POINT('',(156.25,-103.25,-5.E-02));
#8196 = VECTOR('',#8197,1.);
#8197 = DIRECTION('',(-1.,0.,0.));
#8198 = ORIENTED_EDGE('',*,*,#8199,.T.);
#8199 = EDGE_CURVE('',#8192,#8200,#8202,.T.);
#8200 = VERTEX_POINT('',#8201);
#8201 = CARTESIAN_POINT('',(130.651746,-103.247593,-5.E-02));
#8202 = LINE('',#8203,#8204);
#8203 = CARTESIAN_POINT('',(130.75,-103.25,-5.E-02));
#8204 = VECTOR('',#8205,1.);
#8205 = DIRECTION('',(-0.999700065598,2.449038266025E-02,0.));
#8206 = ORIENTED_EDGE('',*,*,#8207,.T.);
#8207 = EDGE_CURVE('',#8200,#8208,#8210,.T.);
#8208 = VERTEX_POINT('',#8209);
#8209 = CARTESIAN_POINT('',(129.752407,-102.348254,-5.E-02));
#8210 = CIRCLE('',#8211,1.00242103302);
#8211 = AXIS2_PLACEMENT_3D('',#8212,#8213,#8214);
#8212 = CARTESIAN_POINT('',(130.75000104269,-102.2499989573,-5.E-02));
#8213 = DIRECTION('',(0.,0.,-1.));
#8214 = DIRECTION('',(-9.80177385157E-02,-0.995184667756,-0.));
#8215 = ORIENTED_EDGE('',*,*,#8216,.T.);
#8216 = EDGE_CURVE('',#8208,#8217,#8219,.T.);
#8217 = VERTEX_POINT('',#8218);
#8218 = CARTESIAN_POINT('',(129.75,-102.25,-5.E-02));
#8219 = LINE('',#8220,#8221);
#8220 = CARTESIAN_POINT('',(129.752407,-102.348254,-5.E-02));
#8221 = VECTOR('',#8222,1.);
#8222 = DIRECTION('',(-2.449038266025E-02,0.999700065598,0.));
#8223 = ORIENTED_EDGE('',*,*,#8224,.T.);
#8224 = EDGE_CURVE('',#8217,#8225,#8227,.T.);
#8225 = VERTEX_POINT('',#8226);
#8226 = CARTESIAN_POINT('',(129.75,-92.75,-5.E-02));
#8227 = LINE('',#8228,#8229);
#8228 = CARTESIAN_POINT('',(129.75,-102.25,-5.E-02));
#8229 = VECTOR('',#8230,1.);
#8230 = DIRECTION('',(0.,1.,0.));
#8231 = ORIENTED_EDGE('',*,*,#8232,.T.);
#8232 = EDGE_CURVE('',#8225,#8107,#8233,.T.);
#8233 = LINE('',#8234,#8235);
#8234 = CARTESIAN_POINT('',(129.75,-92.75,-5.E-02));
#8235 = VECTOR('',#8236,1.);
#8236 = DIRECTION('',(2.449038266025E-02,0.999700065598,0.));
#8237 = FACE_BOUND('',#8238,.T.);
#8238 = EDGE_LOOP('',(#8239));
#8239 = ORIENTED_EDGE('',*,*,#8240,.T.);
#8240 = EDGE_CURVE('',#8241,#8241,#8243,.T.);
#8241 = VERTEX_POINT('',#8242);
#8242 = CARTESIAN_POINT('',(136.097392,-99.,-5.E-02));
#8243 = CIRCLE('',#8244,0.487392);
#8244 = AXIS2_PLACEMENT_3D('',#8245,#8246,#8247);
#8245 = CARTESIAN_POINT('',(135.61,-99.,-5.E-02));
#8246 = DIRECTION('',(0.,0.,1.));
#8247 = DIRECTION('',(1.,0.,-0.));
#8248 = FACE_BOUND('',#8249,.T.);
#8249 = EDGE_LOOP('',(#8250));
#8250 = ORIENTED_EDGE('',*,*,#8251,.T.);
#8251 = EDGE_CURVE('',#8252,#8252,#8254,.T.);
#8252 = VERTEX_POINT('',#8253);
#8253 = CARTESIAN_POINT('',(138.637392,-99.,-5.E-02));
#8254 = CIRCLE('',#8255,0.487392);
#8255 = AXIS2_PLACEMENT_3D('',#8256,#8257,#8258);
#8256 = CARTESIAN_POINT('',(138.15,-99.,-5.E-02));
#8257 = DIRECTION('',(0.,0.,1.));
#8258 = DIRECTION('',(1.,0.,-0.));
#8259 = FACE_BOUND('',#8260,.T.);
#8260 = EDGE_LOOP('',(#8261));
#8261 = ORIENTED_EDGE('',*,*,#8262,.T.);
#8262 = EDGE_CURVE('',#8263,#8263,#8265,.T.);
#8263 = VERTEX_POINT('',#8264);
#8264 = CARTESIAN_POINT('',(148.797392,-99.,-5.E-02));
#8265 = CIRCLE('',#8266,0.487392);
#8266 = AXIS2_PLACEMENT_3D('',#8267,#8268,#8269);
#8267 = CARTESIAN_POINT('',(148.31,-99.,-5.E-02));
#8268 = DIRECTION('',(0.,0.,1.));
#8269 = DIRECTION('',(1.,0.,-0.));
#8270 = FACE_BOUND('',#8271,.T.);
#8271 = EDGE_LOOP('',(#8272));
#8272 = ORIENTED_EDGE('',*,*,#8273,.T.);
#8273 = EDGE_CURVE('',#8274,#8274,#8276,.T.);
#8274 = VERTEX_POINT('',#8275);
#8275 = CARTESIAN_POINT('',(151.337392,-99.,-5.E-02));
#8276 = CIRCLE('',#8277,0.487392);
#8277 = AXIS2_PLACEMENT_3D('',#8278,#8279,#8280);
#8278 = CARTESIAN_POINT('',(150.85,-99.,-5.E-02));
#8279 = DIRECTION('',(0.,0.,1.));
#8280 = DIRECTION('',(1.,0.,-0.));
#8281 = FACE_BOUND('',#8282,.T.);
#8282 = EDGE_LOOP('',(#8283));
#8283 = ORIENTED_EDGE('',*,*,#8284,.T.);
#8284 = EDGE_CURVE('',#8285,#8285,#8287,.T.);
#8285 = VERTEX_POINT('',#8286);
#8286 = CARTESIAN_POINT('',(153.877392,-99.,-5.E-02));
#8287 = CIRCLE('',#8288,0.487392);
#8288 = AXIS2_PLACEMENT_3D('',#8289,#8290,#8291);
#8289 = CARTESIAN_POINT('',(153.39,-99.,-5.E-02));
#8290 = DIRECTION('',(0.,0.,1.));
#8291 = DIRECTION('',(1.,0.,-0.));
#8292 = FACE_BOUND('',#8293,.T.);
#8293 = EDGE_LOOP('',(#8294));
#8294 = ORIENTED_EDGE('',*,*,#8295,.T.);
#8295 = EDGE_CURVE('',#8296,#8296,#8298,.T.);
#8296 = VERTEX_POINT('',#8297);
#8297 = CARTESIAN_POINT('',(138.593062,-95.78747,-5.E-02));
#8298 = CIRCLE('',#8299,0.487392);
#8299 = AXIS2_PLACEMENT_3D('',#8300,#8301,#8302);
#8300 = CARTESIAN_POINT('',(138.10567,-95.78747,-5.E-02));
#8301 = DIRECTION('',(0.,0.,1.));
#8302 = DIRECTION('',(1.,0.,-0.));
#8303 = FACE_BOUND('',#8304,.T.);
#8304 = EDGE_LOOP('',(#8305));
#8305 = ORIENTED_EDGE('',*,*,#8306,.T.);
#8306 = EDGE_CURVE('',#8307,#8307,#8309,.T.);
#8307 = VERTEX_POINT('',#8308);
#8308 = CARTESIAN_POINT('',(141.133062,-95.78747,-5.E-02));
#8309 = CIRCLE('',#8310,0.487392);
#8310 = AXIS2_PLACEMENT_3D('',#8311,#8312,#8313);
#8311 = CARTESIAN_POINT('',(140.64567,-95.78747,-5.E-02));
#8312 = DIRECTION('',(0.,0.,1.));
#8313 = DIRECTION('',(1.,0.,-0.));
#8314 = FACE_BOUND('',#8315,.T.);
#8315 = EDGE_LOOP('',(#8316));
#8316 = ORIENTED_EDGE('',*,*,#8317,.T.);
#8317 = EDGE_CURVE('',#8318,#8318,#8320,.T.);
#8318 = VERTEX_POINT('',#8319);
#8319 = CARTESIAN_POINT('',(148.753062,-95.78747,-5.E-02));
#8320 = CIRCLE('',#8321,0.487392);
#8321 = AXIS2_PLACEMENT_3D('',#8322,#8323,#8324);
#8322 = CARTESIAN_POINT('',(148.26567,-95.78747,-5.E-02));
#8323 = DIRECTION('',(0.,0.,1.));
#8324 = DIRECTION('',(1.,0.,-0.));
#8325 = FACE_BOUND('',#8326,.T.);
#8326 = EDGE_LOOP('',(#8327));
#8327 = ORIENTED_EDGE('',*,*,#8328,.T.);
#8328 = EDGE_CURVE('',#8329,#8329,#8331,.T.);
#8329 = VERTEX_POINT('',#8330);
#8330 = CARTESIAN_POINT('',(151.293062,-95.78747,-5.E-02));
#8331 = CIRCLE('',#8332,0.487392);
#8332 = AXIS2_PLACEMENT_3D('',#8333,#8334,#8335);
#8333 = CARTESIAN_POINT('',(150.80567,-95.78747,-5.E-02));
#8334 = DIRECTION('',(0.,0.,1.));
#8335 = DIRECTION('',(1.,0.,-0.));
#8336 = FACE_BOUND('',#8337,.T.);
#8337 = EDGE_LOOP('',(#8338));
#8338 = ORIENTED_EDGE('',*,*,#8339,.T.);
#8339 = EDGE_CURVE('',#8340,#8340,#8342,.T.);
#8340 = VERTEX_POINT('',#8341);
#8341 = CARTESIAN_POINT('',(153.833062,-95.78747,-5.E-02));
#8342 = CIRCLE('',#8343,0.487392);
#8343 = AXIS2_PLACEMENT_3D('',#8344,#8345,#8346);
#8344 = CARTESIAN_POINT('',(153.34567,-95.78747,-5.E-02));
#8345 = DIRECTION('',(0.,0.,1.));
#8346 = DIRECTION('',(1.,0.,-0.));
#8347 = PLANE('',#8348);
#8348 = AXIS2_PLACEMENT_3D('',#8349,#8350,#8351);
#8349 = CARTESIAN_POINT('',(0.,0.,-5.E-02));
#8350 = DIRECTION('',(-0.,-0.,-1.));
#8351 = DIRECTION('',(-1.,0.,0.));
#8352 = ( GEOMETRIC_REPRESENTATION_CONTEXT(3) 
GLOBAL_UNCERTAINTY_ASSIGNED_CONTEXT((#8356)) 
GLOBAL_UNIT_ASSIGNED_CONTEXT((#8353,#8354,#8355)) REPRESENTATION_CONTEXT
('Context #1','3D Context with UNIT and UNCERTAINTY') );
#8353 = ( LENGTH_UNIT() NAMED_UNIT(*) SI_UNIT(.MILLI.,.METRE.) );
#8354 = ( NAMED_UNIT(*) PLANE_ANGLE_UNIT() SI_UNIT($,.RADIAN.) );
#8355 = ( NAMED_UNIT(*) SI_UNIT($,.STERADIAN.) SOLID_ANGLE_UNIT() );
#8356 = UNCERTAINTY_MEASURE_WITH_UNIT(LENGTH_MEASURE(1.E-07),#8353,
  'distance_accuracy_value','confusion accuracy');
#8357 = CONTEXT_DEPENDENT_SHAPE_REPRESENTATION(#8358,#8360);
#8358 = ( REPRESENTATION_RELATIONSHIP('','',#7847,#10) 
REPRESENTATION_RELATIONSHIP_WITH_TRANSFORMATION(#8359) 
SHAPE_REPRESENTATION_RELATIONSHIP() );
#8359 = ITEM_DEFINED_TRANSFORMATION('','',#11,#35);
#8360 = PRODUCT_DEFINITION_SHAPE('Placement','Placement of an item',
  #8361);
#8361 = NEXT_ASSEMBLY_USAGE_OCCURRENCE('12','=>[0:1:1:7]','',#5,#7842,$
  );
#8362 = PRODUCT_RELATED_PRODUCT_CATEGORY('part',$,(#7844));
#8363 = SHAPE_DEFINITION_REPRESENTATION(#8364,#8370);
#8364 = PRODUCT_DEFINITION_SHAPE('','',#8365);
#8365 = PRODUCT_DEFINITION('design','',#8366,#8369);
#8366 = PRODUCT_DEFINITION_FORMATION('','',#8367);
#8367 = PRODUCT('DCDC_Adapter_PCB','DCDC_Adapter_PCB','',(#8368));
#8368 = PRODUCT_CONTEXT('',#2,'mechanical');
#8369 = PRODUCT_DEFINITION_CONTEXT('part definition',#2,'design');
#8370 = ADVANCED_BREP_SHAPE_REPRESENTATION('',(#11,#8371),#9051);
#8371 = MANIFOLD_SOLID_BREP('',#8372);
#8372 = CLOSED_SHELL('',(#8373,#8415,#8446,#8477,#8639,#8801,#8818,#8835
    ,#8852,#8869,#8881,#8898,#8915,#8932,#8949,#8966,#8983,#9000,#9017,
    #9034));
#8373 = ADVANCED_FACE('',(#8374),#8410,.T.);
#8374 = FACE_BOUND('',#8375,.T.);
#8375 = EDGE_LOOP('',(#8376,#8386,#8395,#8403));
#8376 = ORIENTED_EDGE('',*,*,#8377,.T.);
#8377 = EDGE_CURVE('',#8378,#8380,#8382,.T.);
#8378 = VERTEX_POINT('',#8379);
#8379 = CARTESIAN_POINT('',(156.25,-91.75,0.));
#8380 = VERTEX_POINT('',#8381);
#8381 = CARTESIAN_POINT('',(156.25,-91.75,1.41));
#8382 = LINE('',#8383,#8384);
#8383 = CARTESIAN_POINT('',(156.25,-91.75,0.));
#8384 = VECTOR('',#8385,1.);
#8385 = DIRECTION('',(0.,0.,1.));
#8386 = ORIENTED_EDGE('',*,*,#8387,.T.);
#8387 = EDGE_CURVE('',#8380,#8388,#8390,.T.);
#8388 = VERTEX_POINT('',#8389);
#8389 = CARTESIAN_POINT('',(157.25,-92.75,1.41));
#8390 = CIRCLE('',#8391,0.999999252925);
#8391 = AXIS2_PLACEMENT_3D('',#8392,#8393,#8394);
#8392 = CARTESIAN_POINT('',(156.25000074707,-92.74999925292,1.41));
#8393 = DIRECTION('',(0.,0.,-1.));
#8394 = DIRECTION('',(-7.470757349539E-07,1.,0.));
#8395 = ORIENTED_EDGE('',*,*,#8396,.F.);
#8396 = EDGE_CURVE('',#8397,#8388,#8399,.T.);
#8397 = VERTEX_POINT('',#8398);
#8398 = CARTESIAN_POINT('',(157.25,-92.75,0.));
#8399 = LINE('',#8400,#8401);
#8400 = CARTESIAN_POINT('',(157.25,-92.75,0.));
#8401 = VECTOR('',#8402,1.);
#8402 = DIRECTION('',(0.,0.,1.));
#8403 = ORIENTED_EDGE('',*,*,#8404,.F.);
#8404 = EDGE_CURVE('',#8378,#8397,#8405,.T.);
#8405 = CIRCLE('',#8406,0.999999252925);
#8406 = AXIS2_PLACEMENT_3D('',#8407,#8408,#8409);
#8407 = CARTESIAN_POINT('',(156.25000074707,-92.74999925292,0.));
#8408 = DIRECTION('',(0.,0.,-1.));
#8409 = DIRECTION('',(-7.470757349539E-07,1.,0.));
#8410 = CYLINDRICAL_SURFACE('',#8411,0.999999252925);
#8411 = AXIS2_PLACEMENT_3D('',#8412,#8413,#8414);
#8412 = CARTESIAN_POINT('',(156.25000074707,-92.74999925292,0.));
#8413 = DIRECTION('',(0.,0.,-1.));
#8414 = DIRECTION('',(-7.470757349539E-07,1.,0.));
#8415 = ADVANCED_FACE('',(#8416),#8441,.T.);
#8416 = FACE_BOUND('',#8417,.T.);
#8417 = EDGE_LOOP('',(#8418,#8428,#8434,#8435));
#8418 = ORIENTED_EDGE('',*,*,#8419,.T.);
#8419 = EDGE_CURVE('',#8420,#8422,#8424,.T.);
#8420 = VERTEX_POINT('',#8421);
#8421 = CARTESIAN_POINT('',(130.75,-91.75,0.));
#8422 = VERTEX_POINT('',#8423);
#8423 = CARTESIAN_POINT('',(130.75,-91.75,1.41));
#8424 = LINE('',#8425,#8426);
#8425 = CARTESIAN_POINT('',(130.75,-91.75,0.));
#8426 = VECTOR('',#8427,1.);
#8427 = DIRECTION('',(0.,0.,1.));
#8428 = ORIENTED_EDGE('',*,*,#8429,.T.);
#8429 = EDGE_CURVE('',#8422,#8380,#8430,.T.);
#8430 = LINE('',#8431,#8432);
#8431 = CARTESIAN_POINT('',(130.75,-91.75,1.41));
#8432 = VECTOR('',#8433,1.);
#8433 = DIRECTION('',(1.,0.,0.));
#8434 = ORIENTED_EDGE('',*,*,#8377,.F.);
#8435 = ORIENTED_EDGE('',*,*,#8436,.F.);
#8436 = EDGE_CURVE('',#8420,#8378,#8437,.T.);
#8437 = LINE('',#8438,#8439);
#8438 = CARTESIAN_POINT('',(130.75,-91.75,0.));
#8439 = VECTOR('',#8440,1.);
#8440 = DIRECTION('',(1.,0.,0.));
#8441 = PLANE('',#8442);
#8442 = AXIS2_PLACEMENT_3D('',#8443,#8444,#8445);
#8443 = CARTESIAN_POINT('',(130.75,-91.75,0.));
#8444 = DIRECTION('',(0.,1.,0.));
#8445 = DIRECTION('',(1.,0.,0.));
#8446 = ADVANCED_FACE('',(#8447),#8472,.T.);
#8447 = FACE_BOUND('',#8448,.T.);
#8448 = EDGE_LOOP('',(#8449,#8450,#8458,#8466));
#8449 = ORIENTED_EDGE('',*,*,#8396,.T.);
#8450 = ORIENTED_EDGE('',*,*,#8451,.T.);
#8451 = EDGE_CURVE('',#8388,#8452,#8454,.T.);
#8452 = VERTEX_POINT('',#8453);
#8453 = CARTESIAN_POINT('',(157.25,-102.25,1.41));
#8454 = LINE('',#8455,#8456);
#8455 = CARTESIAN_POINT('',(157.25,-92.75,1.41));
#8456 = VECTOR('',#8457,1.);
#8457 = DIRECTION('',(0.,-1.,0.));
#8458 = ORIENTED_EDGE('',*,*,#8459,.F.);
#8459 = EDGE_CURVE('',#8460,#8452,#8462,.T.);
#8460 = VERTEX_POINT('',#8461);
#8461 = CARTESIAN_POINT('',(157.25,-102.25,0.));
#8462 = LINE('',#8463,#8464);
#8463 = CARTESIAN_POINT('',(157.25,-102.25,0.));
#8464 = VECTOR('',#8465,1.);
#8465 = DIRECTION('',(0.,0.,1.));
#8466 = ORIENTED_EDGE('',*,*,#8467,.F.);
#8467 = EDGE_CURVE('',#8397,#8460,#8468,.T.);
#8468 = LINE('',#8469,#8470);
#8469 = CARTESIAN_POINT('',(157.25,-92.75,0.));
#8470 = VECTOR('',#8471,1.);
#8471 = DIRECTION('',(0.,-1.,0.));
#8472 = PLANE('',#8473);
#8473 = AXIS2_PLACEMENT_3D('',#8474,#8475,#8476);
#8474 = CARTESIAN_POINT('',(157.25,-92.75,0.));
#8475 = DIRECTION('',(1.,0.,-0.));
#8476 = DIRECTION('',(0.,-1.,0.));
#8477 = ADVANCED_FACE('',(#8478,#8524,#8535,#8546,#8557,#8568,#8579,
    #8590,#8601,#8612,#8623),#8634,.F.);
#8478 = FACE_BOUND('',#8479,.F.);
#8479 = EDGE_LOOP('',(#8480,#8481,#8482,#8491,#8499,#8508,#8516,#8523));
#8480 = ORIENTED_EDGE('',*,*,#8404,.F.);
#8481 = ORIENTED_EDGE('',*,*,#8436,.F.);
#8482 = ORIENTED_EDGE('',*,*,#8483,.F.);
#8483 = EDGE_CURVE('',#8484,#8420,#8486,.T.);
#8484 = VERTEX_POINT('',#8485);
#8485 = CARTESIAN_POINT('',(129.75,-92.75,0.));
#8486 = CIRCLE('',#8487,0.999999252925);
#8487 = AXIS2_PLACEMENT_3D('',#8488,#8489,#8490);
#8488 = CARTESIAN_POINT('',(130.74999925292,-92.74999925292,0.));
#8489 = DIRECTION('',(0.,0.,-1.));
#8490 = DIRECTION('',(-1.,-7.470757491648E-07,-0.));
#8491 = ORIENTED_EDGE('',*,*,#8492,.F.);
#8492 = EDGE_CURVE('',#8493,#8484,#8495,.T.);
#8493 = VERTEX_POINT('',#8494);
#8494 = CARTESIAN_POINT('',(129.75,-102.25,0.));
#8495 = LINE('',#8496,#8497);
#8496 = CARTESIAN_POINT('',(129.75,-102.25,0.));
#8497 = VECTOR('',#8498,1.);
#8498 = DIRECTION('',(0.,1.,0.));
#8499 = ORIENTED_EDGE('',*,*,#8500,.F.);
#8500 = EDGE_CURVE('',#8501,#8493,#8503,.T.);
#8501 = VERTEX_POINT('',#8502);
#8502 = CARTESIAN_POINT('',(130.75,-103.25,0.));
#8503 = CIRCLE('',#8504,0.999999252925);
#8504 = AXIS2_PLACEMENT_3D('',#8505,#8506,#8507);
#8505 = CARTESIAN_POINT('',(130.74999925292,-102.250000747,0.));
#8506 = DIRECTION('',(0.,0.,-1.));
#8507 = DIRECTION('',(7.470757349539E-07,-1.,0.));
#8508 = ORIENTED_EDGE('',*,*,#8509,.F.);
#8509 = EDGE_CURVE('',#8510,#8501,#8512,.T.);
#8510 = VERTEX_POINT('',#8511);
#8511 = CARTESIAN_POINT('',(156.25,-103.25,0.));
#8512 = LINE('',#8513,#8514);
#8513 = CARTESIAN_POINT('',(156.25,-103.25,0.));
#8514 = VECTOR('',#8515,1.);
#8515 = DIRECTION('',(-1.,0.,0.));
#8516 = ORIENTED_EDGE('',*,*,#8517,.F.);
#8517 = EDGE_CURVE('',#8460,#8510,#8518,.T.);
#8518 = CIRCLE('',#8519,0.999999252925);
#8519 = AXIS2_PLACEMENT_3D('',#8520,#8521,#8522);
#8520 = CARTESIAN_POINT('',(156.25000074707,-102.250000747,0.));
#8521 = DIRECTION('',(0.,0.,-1.));
#8522 = DIRECTION('',(1.,7.470757491648E-07,0.));
#8523 = ORIENTED_EDGE('',*,*,#8467,.F.);
#8524 = FACE_BOUND('',#8525,.F.);
#8525 = EDGE_LOOP('',(#8526));
#8526 = ORIENTED_EDGE('',*,*,#8527,.T.);
#8527 = EDGE_CURVE('',#8528,#8528,#8530,.T.);
#8528 = VERTEX_POINT('',#8529);
#8529 = CARTESIAN_POINT('',(135.61,-99.5,0.));
#8530 = CIRCLE('',#8531,0.5);
#8531 = AXIS2_PLACEMENT_3D('',#8532,#8533,#8534);
#8532 = CARTESIAN_POINT('',(135.61,-99.,0.));
#8533 = DIRECTION('',(-0.,0.,-1.));
#8534 = DIRECTION('',(-0.,-1.,0.));
#8535 = FACE_BOUND('',#8536,.F.);
#8536 = EDGE_LOOP('',(#8537));
#8537 = ORIENTED_EDGE('',*,*,#8538,.T.);
#8538 = EDGE_CURVE('',#8539,#8539,#8541,.T.);
#8539 = VERTEX_POINT('',#8540);
#8540 = CARTESIAN_POINT('',(138.15,-99.5,0.));
#8541 = CIRCLE('',#8542,0.5);
#8542 = AXIS2_PLACEMENT_3D('',#8543,#8544,#8545);
#8543 = CARTESIAN_POINT('',(138.15,-99.,0.));
#8544 = DIRECTION('',(-0.,0.,-1.));
#8545 = DIRECTION('',(-0.,-1.,0.));
#8546 = FACE_BOUND('',#8547,.F.);
#8547 = EDGE_LOOP('',(#8548));
#8548 = ORIENTED_EDGE('',*,*,#8549,.T.);
#8549 = EDGE_CURVE('',#8550,#8550,#8552,.T.);
#8550 = VERTEX_POINT('',#8551);
#8551 = CARTESIAN_POINT('',(148.31,-99.5,0.));
#8552 = CIRCLE('',#8553,0.5);
#8553 = AXIS2_PLACEMENT_3D('',#8554,#8555,#8556);
#8554 = CARTESIAN_POINT('',(148.31,-99.,0.));
#8555 = DIRECTION('',(-0.,0.,-1.));
#8556 = DIRECTION('',(-0.,-1.,0.));
#8557 = FACE_BOUND('',#8558,.F.);
#8558 = EDGE_LOOP('',(#8559));
#8559 = ORIENTED_EDGE('',*,*,#8560,.T.);
#8560 = EDGE_CURVE('',#8561,#8561,#8563,.T.);
#8561 = VERTEX_POINT('',#8562);
#8562 = CARTESIAN_POINT('',(150.85,-99.5,0.));
#8563 = CIRCLE('',#8564,0.5);
#8564 = AXIS2_PLACEMENT_3D('',#8565,#8566,#8567);
#8565 = CARTESIAN_POINT('',(150.85,-99.,0.));
#8566 = DIRECTION('',(-0.,0.,-1.));
#8567 = DIRECTION('',(-0.,-1.,0.));
#8568 = FACE_BOUND('',#8569,.F.);
#8569 = EDGE_LOOP('',(#8570));
#8570 = ORIENTED_EDGE('',*,*,#8571,.T.);
#8571 = EDGE_CURVE('',#8572,#8572,#8574,.T.);
#8572 = VERTEX_POINT('',#8573);
#8573 = CARTESIAN_POINT('',(153.39,-99.5,0.));
#8574 = CIRCLE('',#8575,0.5);
#8575 = AXIS2_PLACEMENT_3D('',#8576,#8577,#8578);
#8576 = CARTESIAN_POINT('',(153.39,-99.,0.));
#8577 = DIRECTION('',(-0.,0.,-1.));
#8578 = DIRECTION('',(-0.,-1.,0.));
#8579 = FACE_BOUND('',#8580,.F.);
#8580 = EDGE_LOOP('',(#8581));
#8581 = ORIENTED_EDGE('',*,*,#8582,.T.);
#8582 = EDGE_CURVE('',#8583,#8583,#8585,.T.);
#8583 = VERTEX_POINT('',#8584);
#8584 = CARTESIAN_POINT('',(138.10567,-96.28747,0.));
#8585 = CIRCLE('',#8586,0.5);
#8586 = AXIS2_PLACEMENT_3D('',#8587,#8588,#8589);
#8587 = CARTESIAN_POINT('',(138.10567,-95.78747,0.));
#8588 = DIRECTION('',(-0.,0.,-1.));
#8589 = DIRECTION('',(-0.,-1.,0.));
#8590 = FACE_BOUND('',#8591,.F.);
#8591 = EDGE_LOOP('',(#8592));
#8592 = ORIENTED_EDGE('',*,*,#8593,.T.);
#8593 = EDGE_CURVE('',#8594,#8594,#8596,.T.);
#8594 = VERTEX_POINT('',#8595);
#8595 = CARTESIAN_POINT('',(140.64567,-96.28747,0.));
#8596 = CIRCLE('',#8597,0.5);
#8597 = AXIS2_PLACEMENT_3D('',#8598,#8599,#8600);
#8598 = CARTESIAN_POINT('',(140.64567,-95.78747,0.));
#8599 = DIRECTION('',(-0.,0.,-1.));
#8600 = DIRECTION('',(-0.,-1.,0.));
#8601 = FACE_BOUND('',#8602,.F.);
#8602 = EDGE_LOOP('',(#8603));
#8603 = ORIENTED_EDGE('',*,*,#8604,.T.);
#8604 = EDGE_CURVE('',#8605,#8605,#8607,.T.);
#8605 = VERTEX_POINT('',#8606);
#8606 = CARTESIAN_POINT('',(148.26567,-96.28747,0.));
#8607 = CIRCLE('',#8608,0.5);
#8608 = AXIS2_PLACEMENT_3D('',#8609,#8610,#8611);
#8609 = CARTESIAN_POINT('',(148.26567,-95.78747,0.));
#8610 = DIRECTION('',(-0.,0.,-1.));
#8611 = DIRECTION('',(-0.,-1.,0.));
#8612 = FACE_BOUND('',#8613,.F.);
#8613 = EDGE_LOOP('',(#8614));
#8614 = ORIENTED_EDGE('',*,*,#8615,.T.);
#8615 = EDGE_CURVE('',#8616,#8616,#8618,.T.);
#8616 = VERTEX_POINT('',#8617);
#8617 = CARTESIAN_POINT('',(150.80567,-96.28747,0.));
#8618 = CIRCLE('',#8619,0.5);
#8619 = AXIS2_PLACEMENT_3D('',#8620,#8621,#8622);
#8620 = CARTESIAN_POINT('',(150.80567,-95.78747,0.));
#8621 = DIRECTION('',(-0.,0.,-1.));
#8622 = DIRECTION('',(-0.,-1.,0.));
#8623 = FACE_BOUND('',#8624,.F.);
#8624 = EDGE_LOOP('',(#8625));
#8625 = ORIENTED_EDGE('',*,*,#8626,.T.);
#8626 = EDGE_CURVE('',#8627,#8627,#8629,.T.);
#8627 = VERTEX_POINT('',#8628);
#8628 = CARTESIAN_POINT('',(153.34567,-96.28747,0.));
#8629 = CIRCLE('',#8630,0.5);
#8630 = AXIS2_PLACEMENT_3D('',#8631,#8632,#8633);
#8631 = CARTESIAN_POINT('',(153.34567,-95.78747,0.));
#8632 = DIRECTION('',(-0.,0.,-1.));
#8633 = DIRECTION('',(-0.,-1.,0.));
#8634 = PLANE('',#8635);
#8635 = AXIS2_PLACEMENT_3D('',#8636,#8637,#8638);
#8636 = CARTESIAN_POINT('',(0.,0.,0.));
#8637 = DIRECTION('',(0.,0.,1.));
#8638 = DIRECTION('',(1.,0.,-0.));
#8639 = ADVANCED_FACE('',(#8640,#8686,#8697,#8708,#8719,#8730,#8741,
    #8752,#8763,#8774,#8785),#8796,.T.);
#8640 = FACE_BOUND('',#8641,.T.);
#8641 = EDGE_LOOP('',(#8642,#8643,#8644,#8653,#8661,#8670,#8678,#8685));
#8642 = ORIENTED_EDGE('',*,*,#8387,.F.);
#8643 = ORIENTED_EDGE('',*,*,#8429,.F.);
#8644 = ORIENTED_EDGE('',*,*,#8645,.F.);
#8645 = EDGE_CURVE('',#8646,#8422,#8648,.T.);
#8646 = VERTEX_POINT('',#8647);
#8647 = CARTESIAN_POINT('',(129.75,-92.75,1.41));
#8648 = CIRCLE('',#8649,0.999999252925);
#8649 = AXIS2_PLACEMENT_3D('',#8650,#8651,#8652);
#8650 = CARTESIAN_POINT('',(130.74999925292,-92.74999925292,1.41));
#8651 = DIRECTION('',(0.,0.,-1.));
#8652 = DIRECTION('',(-1.,-7.470757491648E-07,-0.));
#8653 = ORIENTED_EDGE('',*,*,#8654,.F.);
#8654 = EDGE_CURVE('',#8655,#8646,#8657,.T.);
#8655 = VERTEX_POINT('',#8656);
#8656 = CARTESIAN_POINT('',(129.75,-102.25,1.41));
#8657 = LINE('',#8658,#8659);
#8658 = CARTESIAN_POINT('',(129.75,-102.25,1.41));
#8659 = VECTOR('',#8660,1.);
#8660 = DIRECTION('',(0.,1.,0.));
#8661 = ORIENTED_EDGE('',*,*,#8662,.F.);
#8662 = EDGE_CURVE('',#8663,#8655,#8665,.T.);
#8663 = VERTEX_POINT('',#8664);
#8664 = CARTESIAN_POINT('',(130.75,-103.25,1.41));
#8665 = CIRCLE('',#8666,0.999999252925);
#8666 = AXIS2_PLACEMENT_3D('',#8667,#8668,#8669);
#8667 = CARTESIAN_POINT('',(130.74999925292,-102.250000747,1.41));
#8668 = DIRECTION('',(0.,0.,-1.));
#8669 = DIRECTION('',(7.470757349539E-07,-1.,0.));
#8670 = ORIENTED_EDGE('',*,*,#8671,.F.);
#8671 = EDGE_CURVE('',#8672,#8663,#8674,.T.);
#8672 = VERTEX_POINT('',#8673);
#8673 = CARTESIAN_POINT('',(156.25,-103.25,1.41));
#8674 = LINE('',#8675,#8676);
#8675 = CARTESIAN_POINT('',(156.25,-103.25,1.41));
#8676 = VECTOR('',#8677,1.);
#8677 = DIRECTION('',(-1.,0.,0.));
#8678 = ORIENTED_EDGE('',*,*,#8679,.F.);
#8679 = EDGE_CURVE('',#8452,#8672,#8680,.T.);
#8680 = CIRCLE('',#8681,0.999999252925);
#8681 = AXIS2_PLACEMENT_3D('',#8682,#8683,#8684);
#8682 = CARTESIAN_POINT('',(156.25000074707,-102.250000747,1.41));
#8683 = DIRECTION('',(0.,0.,-1.));
#8684 = DIRECTION('',(1.,7.470757491648E-07,0.));
#8685 = ORIENTED_EDGE('',*,*,#8451,.F.);
#8686 = FACE_BOUND('',#8687,.T.);
#8687 = EDGE_LOOP('',(#8688));
#8688 = ORIENTED_EDGE('',*,*,#8689,.T.);
#8689 = EDGE_CURVE('',#8690,#8690,#8692,.T.);
#8690 = VERTEX_POINT('',#8691);
#8691 = CARTESIAN_POINT('',(135.61,-99.5,1.41));
#8692 = CIRCLE('',#8693,0.5);
#8693 = AXIS2_PLACEMENT_3D('',#8694,#8695,#8696);
#8694 = CARTESIAN_POINT('',(135.61,-99.,1.41));
#8695 = DIRECTION('',(-0.,0.,-1.));
#8696 = DIRECTION('',(-0.,-1.,0.));
#8697 = FACE_BOUND('',#8698,.T.);
#8698 = EDGE_LOOP('',(#8699));
#8699 = ORIENTED_EDGE('',*,*,#8700,.T.);
#8700 = EDGE_CURVE('',#8701,#8701,#8703,.T.);
#8701 = VERTEX_POINT('',#8702);
#8702 = CARTESIAN_POINT('',(138.15,-99.5,1.41));
#8703 = CIRCLE('',#8704,0.5);
#8704 = AXIS2_PLACEMENT_3D('',#8705,#8706,#8707);
#8705 = CARTESIAN_POINT('',(138.15,-99.,1.41));
#8706 = DIRECTION('',(-0.,0.,-1.));
#8707 = DIRECTION('',(-0.,-1.,0.));
#8708 = FACE_BOUND('',#8709,.T.);
#8709 = EDGE_LOOP('',(#8710));
#8710 = ORIENTED_EDGE('',*,*,#8711,.T.);
#8711 = EDGE_CURVE('',#8712,#8712,#8714,.T.);
#8712 = VERTEX_POINT('',#8713);
#8713 = CARTESIAN_POINT('',(148.31,-99.5,1.41));
#8714 = CIRCLE('',#8715,0.5);
#8715 = AXIS2_PLACEMENT_3D('',#8716,#8717,#8718);
#8716 = CARTESIAN_POINT('',(148.31,-99.,1.41));
#8717 = DIRECTION('',(-0.,0.,-1.));
#8718 = DIRECTION('',(-0.,-1.,0.));
#8719 = FACE_BOUND('',#8720,.T.);
#8720 = EDGE_LOOP('',(#8721));
#8721 = ORIENTED_EDGE('',*,*,#8722,.T.);
#8722 = EDGE_CURVE('',#8723,#8723,#8725,.T.);
#8723 = VERTEX_POINT('',#8724);
#8724 = CARTESIAN_POINT('',(150.85,-99.5,1.41));
#8725 = CIRCLE('',#8726,0.5);
#8726 = AXIS2_PLACEMENT_3D('',#8727,#8728,#8729);
#8727 = CARTESIAN_POINT('',(150.85,-99.,1.41));
#8728 = DIRECTION('',(-0.,0.,-1.));
#8729 = DIRECTION('',(-0.,-1.,0.));
#8730 = FACE_BOUND('',#8731,.T.);
#8731 = EDGE_LOOP('',(#8732));
#8732 = ORIENTED_EDGE('',*,*,#8733,.T.);
#8733 = EDGE_CURVE('',#8734,#8734,#8736,.T.);
#8734 = VERTEX_POINT('',#8735);
#8735 = CARTESIAN_POINT('',(153.39,-99.5,1.41));
#8736 = CIRCLE('',#8737,0.5);
#8737 = AXIS2_PLACEMENT_3D('',#8738,#8739,#8740);
#8738 = CARTESIAN_POINT('',(153.39,-99.,1.41));
#8739 = DIRECTION('',(-0.,0.,-1.));
#8740 = DIRECTION('',(-0.,-1.,0.));
#8741 = FACE_BOUND('',#8742,.T.);
#8742 = EDGE_LOOP('',(#8743));
#8743 = ORIENTED_EDGE('',*,*,#8744,.T.);
#8744 = EDGE_CURVE('',#8745,#8745,#8747,.T.);
#8745 = VERTEX_POINT('',#8746);
#8746 = CARTESIAN_POINT('',(138.10567,-96.28747,1.41));
#8747 = CIRCLE('',#8748,0.5);
#8748 = AXIS2_PLACEMENT_3D('',#8749,#8750,#8751);
#8749 = CARTESIAN_POINT('',(138.10567,-95.78747,1.41));
#8750 = DIRECTION('',(-0.,0.,-1.));
#8751 = DIRECTION('',(-0.,-1.,0.));
#8752 = FACE_BOUND('',#8753,.T.);
#8753 = EDGE_LOOP('',(#8754));
#8754 = ORIENTED_EDGE('',*,*,#8755,.T.);
#8755 = EDGE_CURVE('',#8756,#8756,#8758,.T.);
#8756 = VERTEX_POINT('',#8757);
#8757 = CARTESIAN_POINT('',(140.64567,-96.28747,1.41));
#8758 = CIRCLE('',#8759,0.5);
#8759 = AXIS2_PLACEMENT_3D('',#8760,#8761,#8762);
#8760 = CARTESIAN_POINT('',(140.64567,-95.78747,1.41));
#8761 = DIRECTION('',(-0.,0.,-1.));
#8762 = DIRECTION('',(-0.,-1.,0.));
#8763 = FACE_BOUND('',#8764,.T.);
#8764 = EDGE_LOOP('',(#8765));
#8765 = ORIENTED_EDGE('',*,*,#8766,.T.);
#8766 = EDGE_CURVE('',#8767,#8767,#8769,.T.);
#8767 = VERTEX_POINT('',#8768);
#8768 = CARTESIAN_POINT('',(148.26567,-96.28747,1.41));
#8769 = CIRCLE('',#8770,0.5);
#8770 = AXIS2_PLACEMENT_3D('',#8771,#8772,#8773);
#8771 = CARTESIAN_POINT('',(148.26567,-95.78747,1.41));
#8772 = DIRECTION('',(-0.,0.,-1.));
#8773 = DIRECTION('',(-0.,-1.,0.));
#8774 = FACE_BOUND('',#8775,.T.);
#8775 = EDGE_LOOP('',(#8776));
#8776 = ORIENTED_EDGE('',*,*,#8777,.T.);
#8777 = EDGE_CURVE('',#8778,#8778,#8780,.T.);
#8778 = VERTEX_POINT('',#8779);
#8779 = CARTESIAN_POINT('',(150.80567,-96.28747,1.41));
#8780 = CIRCLE('',#8781,0.5);
#8781 = AXIS2_PLACEMENT_3D('',#8782,#8783,#8784);
#8782 = CARTESIAN_POINT('',(150.80567,-95.78747,1.41));
#8783 = DIRECTION('',(-0.,0.,-1.));
#8784 = DIRECTION('',(-0.,-1.,0.));
#8785 = FACE_BOUND('',#8786,.T.);
#8786 = EDGE_LOOP('',(#8787));
#8787 = ORIENTED_EDGE('',*,*,#8788,.T.);
#8788 = EDGE_CURVE('',#8789,#8789,#8791,.T.);
#8789 = VERTEX_POINT('',#8790);
#8790 = CARTESIAN_POINT('',(153.34567,-96.28747,1.41));
#8791 = CIRCLE('',#8792,0.5);
#8792 = AXIS2_PLACEMENT_3D('',#8793,#8794,#8795);
#8793 = CARTESIAN_POINT('',(153.34567,-95.78747,1.41));
#8794 = DIRECTION('',(-0.,0.,-1.));
#8795 = DIRECTION('',(-0.,-1.,0.));
#8796 = PLANE('',#8797);
#8797 = AXIS2_PLACEMENT_3D('',#8798,#8799,#8800);
#8798 = CARTESIAN_POINT('',(0.,0.,1.41));
#8799 = DIRECTION('',(0.,0.,1.));
#8800 = DIRECTION('',(1.,0.,-0.));
#8801 = ADVANCED_FACE('',(#8802),#8813,.T.);
#8802 = FACE_BOUND('',#8803,.T.);
#8803 = EDGE_LOOP('',(#8804,#8810,#8811,#8812));
#8804 = ORIENTED_EDGE('',*,*,#8805,.T.);
#8805 = EDGE_CURVE('',#8484,#8646,#8806,.T.);
#8806 = LINE('',#8807,#8808);
#8807 = CARTESIAN_POINT('',(129.75,-92.75,0.));
#8808 = VECTOR('',#8809,1.);
#8809 = DIRECTION('',(0.,0.,1.));
#8810 = ORIENTED_EDGE('',*,*,#8645,.T.);
#8811 = ORIENTED_EDGE('',*,*,#8419,.F.);
#8812 = ORIENTED_EDGE('',*,*,#8483,.F.);
#8813 = CYLINDRICAL_SURFACE('',#8814,0.999999252925);
#8814 = AXIS2_PLACEMENT_3D('',#8815,#8816,#8817);
#8815 = CARTESIAN_POINT('',(130.74999925292,-92.74999925292,0.));
#8816 = DIRECTION('',(0.,0.,-1.));
#8817 = DIRECTION('',(-1.,-7.470757491648E-07,-0.));
#8818 = ADVANCED_FACE('',(#8819),#8830,.T.);
#8819 = FACE_BOUND('',#8820,.T.);
#8820 = EDGE_LOOP('',(#8821,#8822,#8823,#8829));
#8821 = ORIENTED_EDGE('',*,*,#8459,.T.);
#8822 = ORIENTED_EDGE('',*,*,#8679,.T.);
#8823 = ORIENTED_EDGE('',*,*,#8824,.F.);
#8824 = EDGE_CURVE('',#8510,#8672,#8825,.T.);
#8825 = LINE('',#8826,#8827);
#8826 = CARTESIAN_POINT('',(156.25,-103.25,0.));
#8827 = VECTOR('',#8828,1.);
#8828 = DIRECTION('',(0.,0.,1.));
#8829 = ORIENTED_EDGE('',*,*,#8517,.F.);
#8830 = CYLINDRICAL_SURFACE('',#8831,0.999999252925);
#8831 = AXIS2_PLACEMENT_3D('',#8832,#8833,#8834);
#8832 = CARTESIAN_POINT('',(156.25000074707,-102.250000747,0.));
#8833 = DIRECTION('',(0.,0.,-1.));
#8834 = DIRECTION('',(1.,7.470757491648E-07,0.));
#8835 = ADVANCED_FACE('',(#8836),#8847,.T.);
#8836 = FACE_BOUND('',#8837,.T.);
#8837 = EDGE_LOOP('',(#8838,#8844,#8845,#8846));
#8838 = ORIENTED_EDGE('',*,*,#8839,.T.);
#8839 = EDGE_CURVE('',#8493,#8655,#8840,.T.);
#8840 = LINE('',#8841,#8842);
#8841 = CARTESIAN_POINT('',(129.75,-102.25,0.));
#8842 = VECTOR('',#8843,1.);
#8843 = DIRECTION('',(0.,0.,1.));
#8844 = ORIENTED_EDGE('',*,*,#8654,.T.);
#8845 = ORIENTED_EDGE('',*,*,#8805,.F.);
#8846 = ORIENTED_EDGE('',*,*,#8492,.F.);
#8847 = PLANE('',#8848);
#8848 = AXIS2_PLACEMENT_3D('',#8849,#8850,#8851);
#8849 = CARTESIAN_POINT('',(129.75,-102.25,0.));
#8850 = DIRECTION('',(-1.,0.,0.));
#8851 = DIRECTION('',(0.,1.,0.));
#8852 = ADVANCED_FACE('',(#8853),#8864,.T.);
#8853 = FACE_BOUND('',#8854,.T.);
#8854 = EDGE_LOOP('',(#8855,#8856,#8857,#8863));
#8855 = ORIENTED_EDGE('',*,*,#8824,.T.);
#8856 = ORIENTED_EDGE('',*,*,#8671,.T.);
#8857 = ORIENTED_EDGE('',*,*,#8858,.F.);
#8858 = EDGE_CURVE('',#8501,#8663,#8859,.T.);
#8859 = LINE('',#8860,#8861);
#8860 = CARTESIAN_POINT('',(130.75,-103.25,0.));
#8861 = VECTOR('',#8862,1.);
#8862 = DIRECTION('',(0.,0.,1.));
#8863 = ORIENTED_EDGE('',*,*,#8509,.F.);
#8864 = PLANE('',#8865);
#8865 = AXIS2_PLACEMENT_3D('',#8866,#8867,#8868);
#8866 = CARTESIAN_POINT('',(156.25,-103.25,0.));
#8867 = DIRECTION('',(0.,-1.,0.));
#8868 = DIRECTION('',(-1.,0.,0.));
#8869 = ADVANCED_FACE('',(#8870),#8876,.T.);
#8870 = FACE_BOUND('',#8871,.T.);
#8871 = EDGE_LOOP('',(#8872,#8873,#8874,#8875));
#8872 = ORIENTED_EDGE('',*,*,#8858,.T.);
#8873 = ORIENTED_EDGE('',*,*,#8662,.T.);
#8874 = ORIENTED_EDGE('',*,*,#8839,.F.);
#8875 = ORIENTED_EDGE('',*,*,#8500,.F.);
#8876 = CYLINDRICAL_SURFACE('',#8877,0.999999252925);
#8877 = AXIS2_PLACEMENT_3D('',#8878,#8879,#8880);
#8878 = CARTESIAN_POINT('',(130.74999925292,-102.250000747,0.));
#8879 = DIRECTION('',(0.,0.,-1.));
#8880 = DIRECTION('',(7.470757349539E-07,-1.,0.));
#8881 = ADVANCED_FACE('',(#8882),#8893,.F.);
#8882 = FACE_BOUND('',#8883,.T.);
#8883 = EDGE_LOOP('',(#8884,#8885,#8891,#8892));
#8884 = ORIENTED_EDGE('',*,*,#8527,.T.);
#8885 = ORIENTED_EDGE('',*,*,#8886,.T.);
#8886 = EDGE_CURVE('',#8528,#8690,#8887,.T.);
#8887 = LINE('',#8888,#8889);
#8888 = CARTESIAN_POINT('',(135.61,-99.5,-4.6E-02));
#8889 = VECTOR('',#8890,1.);
#8890 = DIRECTION('',(0.,0.,1.));
#8891 = ORIENTED_EDGE('',*,*,#8689,.F.);
#8892 = ORIENTED_EDGE('',*,*,#8886,.F.);
#8893 = CYLINDRICAL_SURFACE('',#8894,0.5);
#8894 = AXIS2_PLACEMENT_3D('',#8895,#8896,#8897);
#8895 = CARTESIAN_POINT('',(135.61,-99.,-4.6E-02));
#8896 = DIRECTION('',(-0.,-0.,-1.));
#8897 = DIRECTION('',(-0.,-1.,0.));
#8898 = ADVANCED_FACE('',(#8899),#8910,.F.);
#8899 = FACE_BOUND('',#8900,.T.);
#8900 = EDGE_LOOP('',(#8901,#8902,#8908,#8909));
#8901 = ORIENTED_EDGE('',*,*,#8538,.T.);
#8902 = ORIENTED_EDGE('',*,*,#8903,.T.);
#8903 = EDGE_CURVE('',#8539,#8701,#8904,.T.);
#8904 = LINE('',#8905,#8906);
#8905 = CARTESIAN_POINT('',(138.15,-99.5,-4.6E-02));
#8906 = VECTOR('',#8907,1.);
#8907 = DIRECTION('',(0.,0.,1.));
#8908 = ORIENTED_EDGE('',*,*,#8700,.F.);
#8909 = ORIENTED_EDGE('',*,*,#8903,.F.);
#8910 = CYLINDRICAL_SURFACE('',#8911,0.5);
#8911 = AXIS2_PLACEMENT_3D('',#8912,#8913,#8914);
#8912 = CARTESIAN_POINT('',(138.15,-99.,-4.6E-02));
#8913 = DIRECTION('',(-0.,-0.,-1.));
#8914 = DIRECTION('',(-0.,-1.,0.));
#8915 = ADVANCED_FACE('',(#8916),#8927,.F.);
#8916 = FACE_BOUND('',#8917,.T.);
#8917 = EDGE_LOOP('',(#8918,#8919,#8925,#8926));
#8918 = ORIENTED_EDGE('',*,*,#8549,.T.);
#8919 = ORIENTED_EDGE('',*,*,#8920,.T.);
#8920 = EDGE_CURVE('',#8550,#8712,#8921,.T.);
#8921 = LINE('',#8922,#8923);
#8922 = CARTESIAN_POINT('',(148.31,-99.5,-4.6E-02));
#8923 = VECTOR('',#8924,1.);
#8924 = DIRECTION('',(0.,0.,1.));
#8925 = ORIENTED_EDGE('',*,*,#8711,.F.);
#8926 = ORIENTED_EDGE('',*,*,#8920,.F.);
#8927 = CYLINDRICAL_SURFACE('',#8928,0.5);
#8928 = AXIS2_PLACEMENT_3D('',#8929,#8930,#8931);
#8929 = CARTESIAN_POINT('',(148.31,-99.,-4.6E-02));
#8930 = DIRECTION('',(-0.,-0.,-1.));
#8931 = DIRECTION('',(-0.,-1.,0.));
#8932 = ADVANCED_FACE('',(#8933),#8944,.F.);
#8933 = FACE_BOUND('',#8934,.T.);
#8934 = EDGE_LOOP('',(#8935,#8936,#8942,#8943));
#8935 = ORIENTED_EDGE('',*,*,#8560,.T.);
#8936 = ORIENTED_EDGE('',*,*,#8937,.T.);
#8937 = EDGE_CURVE('',#8561,#8723,#8938,.T.);
#8938 = LINE('',#8939,#8940);
#8939 = CARTESIAN_POINT('',(150.85,-99.5,-4.6E-02));
#8940 = VECTOR('',#8941,1.);
#8941 = DIRECTION('',(0.,0.,1.));
#8942 = ORIENTED_EDGE('',*,*,#8722,.F.);
#8943 = ORIENTED_EDGE('',*,*,#8937,.F.);
#8944 = CYLINDRICAL_SURFACE('',#8945,0.5);
#8945 = AXIS2_PLACEMENT_3D('',#8946,#8947,#8948);
#8946 = CARTESIAN_POINT('',(150.85,-99.,-4.6E-02));
#8947 = DIRECTION('',(-0.,-0.,-1.));
#8948 = DIRECTION('',(-0.,-1.,0.));
#8949 = ADVANCED_FACE('',(#8950),#8961,.F.);
#8950 = FACE_BOUND('',#8951,.T.);
#8951 = EDGE_LOOP('',(#8952,#8953,#8959,#8960));
#8952 = ORIENTED_EDGE('',*,*,#8571,.T.);
#8953 = ORIENTED_EDGE('',*,*,#8954,.T.);
#8954 = EDGE_CURVE('',#8572,#8734,#8955,.T.);
#8955 = LINE('',#8956,#8957);
#8956 = CARTESIAN_POINT('',(153.39,-99.5,-4.6E-02));
#8957 = VECTOR('',#8958,1.);
#8958 = DIRECTION('',(0.,0.,1.));
#8959 = ORIENTED_EDGE('',*,*,#8733,.F.);
#8960 = ORIENTED_EDGE('',*,*,#8954,.F.);
#8961 = CYLINDRICAL_SURFACE('',#8962,0.5);
#8962 = AXIS2_PLACEMENT_3D('',#8963,#8964,#8965);
#8963 = CARTESIAN_POINT('',(153.39,-99.,-4.6E-02));
#8964 = DIRECTION('',(-0.,-0.,-1.));
#8965 = DIRECTION('',(-0.,-1.,0.));
#8966 = ADVANCED_FACE('',(#8967),#8978,.F.);
#8967 = FACE_BOUND('',#8968,.T.);
#8968 = EDGE_LOOP('',(#8969,#8970,#8976,#8977));
#8969 = ORIENTED_EDGE('',*,*,#8582,.T.);
#8970 = ORIENTED_EDGE('',*,*,#8971,.T.);
#8971 = EDGE_CURVE('',#8583,#8745,#8972,.T.);
#8972 = LINE('',#8973,#8974);
#8973 = CARTESIAN_POINT('',(138.10567,-96.28747,-4.6E-02));
#8974 = VECTOR('',#8975,1.);
#8975 = DIRECTION('',(0.,0.,1.));
#8976 = ORIENTED_EDGE('',*,*,#8744,.F.);
#8977 = ORIENTED_EDGE('',*,*,#8971,.F.);
#8978 = CYLINDRICAL_SURFACE('',#8979,0.5);
#8979 = AXIS2_PLACEMENT_3D('',#8980,#8981,#8982);
#8980 = CARTESIAN_POINT('',(138.10567,-95.78747,-4.6E-02));
#8981 = DIRECTION('',(-0.,-0.,-1.));
#8982 = DIRECTION('',(-0.,-1.,0.));
#8983 = ADVANCED_FACE('',(#8984),#8995,.F.);
#8984 = FACE_BOUND('',#8985,.T.);
#8985 = EDGE_LOOP('',(#8986,#8987,#8993,#8994));
#8986 = ORIENTED_EDGE('',*,*,#8593,.T.);
#8987 = ORIENTED_EDGE('',*,*,#8988,.T.);
#8988 = EDGE_CURVE('',#8594,#8756,#8989,.T.);
#8989 = LINE('',#8990,#8991);
#8990 = CARTESIAN_POINT('',(140.64567,-96.28747,-4.6E-02));
#8991 = VECTOR('',#8992,1.);
#8992 = DIRECTION('',(0.,0.,1.));
#8993 = ORIENTED_EDGE('',*,*,#8755,.F.);
#8994 = ORIENTED_EDGE('',*,*,#8988,.F.);
#8995 = CYLINDRICAL_SURFACE('',#8996,0.5);
#8996 = AXIS2_PLACEMENT_3D('',#8997,#8998,#8999);
#8997 = CARTESIAN_POINT('',(140.64567,-95.78747,-4.6E-02));
#8998 = DIRECTION('',(-0.,-0.,-1.));
#8999 = DIRECTION('',(-0.,-1.,0.));
#9000 = ADVANCED_FACE('',(#9001),#9012,.F.);
#9001 = FACE_BOUND('',#9002,.T.);
#9002 = EDGE_LOOP('',(#9003,#9004,#9010,#9011));
#9003 = ORIENTED_EDGE('',*,*,#8604,.T.);
#9004 = ORIENTED_EDGE('',*,*,#9005,.T.);
#9005 = EDGE_CURVE('',#8605,#8767,#9006,.T.);
#9006 = LINE('',#9007,#9008);
#9007 = CARTESIAN_POINT('',(148.26567,-96.28747,-4.6E-02));
#9008 = VECTOR('',#9009,1.);
#9009 = DIRECTION('',(0.,0.,1.));
#9010 = ORIENTED_EDGE('',*,*,#8766,.F.);
#9011 = ORIENTED_EDGE('',*,*,#9005,.F.);
#9012 = CYLINDRICAL_SURFACE('',#9013,0.5);
#9013 = AXIS2_PLACEMENT_3D('',#9014,#9015,#9016);
#9014 = CARTESIAN_POINT('',(148.26567,-95.78747,-4.6E-02));
#9015 = DIRECTION('',(-0.,-0.,-1.));
#9016 = DIRECTION('',(-0.,-1.,0.));
#9017 = ADVANCED_FACE('',(#9018),#9029,.F.);
#9018 = FACE_BOUND('',#9019,.T.);
#9019 = EDGE_LOOP('',(#9020,#9021,#9027,#9028));
#9020 = ORIENTED_EDGE('',*,*,#8615,.T.);
#9021 = ORIENTED_EDGE('',*,*,#9022,.T.);
#9022 = EDGE_CURVE('',#8616,#8778,#9023,.T.);
#9023 = LINE('',#9024,#9025);
#9024 = CARTESIAN_POINT('',(150.80567,-96.28747,-4.6E-02));
#9025 = VECTOR('',#9026,1.);
#9026 = DIRECTION('',(0.,0.,1.));
#9027 = ORIENTED_EDGE('',*,*,#8777,.F.);
#9028 = ORIENTED_EDGE('',*,*,#9022,.F.);
#9029 = CYLINDRICAL_SURFACE('',#9030,0.5);
#9030 = AXIS2_PLACEMENT_3D('',#9031,#9032,#9033);
#9031 = CARTESIAN_POINT('',(150.80567,-95.78747,-4.6E-02));
#9032 = DIRECTION('',(-0.,-0.,-1.));
#9033 = DIRECTION('',(-0.,-1.,0.));
#9034 = ADVANCED_FACE('',(#9035),#9046,.F.);
#9035 = FACE_BOUND('',#9036,.T.);
#9036 = EDGE_LOOP('',(#9037,#9038,#9044,#9045));
#9037 = ORIENTED_EDGE('',*,*,#8626,.T.);
#9038 = ORIENTED_EDGE('',*,*,#9039,.T.);
#9039 = EDGE_CURVE('',#8627,#8789,#9040,.T.);
#9040 = LINE('',#9041,#9042);
#9041 = CARTESIAN_POINT('',(153.34567,-96.28747,-4.6E-02));
#9042 = VECTOR('',#9043,1.);
#9043 = DIRECTION('',(0.,0.,1.));
#9044 = ORIENTED_EDGE('',*,*,#8788,.F.);
#9045 = ORIENTED_EDGE('',*,*,#9039,.F.);
#9046 = CYLINDRICAL_SURFACE('',#9047,0.5);
#9047 = AXIS2_PLACEMENT_3D('',#9048,#9049,#9050);
#9048 = CARTESIAN_POINT('',(153.34567,-95.78747,-4.6E-02));
#9049 = DIRECTION('',(-0.,-0.,-1.));
#9050 = DIRECTION('',(-0.,-1.,0.));
#9051 = ( GEOMETRIC_REPRESENTATION_CONTEXT(3) 
GLOBAL_UNCERTAINTY_ASSIGNED_CONTEXT((#9055)) 
GLOBAL_UNIT_ASSIGNED_CONTEXT((#9052,#9053,#9054)) REPRESENTATION_CONTEXT
('Context #1','3D Context with UNIT and UNCERTAINTY') );
#9052 = ( LENGTH_UNIT() NAMED_UNIT(*) SI_UNIT(.MILLI.,.METRE.) );
#9053 = ( NAMED_UNIT(*) PLANE_ANGLE_UNIT() SI_UNIT($,.RADIAN.) );
#9054 = ( NAMED_UNIT(*) SI_UNIT($,.STERADIAN.) SOLID_ANGLE_UNIT() );
#9055 = UNCERTAINTY_MEASURE_WITH_UNIT(LENGTH_MEASURE(1.E-07),#9052,
  'distance_accuracy_value','confusion accuracy');
#9056 = CONTEXT_DEPENDENT_SHAPE_REPRESENTATION(#9057,#9059);
#9057 = ( REPRESENTATION_RELATIONSHIP('','',#8370,#10) 
REPRESENTATION_RELATIONSHIP_WITH_TRANSFORMATION(#9058) 
SHAPE_REPRESENTATION_RELATIONSHIP() );
#9058 = ITEM_DEFINED_TRANSFORMATION('','',#11,#39);
#9059 = PRODUCT_DEFINITION_SHAPE('Placement','Placement of an item',
  #9060);
#9060 = NEXT_ASSEMBLY_USAGE_OCCURRENCE('13','=>[0:1:1:8]','',#5,#8365,$
  );
#9061 = PRODUCT_RELATED_PRODUCT_CATEGORY('part',$,(#8367));
#9062 = MECHANICAL_DESIGN_GEOMETRIC_PRESENTATION_REPRESENTATION('',(
    #9063,#9071,#9078,#9085,#9092,#9099,#9106,#9113,#9120,#9127,#9134,
    #9141,#9148,#9155,#9162,#9169,#9176,#9184,#9191,#9198,#9205,#9212,
    #9219,#9226,#9233,#9240,#9247,#9254,#9261,#9268,#9275,#9282,#9289,
    #9296,#9303,#9310,#9317,#9324,#9331,#9338,#9345,#9352,#9359,#9366,
    #9373,#9380,#9387,#9394,#9401,#9408,#9415,#9422),#4487);
#9063 = STYLED_ITEM('color',(#9064),#3057);
#9064 = PRESENTATION_STYLE_ASSIGNMENT((#9065));
#9065 = SURFACE_STYLE_USAGE(.BOTH.,#9066);
#9066 = SURFACE_SIDE_STYLE('',(#9067));
#9067 = SURFACE_STYLE_FILL_AREA(#9068);
#9068 = FILL_AREA_STYLE('',(#9069));
#9069 = FILL_AREA_STYLE_COLOUR('',#9070);
#9070 = COLOUR_RGB('',0.147999998088,0.144999993226,0.144999993226);
#9071 = STYLED_ITEM('color',(#9072),#3097);
#9072 = PRESENTATION_STYLE_ASSIGNMENT((#9073));
#9073 = SURFACE_STYLE_USAGE(.BOTH.,#9074);
#9074 = SURFACE_SIDE_STYLE('',(#9075));
#9075 = SURFACE_STYLE_FILL_AREA(#9076);
#9076 = FILL_AREA_STYLE('',(#9077));
#9077 = FILL_AREA_STYLE_COLOUR('',#9070);
#9078 = STYLED_ITEM('color',(#9079),#3128);
#9079 = PRESENTATION_STYLE_ASSIGNMENT((#9080));
#9080 = SURFACE_STYLE_USAGE(.BOTH.,#9081);
#9081 = SURFACE_SIDE_STYLE('',(#9082));
#9082 = SURFACE_STYLE_FILL_AREA(#9083);
#9083 = FILL_AREA_STYLE('',(#9084));
#9084 = FILL_AREA_STYLE_COLOUR('',#9070);
#9085 = STYLED_ITEM('color',(#9086),#3159);
#9086 = PRESENTATION_STYLE_ASSIGNMENT((#9087));
#9087 = SURFACE_STYLE_USAGE(.BOTH.,#9088);
#9088 = SURFACE_SIDE_STYLE('',(#9089));
#9089 = SURFACE_STYLE_FILL_AREA(#9090);
#9090 = FILL_AREA_STYLE('',(#9091));
#9091 = FILL_AREA_STYLE_COLOUR('',#9070);
#9092 = STYLED_ITEM('color',(#9093),#3324);
#9093 = PRESENTATION_STYLE_ASSIGNMENT((#9094));
#9094 = SURFACE_STYLE_USAGE(.BOTH.,#9095);
#9095 = SURFACE_SIDE_STYLE('',(#9096));
#9096 = SURFACE_STYLE_FILL_AREA(#9097);
#9097 = FILL_AREA_STYLE('',(#9098));
#9098 = FILL_AREA_STYLE_COLOUR('',#9070);
#9099 = STYLED_ITEM('color',(#9100),#3489);
#9100 = PRESENTATION_STYLE_ASSIGNMENT((#9101));
#9101 = SURFACE_STYLE_USAGE(.BOTH.,#9102);
#9102 = SURFACE_SIDE_STYLE('',(#9103));
#9103 = SURFACE_STYLE_FILL_AREA(#9104);
#9104 = FILL_AREA_STYLE('',(#9105));
#9105 = FILL_AREA_STYLE_COLOUR('',#9070);
#9106 = STYLED_ITEM('color',(#9107),#3506);
#9107 = PRESENTATION_STYLE_ASSIGNMENT((#9108));
#9108 = SURFACE_STYLE_USAGE(.BOTH.,#9109);
#9109 = SURFACE_SIDE_STYLE('',(#9110));
#9110 = SURFACE_STYLE_FILL_AREA(#9111);
#9111 = FILL_AREA_STYLE('',(#9112));
#9112 = FILL_AREA_STYLE_COLOUR('',#9070);
#9113 = STYLED_ITEM('color',(#9114),#3523);
#9114 = PRESENTATION_STYLE_ASSIGNMENT((#9115));
#9115 = SURFACE_STYLE_USAGE(.BOTH.,#9116);
#9116 = SURFACE_SIDE_STYLE('',(#9117));
#9117 = SURFACE_STYLE_FILL_AREA(#9118);
#9118 = FILL_AREA_STYLE('',(#9119));
#9119 = FILL_AREA_STYLE_COLOUR('',#9070);
#9120 = STYLED_ITEM('color',(#9121),#3540);
#9121 = PRESENTATION_STYLE_ASSIGNMENT((#9122));
#9122 = SURFACE_STYLE_USAGE(.BOTH.,#9123);
#9123 = SURFACE_SIDE_STYLE('',(#9124));
#9124 = SURFACE_STYLE_FILL_AREA(#9125);
#9125 = FILL_AREA_STYLE('',(#9126));
#9126 = FILL_AREA_STYLE_COLOUR('',#9070);
#9127 = STYLED_ITEM('color',(#9128),#3557);
#9128 = PRESENTATION_STYLE_ASSIGNMENT((#9129));
#9129 = SURFACE_STYLE_USAGE(.BOTH.,#9130);
#9130 = SURFACE_SIDE_STYLE('',(#9131));
#9131 = SURFACE_STYLE_FILL_AREA(#9132);
#9132 = FILL_AREA_STYLE('',(#9133));
#9133 = FILL_AREA_STYLE_COLOUR('',#9070);
#9134 = STYLED_ITEM('color',(#9135),#3574);
#9135 = PRESENTATION_STYLE_ASSIGNMENT((#9136));
#9136 = SURFACE_STYLE_USAGE(.BOTH.,#9137);
#9137 = SURFACE_SIDE_STYLE('',(#9138));
#9138 = SURFACE_STYLE_FILL_AREA(#9139);
#9139 = FILL_AREA_STYLE('',(#9140));
#9140 = FILL_AREA_STYLE_COLOUR('',#9070);
#9141 = STYLED_ITEM('color',(#9142),#3591);
#9142 = PRESENTATION_STYLE_ASSIGNMENT((#9143));
#9143 = SURFACE_STYLE_USAGE(.BOTH.,#9144);
#9144 = SURFACE_SIDE_STYLE('',(#9145));
#9145 = SURFACE_STYLE_FILL_AREA(#9146);
#9146 = FILL_AREA_STYLE('',(#9147));
#9147 = FILL_AREA_STYLE_COLOUR('',#9070);
#9148 = STYLED_ITEM('color',(#9149),#3608);
#9149 = PRESENTATION_STYLE_ASSIGNMENT((#9150));
#9150 = SURFACE_STYLE_USAGE(.BOTH.,#9151);
#9151 = SURFACE_SIDE_STYLE('',(#9152));
#9152 = SURFACE_STYLE_FILL_AREA(#9153);
#9153 = FILL_AREA_STYLE('',(#9154));
#9154 = FILL_AREA_STYLE_COLOUR('',#9070);
#9155 = STYLED_ITEM('color',(#9156),#3625);
#9156 = PRESENTATION_STYLE_ASSIGNMENT((#9157));
#9157 = SURFACE_STYLE_USAGE(.BOTH.,#9158);
#9158 = SURFACE_SIDE_STYLE('',(#9159));
#9159 = SURFACE_STYLE_FILL_AREA(#9160);
#9160 = FILL_AREA_STYLE('',(#9161));
#9161 = FILL_AREA_STYLE_COLOUR('',#9070);
#9162 = STYLED_ITEM('color',(#9163),#3642);
#9163 = PRESENTATION_STYLE_ASSIGNMENT((#9164));
#9164 = SURFACE_STYLE_USAGE(.BOTH.,#9165);
#9165 = SURFACE_SIDE_STYLE('',(#9166));
#9166 = SURFACE_STYLE_FILL_AREA(#9167);
#9167 = FILL_AREA_STYLE('',(#9168));
#9168 = FILL_AREA_STYLE_COLOUR('',#9070);
#9169 = STYLED_ITEM('color',(#9170),#3659);
#9170 = PRESENTATION_STYLE_ASSIGNMENT((#9171));
#9171 = SURFACE_STYLE_USAGE(.BOTH.,#9172);
#9172 = SURFACE_SIDE_STYLE('',(#9173));
#9173 = SURFACE_STYLE_FILL_AREA(#9174);
#9174 = FILL_AREA_STYLE('',(#9175));
#9175 = FILL_AREA_STYLE_COLOUR('',#9070);
#9176 = STYLED_ITEM('color',(#9177),#3671);
#9177 = PRESENTATION_STYLE_ASSIGNMENT((#9178));
#9178 = SURFACE_STYLE_USAGE(.BOTH.,#9179);
#9179 = SURFACE_SIDE_STYLE('',(#9180));
#9180 = SURFACE_STYLE_FILL_AREA(#9181);
#9181 = FILL_AREA_STYLE('',(#9182));
#9182 = FILL_AREA_STYLE_COLOUR('',#9183);
#9183 = COLOUR_RGB('',0.859000020776,0.737999965183,0.495999988746);
#9184 = STYLED_ITEM('color',(#9185),#3702);
#9185 = PRESENTATION_STYLE_ASSIGNMENT((#9186));
#9186 = SURFACE_STYLE_USAGE(.BOTH.,#9187);
#9187 = SURFACE_SIDE_STYLE('',(#9188));
#9188 = SURFACE_STYLE_FILL_AREA(#9189);
#9189 = FILL_AREA_STYLE('',(#9190));
#9190 = FILL_AREA_STYLE_COLOUR('',#9183);
#9191 = STYLED_ITEM('color',(#9192),#3726);
#9192 = PRESENTATION_STYLE_ASSIGNMENT((#9193));
#9193 = SURFACE_STYLE_USAGE(.BOTH.,#9194);
#9194 = SURFACE_SIDE_STYLE('',(#9195));
#9195 = SURFACE_STYLE_FILL_AREA(#9196);
#9196 = FILL_AREA_STYLE('',(#9197));
#9197 = FILL_AREA_STYLE_COLOUR('',#9183);
#9198 = STYLED_ITEM('color',(#9199),#3750);
#9199 = PRESENTATION_STYLE_ASSIGNMENT((#9200));
#9200 = SURFACE_STYLE_USAGE(.BOTH.,#9201);
#9201 = SURFACE_SIDE_STYLE('',(#9202));
#9202 = SURFACE_STYLE_FILL_AREA(#9203);
#9203 = FILL_AREA_STYLE('',(#9204));
#9204 = FILL_AREA_STYLE_COLOUR('',#9183);
#9205 = STYLED_ITEM('color',(#9206),#3767);
#9206 = PRESENTATION_STYLE_ASSIGNMENT((#9207));
#9207 = SURFACE_STYLE_USAGE(.BOTH.,#9208);
#9208 = SURFACE_SIDE_STYLE('',(#9209));
#9209 = SURFACE_STYLE_FILL_AREA(#9210);
#9210 = FILL_AREA_STYLE('',(#9211));
#9211 = FILL_AREA_STYLE_COLOUR('',#9183);
#9212 = STYLED_ITEM('color',(#9213),#3798);
#9213 = PRESENTATION_STYLE_ASSIGNMENT((#9214));
#9214 = SURFACE_STYLE_USAGE(.BOTH.,#9215);
#9215 = SURFACE_SIDE_STYLE('',(#9216));
#9216 = SURFACE_STYLE_FILL_AREA(#9217);
#9217 = FILL_AREA_STYLE('',(#9218));
#9218 = FILL_AREA_STYLE_COLOUR('',#9183);
#9219 = STYLED_ITEM('color',(#9220),#3822);
#9220 = PRESENTATION_STYLE_ASSIGNMENT((#9221));
#9221 = SURFACE_STYLE_USAGE(.BOTH.,#9222);
#9222 = SURFACE_SIDE_STYLE('',(#9223));
#9223 = SURFACE_STYLE_FILL_AREA(#9224);
#9224 = FILL_AREA_STYLE('',(#9225));
#9225 = FILL_AREA_STYLE_COLOUR('',#9183);
#9226 = STYLED_ITEM('color',(#9227),#3846);
#9227 = PRESENTATION_STYLE_ASSIGNMENT((#9228));
#9228 = SURFACE_STYLE_USAGE(.BOTH.,#9229);
#9229 = SURFACE_SIDE_STYLE('',(#9230));
#9230 = SURFACE_STYLE_FILL_AREA(#9231);
#9231 = FILL_AREA_STYLE('',(#9232));
#9232 = FILL_AREA_STYLE_COLOUR('',#9183);
#9233 = STYLED_ITEM('color',(#9234),#3863);
#9234 = PRESENTATION_STYLE_ASSIGNMENT((#9235));
#9235 = SURFACE_STYLE_USAGE(.BOTH.,#9236);
#9236 = SURFACE_SIDE_STYLE('',(#9237));
#9237 = SURFACE_STYLE_FILL_AREA(#9238);
#9238 = FILL_AREA_STYLE('',(#9239));
#9239 = FILL_AREA_STYLE_COLOUR('',#9183);
#9240 = STYLED_ITEM('color',(#9241),#3894);
#9241 = PRESENTATION_STYLE_ASSIGNMENT((#9242));
#9242 = SURFACE_STYLE_USAGE(.BOTH.,#9243);
#9243 = SURFACE_SIDE_STYLE('',(#9244));
#9244 = SURFACE_STYLE_FILL_AREA(#9245);
#9245 = FILL_AREA_STYLE('',(#9246));
#9246 = FILL_AREA_STYLE_COLOUR('',#9183);
#9247 = STYLED_ITEM('color',(#9248),#3918);
#9248 = PRESENTATION_STYLE_ASSIGNMENT((#9249));
#9249 = SURFACE_STYLE_USAGE(.BOTH.,#9250);
#9250 = SURFACE_SIDE_STYLE('',(#9251));
#9251 = SURFACE_STYLE_FILL_AREA(#9252);
#9252 = FILL_AREA_STYLE('',(#9253));
#9253 = FILL_AREA_STYLE_COLOUR('',#9183);
#9254 = STYLED_ITEM('color',(#9255),#3942);
#9255 = PRESENTATION_STYLE_ASSIGNMENT((#9256));
#9256 = SURFACE_STYLE_USAGE(.BOTH.,#9257);
#9257 = SURFACE_SIDE_STYLE('',(#9258));
#9258 = SURFACE_STYLE_FILL_AREA(#9259);
#9259 = FILL_AREA_STYLE('',(#9260));
#9260 = FILL_AREA_STYLE_COLOUR('',#9183);
#9261 = STYLED_ITEM('color',(#9262),#3959);
#9262 = PRESENTATION_STYLE_ASSIGNMENT((#9263));
#9263 = SURFACE_STYLE_USAGE(.BOTH.,#9264);
#9264 = SURFACE_SIDE_STYLE('',(#9265));
#9265 = SURFACE_STYLE_FILL_AREA(#9266);
#9266 = FILL_AREA_STYLE('',(#9267));
#9267 = FILL_AREA_STYLE_COLOUR('',#9183);
#9268 = STYLED_ITEM('color',(#9269),#3990);
#9269 = PRESENTATION_STYLE_ASSIGNMENT((#9270));
#9270 = SURFACE_STYLE_USAGE(.BOTH.,#9271);
#9271 = SURFACE_SIDE_STYLE('',(#9272));
#9272 = SURFACE_STYLE_FILL_AREA(#9273);
#9273 = FILL_AREA_STYLE('',(#9274));
#9274 = FILL_AREA_STYLE_COLOUR('',#9183);
#9275 = STYLED_ITEM('color',(#9276),#4014);
#9276 = PRESENTATION_STYLE_ASSIGNMENT((#9277));
#9277 = SURFACE_STYLE_USAGE(.BOTH.,#9278);
#9278 = SURFACE_SIDE_STYLE('',(#9279));
#9279 = SURFACE_STYLE_FILL_AREA(#9280);
#9280 = FILL_AREA_STYLE('',(#9281));
#9281 = FILL_AREA_STYLE_COLOUR('',#9183);
#9282 = STYLED_ITEM('color',(#9283),#4038);
#9283 = PRESENTATION_STYLE_ASSIGNMENT((#9284));
#9284 = SURFACE_STYLE_USAGE(.BOTH.,#9285);
#9285 = SURFACE_SIDE_STYLE('',(#9286));
#9286 = SURFACE_STYLE_FILL_AREA(#9287);
#9287 = FILL_AREA_STYLE('',(#9288));
#9288 = FILL_AREA_STYLE_COLOUR('',#9183);
#9289 = STYLED_ITEM('color',(#9290),#4055);
#9290 = PRESENTATION_STYLE_ASSIGNMENT((#9291));
#9291 = SURFACE_STYLE_USAGE(.BOTH.,#9292);
#9292 = SURFACE_SIDE_STYLE('',(#9293));
#9293 = SURFACE_STYLE_FILL_AREA(#9294);
#9294 = FILL_AREA_STYLE('',(#9295));
#9295 = FILL_AREA_STYLE_COLOUR('',#9183);
#9296 = STYLED_ITEM('color',(#9297),#4086);
#9297 = PRESENTATION_STYLE_ASSIGNMENT((#9298));
#9298 = SURFACE_STYLE_USAGE(.BOTH.,#9299);
#9299 = SURFACE_SIDE_STYLE('',(#9300));
#9300 = SURFACE_STYLE_FILL_AREA(#9301);
#9301 = FILL_AREA_STYLE('',(#9302));
#9302 = FILL_AREA_STYLE_COLOUR('',#9183);
#9303 = STYLED_ITEM('color',(#9304),#4110);
#9304 = PRESENTATION_STYLE_ASSIGNMENT((#9305));
#9305 = SURFACE_STYLE_USAGE(.BOTH.,#9306);
#9306 = SURFACE_SIDE_STYLE('',(#9307));
#9307 = SURFACE_STYLE_FILL_AREA(#9308);
#9308 = FILL_AREA_STYLE('',(#9309));
#9309 = FILL_AREA_STYLE_COLOUR('',#9183);
#9310 = STYLED_ITEM('color',(#9311),#4134);
#9311 = PRESENTATION_STYLE_ASSIGNMENT((#9312));
#9312 = SURFACE_STYLE_USAGE(.BOTH.,#9313);
#9313 = SURFACE_SIDE_STYLE('',(#9314));
#9314 = SURFACE_STYLE_FILL_AREA(#9315);
#9315 = FILL_AREA_STYLE('',(#9316));
#9316 = FILL_AREA_STYLE_COLOUR('',#9183);
#9317 = STYLED_ITEM('color',(#9318),#4151);
#9318 = PRESENTATION_STYLE_ASSIGNMENT((#9319));
#9319 = SURFACE_STYLE_USAGE(.BOTH.,#9320);
#9320 = SURFACE_SIDE_STYLE('',(#9321));
#9321 = SURFACE_STYLE_FILL_AREA(#9322);
#9322 = FILL_AREA_STYLE('',(#9323));
#9323 = FILL_AREA_STYLE_COLOUR('',#9183);
#9324 = STYLED_ITEM('color',(#9325),#4182);
#9325 = PRESENTATION_STYLE_ASSIGNMENT((#9326));
#9326 = SURFACE_STYLE_USAGE(.BOTH.,#9327);
#9327 = SURFACE_SIDE_STYLE('',(#9328));
#9328 = SURFACE_STYLE_FILL_AREA(#9329);
#9329 = FILL_AREA_STYLE('',(#9330));
#9330 = FILL_AREA_STYLE_COLOUR('',#9183);
#9331 = STYLED_ITEM('color',(#9332),#4206);
#9332 = PRESENTATION_STYLE_ASSIGNMENT((#9333));
#9333 = SURFACE_STYLE_USAGE(.BOTH.,#9334);
#9334 = SURFACE_SIDE_STYLE('',(#9335));
#9335 = SURFACE_STYLE_FILL_AREA(#9336);
#9336 = FILL_AREA_STYLE('',(#9337));
#9337 = FILL_AREA_STYLE_COLOUR('',#9183);
#9338 = STYLED_ITEM('color',(#9339),#4230);
#9339 = PRESENTATION_STYLE_ASSIGNMENT((#9340));
#9340 = SURFACE_STYLE_USAGE(.BOTH.,#9341);
#9341 = SURFACE_SIDE_STYLE('',(#9342));
#9342 = SURFACE_STYLE_FILL_AREA(#9343);
#9343 = FILL_AREA_STYLE('',(#9344));
#9344 = FILL_AREA_STYLE_COLOUR('',#9183);
#9345 = STYLED_ITEM('color',(#9346),#4247);
#9346 = PRESENTATION_STYLE_ASSIGNMENT((#9347));
#9347 = SURFACE_STYLE_USAGE(.BOTH.,#9348);
#9348 = SURFACE_SIDE_STYLE('',(#9349));
#9349 = SURFACE_STYLE_FILL_AREA(#9350);
#9350 = FILL_AREA_STYLE('',(#9351));
#9351 = FILL_AREA_STYLE_COLOUR('',#9183);
#9352 = STYLED_ITEM('color',(#9353),#4278);
#9353 = PRESENTATION_STYLE_ASSIGNMENT((#9354));
#9354 = SURFACE_STYLE_USAGE(.BOTH.,#9355);
#9355 = SURFACE_SIDE_STYLE('',(#9356));
#9356 = SURFACE_STYLE_FILL_AREA(#9357);
#9357 = FILL_AREA_STYLE('',(#9358));
#9358 = FILL_AREA_STYLE_COLOUR('',#9183);
#9359 = STYLED_ITEM('color',(#9360),#4302);
#9360 = PRESENTATION_STYLE_ASSIGNMENT((#9361));
#9361 = SURFACE_STYLE_USAGE(.BOTH.,#9362);
#9362 = SURFACE_SIDE_STYLE('',(#9363));
#9363 = SURFACE_STYLE_FILL_AREA(#9364);
#9364 = FILL_AREA_STYLE('',(#9365));
#9365 = FILL_AREA_STYLE_COLOUR('',#9183);
#9366 = STYLED_ITEM('color',(#9367),#4326);
#9367 = PRESENTATION_STYLE_ASSIGNMENT((#9368));
#9368 = SURFACE_STYLE_USAGE(.BOTH.,#9369);
#9369 = SURFACE_SIDE_STYLE('',(#9370));
#9370 = SURFACE_STYLE_FILL_AREA(#9371);
#9371 = FILL_AREA_STYLE('',(#9372));
#9372 = FILL_AREA_STYLE_COLOUR('',#9183);
#9373 = STYLED_ITEM('color',(#9374),#4343);
#9374 = PRESENTATION_STYLE_ASSIGNMENT((#9375));
#9375 = SURFACE_STYLE_USAGE(.BOTH.,#9376);
#9376 = SURFACE_SIDE_STYLE('',(#9377));
#9377 = SURFACE_STYLE_FILL_AREA(#9378);
#9378 = FILL_AREA_STYLE('',(#9379));
#9379 = FILL_AREA_STYLE_COLOUR('',#9183);
#9380 = STYLED_ITEM('color',(#9381),#4374);
#9381 = PRESENTATION_STYLE_ASSIGNMENT((#9382));
#9382 = SURFACE_STYLE_USAGE(.BOTH.,#9383);
#9383 = SURFACE_SIDE_STYLE('',(#9384));
#9384 = SURFACE_STYLE_FILL_AREA(#9385);
#9385 = FILL_AREA_STYLE('',(#9386));
#9386 = FILL_AREA_STYLE_COLOUR('',#9183);
#9387 = STYLED_ITEM('color',(#9388),#4398);
#9388 = PRESENTATION_STYLE_ASSIGNMENT((#9389));
#9389 = SURFACE_STYLE_USAGE(.BOTH.,#9390);
#9390 = SURFACE_SIDE_STYLE('',(#9391));
#9391 = SURFACE_STYLE_FILL_AREA(#9392);
#9392 = FILL_AREA_STYLE('',(#9393));
#9393 = FILL_AREA_STYLE_COLOUR('',#9183);
#9394 = STYLED_ITEM('color',(#9395),#4422);
#9395 = PRESENTATION_STYLE_ASSIGNMENT((#9396));
#9396 = SURFACE_STYLE_USAGE(.BOTH.,#9397);
#9397 = SURFACE_SIDE_STYLE('',(#9398));
#9398 = SURFACE_STYLE_FILL_AREA(#9399);
#9399 = FILL_AREA_STYLE('',(#9400));
#9400 = FILL_AREA_STYLE_COLOUR('',#9183);
#9401 = STYLED_ITEM('color',(#9402),#4439);
#9402 = PRESENTATION_STYLE_ASSIGNMENT((#9403));
#9403 = SURFACE_STYLE_USAGE(.BOTH.,#9404);
#9404 = SURFACE_SIDE_STYLE('',(#9405));
#9405 = SURFACE_STYLE_FILL_AREA(#9406);
#9406 = FILL_AREA_STYLE('',(#9407));
#9407 = FILL_AREA_STYLE_COLOUR('',#9183);
#9408 = STYLED_ITEM('color',(#9409),#4451);
#9409 = PRESENTATION_STYLE_ASSIGNMENT((#9410));
#9410 = SURFACE_STYLE_USAGE(.BOTH.,#9411);
#9411 = SURFACE_SIDE_STYLE('',(#9412));
#9412 = SURFACE_STYLE_FILL_AREA(#9413);
#9413 = FILL_AREA_STYLE('',(#9414));
#9414 = FILL_AREA_STYLE_COLOUR('',#9183);
#9415 = STYLED_ITEM('color',(#9416),#4463);
#9416 = PRESENTATION_STYLE_ASSIGNMENT((#9417));
#9417 = SURFACE_STYLE_USAGE(.BOTH.,#9418);
#9418 = SURFACE_SIDE_STYLE('',(#9419));
#9419 = SURFACE_STYLE_FILL_AREA(#9420);
#9420 = FILL_AREA_STYLE('',(#9421));
#9421 = FILL_AREA_STYLE_COLOUR('',#9183);
#9422 = STYLED_ITEM('color',(#9423),#4475);
#9423 = PRESENTATION_STYLE_ASSIGNMENT((#9424));
#9424 = SURFACE_STYLE_USAGE(.BOTH.,#9425);
#9425 = SURFACE_SIDE_STYLE('',(#9426));
#9426 = SURFACE_STYLE_FILL_AREA(#9427);
#9427 = FILL_AREA_STYLE('',(#9428));
#9428 = FILL_AREA_STYLE_COLOUR('',#9183);
#9429 = MECHANICAL_DESIGN_GEOMETRIC_PRESENTATION_REPRESENTATION('',(
    #9430),#5080);
#9430 = STYLED_ITEM('color',(#9431),#4930);
#9431 = PRESENTATION_STYLE_ASSIGNMENT((#9432));
#9432 = SURFACE_STYLE_USAGE(.BOTH.,#9433);
#9433 = SURFACE_SIDE_STYLE('',(#9434));
#9434 = SURFACE_STYLE_FILL_AREA(#9435);
#9435 = FILL_AREA_STYLE('',(#9436));
#9436 = FILL_AREA_STYLE_COLOUR('',#9437);
#9437 = COLOUR_RGB('',1.,1.,0.949000007676);
#9438 = MECHANICAL_DESIGN_GEOMETRIC_PRESENTATION_REPRESENTATION('',(
    #9439,#9447,#9454,#9461,#9468,#9475,#9482,#9489,#9496,#9503,#9510,
    #9518,#9525,#9532,#9539,#9546,#9553,#9560,#9567,#9574,#9581,#9588,
    #9595,#9602,#9609,#9616,#9623,#9630),#911);
#9439 = STYLED_ITEM('color',(#9440),#59);
#9440 = PRESENTATION_STYLE_ASSIGNMENT((#9441));
#9441 = SURFACE_STYLE_USAGE(.BOTH.,#9442);
#9442 = SURFACE_SIDE_STYLE('',(#9443));
#9443 = SURFACE_STYLE_FILL_AREA(#9444);
#9444 = FILL_AREA_STYLE('',(#9445));
#9445 = FILL_AREA_STYLE_COLOUR('',#9446);
#9446 = COLOUR_RGB('',0.823999987314,0.819999987296,0.781000009244);
#9447 = STYLED_ITEM('color',(#9448),#135);
#9448 = PRESENTATION_STYLE_ASSIGNMENT((#9449));
#9449 = SURFACE_STYLE_USAGE(.BOTH.,#9450);
#9450 = SURFACE_SIDE_STYLE('',(#9451));
#9451 = SURFACE_STYLE_FILL_AREA(#9452);
#9452 = FILL_AREA_STYLE('',(#9453));
#9453 = FILL_AREA_STYLE_COLOUR('',#9446);
#9454 = STYLED_ITEM('color',(#9455),#166);
#9455 = PRESENTATION_STYLE_ASSIGNMENT((#9456));
#9456 = SURFACE_STYLE_USAGE(.BOTH.,#9457);
#9457 = SURFACE_SIDE_STYLE('',(#9458));
#9458 = SURFACE_STYLE_FILL_AREA(#9459);
#9459 = FILL_AREA_STYLE('',(#9460));
#9460 = FILL_AREA_STYLE_COLOUR('',#9446);
#9461 = STYLED_ITEM('color',(#9462),#191);
#9462 = PRESENTATION_STYLE_ASSIGNMENT((#9463));
#9463 = SURFACE_STYLE_USAGE(.BOTH.,#9464);
#9464 = SURFACE_SIDE_STYLE('',(#9465));
#9465 = SURFACE_STYLE_FILL_AREA(#9466);
#9466 = FILL_AREA_STYLE('',(#9467));
#9467 = FILL_AREA_STYLE_COLOUR('',#9446);
#9468 = STYLED_ITEM('color',(#9469),#216);
#9469 = PRESENTATION_STYLE_ASSIGNMENT((#9470));
#9470 = SURFACE_STYLE_USAGE(.BOTH.,#9471);
#9471 = SURFACE_SIDE_STYLE('',(#9472));
#9472 = SURFACE_STYLE_FILL_AREA(#9473);
#9473 = FILL_AREA_STYLE('',(#9474));
#9474 = FILL_AREA_STYLE_COLOUR('',#9446);
#9475 = STYLED_ITEM('color',(#9476),#240);
#9476 = PRESENTATION_STYLE_ASSIGNMENT((#9477));
#9477 = SURFACE_STYLE_USAGE(.BOTH.,#9478);
#9478 = SURFACE_SIDE_STYLE('',(#9479));
#9479 = SURFACE_STYLE_FILL_AREA(#9480);
#9480 = FILL_AREA_STYLE('',(#9481));
#9481 = FILL_AREA_STYLE_COLOUR('',#9446);
#9482 = STYLED_ITEM('color',(#9483),#264);
#9483 = PRESENTATION_STYLE_ASSIGNMENT((#9484));
#9484 = SURFACE_STYLE_USAGE(.BOTH.,#9485);
#9485 = SURFACE_SIDE_STYLE('',(#9486));
#9486 = SURFACE_STYLE_FILL_AREA(#9487);
#9487 = FILL_AREA_STYLE('',(#9488));
#9488 = FILL_AREA_STYLE_COLOUR('',#9446);
#9489 = STYLED_ITEM('color',(#9490),#289);
#9490 = PRESENTATION_STYLE_ASSIGNMENT((#9491));
#9491 = SURFACE_STYLE_USAGE(.BOTH.,#9492);
#9492 = SURFACE_SIDE_STYLE('',(#9493));
#9493 = SURFACE_STYLE_FILL_AREA(#9494);
#9494 = FILL_AREA_STYLE('',(#9495));
#9495 = FILL_AREA_STYLE_COLOUR('',#9446);
#9496 = STYLED_ITEM('color',(#9497),#314);
#9497 = PRESENTATION_STYLE_ASSIGNMENT((#9498));
#9498 = SURFACE_STYLE_USAGE(.BOTH.,#9499);
#9499 = SURFACE_SIDE_STYLE('',(#9500));
#9500 = SURFACE_STYLE_FILL_AREA(#9501);
#9501 = FILL_AREA_STYLE('',(#9502));
#9502 = FILL_AREA_STYLE_COLOUR('',#9446);
#9503 = STYLED_ITEM('color',(#9504),#331);
#9504 = PRESENTATION_STYLE_ASSIGNMENT((#9505));
#9505 = SURFACE_STYLE_USAGE(.BOTH.,#9506);
#9506 = SURFACE_SIDE_STYLE('',(#9507));
#9507 = SURFACE_STYLE_FILL_AREA(#9508);
#9508 = FILL_AREA_STYLE('',(#9509));
#9509 = FILL_AREA_STYLE_COLOUR('',#9446);
#9510 = STYLED_ITEM('color',(#9511),#417);
#9511 = PRESENTATION_STYLE_ASSIGNMENT((#9512));
#9512 = SURFACE_STYLE_USAGE(.BOTH.,#9513);
#9513 = SURFACE_SIDE_STYLE('',(#9514));
#9514 = SURFACE_STYLE_FILL_AREA(#9515);
#9515 = FILL_AREA_STYLE('',(#9516));
#9516 = FILL_AREA_STYLE_COLOUR('',#9517);
#9517 = COLOUR_RGB('',0.272999999305,0.272999999305,0.272999999305);
#9518 = STYLED_ITEM('color',(#9519),#449);
#9519 = PRESENTATION_STYLE_ASSIGNMENT((#9520));
#9520 = SURFACE_STYLE_USAGE(.BOTH.,#9521);
#9521 = SURFACE_SIDE_STYLE('',(#9522));
#9522 = SURFACE_STYLE_FILL_AREA(#9523);
#9523 = FILL_AREA_STYLE('',(#9524));
#9524 = FILL_AREA_STYLE_COLOUR('',#9517);
#9525 = STYLED_ITEM('color',(#9526),#473);
#9526 = PRESENTATION_STYLE_ASSIGNMENT((#9527));
#9527 = SURFACE_STYLE_USAGE(.BOTH.,#9528);
#9528 = SURFACE_SIDE_STYLE('',(#9529));
#9529 = SURFACE_STYLE_FILL_AREA(#9530);
#9530 = FILL_AREA_STYLE('',(#9531));
#9531 = FILL_AREA_STYLE_COLOUR('',#9517);
#9532 = STYLED_ITEM('color',(#9533),#498);
#9533 = PRESENTATION_STYLE_ASSIGNMENT((#9534));
#9534 = SURFACE_STYLE_USAGE(.BOTH.,#9535);
#9535 = SURFACE_SIDE_STYLE('',(#9536));
#9536 = SURFACE_STYLE_FILL_AREA(#9537);
#9537 = FILL_AREA_STYLE('',(#9538));
#9538 = FILL_AREA_STYLE_COLOUR('',#9517);
#9539 = STYLED_ITEM('color',(#9540),#522);
#9540 = PRESENTATION_STYLE_ASSIGNMENT((#9541));
#9541 = SURFACE_STYLE_USAGE(.BOTH.,#9542);
#9542 = SURFACE_SIDE_STYLE('',(#9543));
#9543 = SURFACE_STYLE_FILL_AREA(#9544);
#9544 = FILL_AREA_STYLE('',(#9545));
#9545 = FILL_AREA_STYLE_COLOUR('',#9517);
#9546 = STYLED_ITEM('color',(#9547),#547);
#9547 = PRESENTATION_STYLE_ASSIGNMENT((#9548));
#9548 = SURFACE_STYLE_USAGE(.BOTH.,#9549);
#9549 = SURFACE_SIDE_STYLE('',(#9550));
#9550 = SURFACE_STYLE_FILL_AREA(#9551);
#9551 = FILL_AREA_STYLE('',(#9552));
#9552 = FILL_AREA_STYLE_COLOUR('',#9517);
#9553 = STYLED_ITEM('color',(#9554),#571);
#9554 = PRESENTATION_STYLE_ASSIGNMENT((#9555));
#9555 = SURFACE_STYLE_USAGE(.BOTH.,#9556);
#9556 = SURFACE_SIDE_STYLE('',(#9557));
#9557 = SURFACE_STYLE_FILL_AREA(#9558);
#9558 = FILL_AREA_STYLE('',(#9559));
#9559 = FILL_AREA_STYLE_COLOUR('',#9517);
#9560 = STYLED_ITEM('color',(#9561),#596);
#9561 = PRESENTATION_STYLE_ASSIGNMENT((#9562));
#9562 = SURFACE_STYLE_USAGE(.BOTH.,#9563);
#9563 = SURFACE_SIDE_STYLE('',(#9564));
#9564 = SURFACE_STYLE_FILL_AREA(#9565);
#9565 = FILL_AREA_STYLE('',(#9566));
#9566 = FILL_AREA_STYLE_COLOUR('',#9517);
#9567 = STYLED_ITEM('color',(#9568),#613);
#9568 = PRESENTATION_STYLE_ASSIGNMENT((#9569));
#9569 = SURFACE_STYLE_USAGE(.BOTH.,#9570);
#9570 = SURFACE_SIDE_STYLE('',(#9571));
#9571 = SURFACE_STYLE_FILL_AREA(#9572);
#9572 = FILL_AREA_STYLE('',(#9573));
#9573 = FILL_AREA_STYLE_COLOUR('',#9446);
#9574 = STYLED_ITEM('color',(#9575),#699);
#9575 = PRESENTATION_STYLE_ASSIGNMENT((#9576));
#9576 = SURFACE_STYLE_USAGE(.BOTH.,#9577);
#9577 = SURFACE_SIDE_STYLE('',(#9578));
#9578 = SURFACE_STYLE_FILL_AREA(#9579);
#9579 = FILL_AREA_STYLE('',(#9580));
#9580 = FILL_AREA_STYLE_COLOUR('',#9446);
#9581 = STYLED_ITEM('color',(#9582),#730);
#9582 = PRESENTATION_STYLE_ASSIGNMENT((#9583));
#9583 = SURFACE_STYLE_USAGE(.BOTH.,#9584);
#9584 = SURFACE_SIDE_STYLE('',(#9585));
#9585 = SURFACE_STYLE_FILL_AREA(#9586);
#9586 = FILL_AREA_STYLE('',(#9587));
#9587 = FILL_AREA_STYLE_COLOUR('',#9446);
#9588 = STYLED_ITEM('color',(#9589),#755);
#9589 = PRESENTATION_STYLE_ASSIGNMENT((#9590));
#9590 = SURFACE_STYLE_USAGE(.BOTH.,#9591);
#9591 = SURFACE_SIDE_STYLE('',(#9592));
#9592 = SURFACE_STYLE_FILL_AREA(#9593);
#9593 = FILL_AREA_STYLE('',(#9594));
#9594 = FILL_AREA_STYLE_COLOUR('',#9446);
#9595 = STYLED_ITEM('color',(#9596),#780);
#9596 = PRESENTATION_STYLE_ASSIGNMENT((#9597));
#9597 = SURFACE_STYLE_USAGE(.BOTH.,#9598);
#9598 = SURFACE_SIDE_STYLE('',(#9599));
#9599 = SURFACE_STYLE_FILL_AREA(#9600);
#9600 = FILL_AREA_STYLE('',(#9601));
#9601 = FILL_AREA_STYLE_COLOUR('',#9446);
#9602 = STYLED_ITEM('color',(#9603),#804);
#9603 = PRESENTATION_STYLE_ASSIGNMENT((#9604));
#9604 = SURFACE_STYLE_USAGE(.BOTH.,#9605);
#9605 = SURFACE_SIDE_STYLE('',(#9606));
#9606 = SURFACE_STYLE_FILL_AREA(#9607);
#9607 = FILL_AREA_STYLE('',(#9608));
#9608 = FILL_AREA_STYLE_COLOUR('',#9446);
#9609 = STYLED_ITEM('color',(#9610),#828);
#9610 = PRESENTATION_STYLE_ASSIGNMENT((#9611));
#9611 = SURFACE_STYLE_USAGE(.BOTH.,#9612);
#9612 = SURFACE_SIDE_STYLE('',(#9613));
#9613 = SURFACE_STYLE_FILL_AREA(#9614);
#9614 = FILL_AREA_STYLE('',(#9615));
#9615 = FILL_AREA_STYLE_COLOUR('',#9446);
#9616 = STYLED_ITEM('color',(#9617),#853);
#9617 = PRESENTATION_STYLE_ASSIGNMENT((#9618));
#9618 = SURFACE_STYLE_USAGE(.BOTH.,#9619);
#9619 = SURFACE_SIDE_STYLE('',(#9620));
#9620 = SURFACE_STYLE_FILL_AREA(#9621);
#9621 = FILL_AREA_STYLE('',(#9622));
#9622 = FILL_AREA_STYLE_COLOUR('',#9446);
#9623 = STYLED_ITEM('color',(#9624),#878);
#9624 = PRESENTATION_STYLE_ASSIGNMENT((#9625));
#9625 = SURFACE_STYLE_USAGE(.BOTH.,#9626);
#9626 = SURFACE_SIDE_STYLE('',(#9627));
#9627 = SURFACE_STYLE_FILL_AREA(#9628);
#9628 = FILL_AREA_STYLE('',(#9629));
#9629 = FILL_AREA_STYLE_COLOUR('',#9446);
#9630 = STYLED_ITEM('color',(#9631),#895);
#9631 = PRESENTATION_STYLE_ASSIGNMENT((#9632));
#9632 = SURFACE_STYLE_USAGE(.BOTH.,#9633);
#9633 = SURFACE_SIDE_STYLE('',(#9634));
#9634 = SURFACE_STYLE_FILL_AREA(#9635);
#9635 = FILL_AREA_STYLE('',(#9636));
#9636 = FILL_AREA_STYLE_COLOUR('',#9446);
#9637 = MECHANICAL_DESIGN_GEOMETRIC_PRESENTATION_REPRESENTATION('',(
    #9638,#9648),#8352);
#9638 = STYLED_ITEM('color',(#9639),#7850);
#9639 = PRESENTATION_STYLE_ASSIGNMENT((#9640));
#9640 = SURFACE_STYLE_USAGE(.BOTH.,#9641);
#9641 = SURFACE_SIDE_STYLE('',(#9642,#9646));
#9642 = SURFACE_STYLE_FILL_AREA(#9643);
#9643 = FILL_AREA_STYLE('',(#9644));
#9644 = FILL_AREA_STYLE_COLOUR('',#9645);
#9645 = COLOUR_RGB('',0.204454873135,0.204454873135,0.204454873135);
#9646 = SURFACE_STYLE_RENDERING_WITH_PROPERTIES(.NORMAL_SHADING.,#9645,(
    #9647));
#9647 = SURFACE_STYLE_TRANSPARENT(0.170000016689);
#9648 = STYLED_ITEM('color',(#9649),#8102);
#9649 = PRESENTATION_STYLE_ASSIGNMENT((#9650));
#9650 = SURFACE_STYLE_USAGE(.BOTH.,#9651);
#9651 = SURFACE_SIDE_STYLE('',(#9652,#9655));
#9652 = SURFACE_STYLE_FILL_AREA(#9653);
#9653 = FILL_AREA_STYLE('',(#9654));
#9654 = FILL_AREA_STYLE_COLOUR('',#9645);
#9655 = SURFACE_STYLE_RENDERING_WITH_PROPERTIES(.NORMAL_SHADING.,#9645,(
    #9656));
#9656 = SURFACE_STYLE_TRANSPARENT(0.170000016689);
#9657 = MECHANICAL_DESIGN_GEOMETRIC_PRESENTATION_REPRESENTATION('',(
    #9658),#9051);
#9658 = STYLED_ITEM('color',(#9659),#8371);
#9659 = PRESENTATION_STYLE_ASSIGNMENT((#9660));
#9660 = SURFACE_STYLE_USAGE(.BOTH.,#9661);
#9661 = SURFACE_SIDE_STYLE('',(#9662));
#9662 = SURFACE_STYLE_FILL_AREA(#9663);
#9663 = FILL_AREA_STYLE('',(#9664));
#9664 = FILL_AREA_STYLE_COLOUR('',#9665);
#9665 = COLOUR_RGB('',0.685380707801,0.704833110346,0.578582128266);
#9666 = MECHANICAL_DESIGN_GEOMETRIC_PRESENTATION_REPRESENTATION('',(
    #9667,#9674,#9681,#9688,#9695,#9702,#9709,#9716,#9723,#9730,#9737,
    #9744,#9751,#9758,#9765,#9772,#9779,#9786,#9793,#9800,#9807,#9814,
    #9821,#9828,#9835,#9842,#9849,#9856,#9863,#9870,#9877,#9884,#9891,
    #9898,#9905,#9912,#9919,#9926,#9933,#9940,#9947,#9954,#9961,#9968,
    #9975,#9982,#9989,#9996,#10003,#10010,#10017,#10024,#10031,#10038,
    #10045,#10052,#10059,#10066,#10073,#10080,#10087,#10094,#10101,
    #10108,#10115,#10122,#10129,#10136,#10143,#10150,#10157,#10164,
    #10171,#10178,#10185,#10192),#3036);
#9667 = STYLED_ITEM('color',(#9668),#932);
#9668 = PRESENTATION_STYLE_ASSIGNMENT((#9669));
#9669 = SURFACE_STYLE_USAGE(.BOTH.,#9670);
#9670 = SURFACE_SIDE_STYLE('',(#9671));
#9671 = SURFACE_STYLE_FILL_AREA(#9672);
#9672 = FILL_AREA_STYLE('',(#9673));
#9673 = FILL_AREA_STYLE_COLOUR('',#9070);
#9674 = STYLED_ITEM('color',(#9675),#972);
#9675 = PRESENTATION_STYLE_ASSIGNMENT((#9676));
#9676 = SURFACE_STYLE_USAGE(.BOTH.,#9677);
#9677 = SURFACE_SIDE_STYLE('',(#9678));
#9678 = SURFACE_STYLE_FILL_AREA(#9679);
#9679 = FILL_AREA_STYLE('',(#9680));
#9680 = FILL_AREA_STYLE_COLOUR('',#9070);
#9681 = STYLED_ITEM('color',(#9682),#1003);
#9682 = PRESENTATION_STYLE_ASSIGNMENT((#9683));
#9683 = SURFACE_STYLE_USAGE(.BOTH.,#9684);
#9684 = SURFACE_SIDE_STYLE('',(#9685));
#9685 = SURFACE_STYLE_FILL_AREA(#9686);
#9686 = FILL_AREA_STYLE('',(#9687));
#9687 = FILL_AREA_STYLE_COLOUR('',#9070);
#9688 = STYLED_ITEM('color',(#9689),#1034);
#9689 = PRESENTATION_STYLE_ASSIGNMENT((#9690));
#9690 = SURFACE_STYLE_USAGE(.BOTH.,#9691);
#9691 = SURFACE_SIDE_STYLE('',(#9692));
#9692 = SURFACE_STYLE_FILL_AREA(#9693);
#9693 = FILL_AREA_STYLE('',(#9694));
#9694 = FILL_AREA_STYLE_COLOUR('',#9070);
#9695 = STYLED_ITEM('color',(#9696),#1281);
#9696 = PRESENTATION_STYLE_ASSIGNMENT((#9697));
#9697 = SURFACE_STYLE_USAGE(.BOTH.,#9698);
#9698 = SURFACE_SIDE_STYLE('',(#9699));
#9699 = SURFACE_STYLE_FILL_AREA(#9700);
#9700 = FILL_AREA_STYLE('',(#9701));
#9701 = FILL_AREA_STYLE_COLOUR('',#9070);
#9702 = STYLED_ITEM('color',(#9703),#1528);
#9703 = PRESENTATION_STYLE_ASSIGNMENT((#9704));
#9704 = SURFACE_STYLE_USAGE(.BOTH.,#9705);
#9705 = SURFACE_SIDE_STYLE('',(#9706));
#9706 = SURFACE_STYLE_FILL_AREA(#9707);
#9707 = FILL_AREA_STYLE('',(#9708));
#9708 = FILL_AREA_STYLE_COLOUR('',#9070);
#9709 = STYLED_ITEM('color',(#9710),#1545);
#9710 = PRESENTATION_STYLE_ASSIGNMENT((#9711));
#9711 = SURFACE_STYLE_USAGE(.BOTH.,#9712);
#9712 = SURFACE_SIDE_STYLE('',(#9713));
#9713 = SURFACE_STYLE_FILL_AREA(#9714);
#9714 = FILL_AREA_STYLE('',(#9715));
#9715 = FILL_AREA_STYLE_COLOUR('',#9070);
#9716 = STYLED_ITEM('color',(#9717),#1562);
#9717 = PRESENTATION_STYLE_ASSIGNMENT((#9718));
#9718 = SURFACE_STYLE_USAGE(.BOTH.,#9719);
#9719 = SURFACE_SIDE_STYLE('',(#9720));
#9720 = SURFACE_STYLE_FILL_AREA(#9721);
#9721 = FILL_AREA_STYLE('',(#9722));
#9722 = FILL_AREA_STYLE_COLOUR('',#9070);
#9723 = STYLED_ITEM('color',(#9724),#1579);
#9724 = PRESENTATION_STYLE_ASSIGNMENT((#9725));
#9725 = SURFACE_STYLE_USAGE(.BOTH.,#9726);
#9726 = SURFACE_SIDE_STYLE('',(#9727));
#9727 = SURFACE_STYLE_FILL_AREA(#9728);
#9728 = FILL_AREA_STYLE('',(#9729));
#9729 = FILL_AREA_STYLE_COLOUR('',#9070);
#9730 = STYLED_ITEM('color',(#9731),#1596);
#9731 = PRESENTATION_STYLE_ASSIGNMENT((#9732));
#9732 = SURFACE_STYLE_USAGE(.BOTH.,#9733);
#9733 = SURFACE_SIDE_STYLE('',(#9734));
#9734 = SURFACE_STYLE_FILL_AREA(#9735);
#9735 = FILL_AREA_STYLE('',(#9736));
#9736 = FILL_AREA_STYLE_COLOUR('',#9070);
#9737 = STYLED_ITEM('color',(#9738),#1613);
#9738 = PRESENTATION_STYLE_ASSIGNMENT((#9739));
#9739 = SURFACE_STYLE_USAGE(.BOTH.,#9740);
#9740 = SURFACE_SIDE_STYLE('',(#9741));
#9741 = SURFACE_STYLE_FILL_AREA(#9742);
#9742 = FILL_AREA_STYLE('',(#9743));
#9743 = FILL_AREA_STYLE_COLOUR('',#9070);
#9744 = STYLED_ITEM('color',(#9745),#1630);
#9745 = PRESENTATION_STYLE_ASSIGNMENT((#9746));
#9746 = SURFACE_STYLE_USAGE(.BOTH.,#9747);
#9747 = SURFACE_SIDE_STYLE('',(#9748));
#9748 = SURFACE_STYLE_FILL_AREA(#9749);
#9749 = FILL_AREA_STYLE('',(#9750));
#9750 = FILL_AREA_STYLE_COLOUR('',#9070);
#9751 = STYLED_ITEM('color',(#9752),#1647);
#9752 = PRESENTATION_STYLE_ASSIGNMENT((#9753));
#9753 = SURFACE_STYLE_USAGE(.BOTH.,#9754);
#9754 = SURFACE_SIDE_STYLE('',(#9755));
#9755 = SURFACE_STYLE_FILL_AREA(#9756);
#9756 = FILL_AREA_STYLE('',(#9757));
#9757 = FILL_AREA_STYLE_COLOUR('',#9070);
#9758 = STYLED_ITEM('color',(#9759),#1664);
#9759 = PRESENTATION_STYLE_ASSIGNMENT((#9760));
#9760 = SURFACE_STYLE_USAGE(.BOTH.,#9761);
#9761 = SURFACE_SIDE_STYLE('',(#9762));
#9762 = SURFACE_STYLE_FILL_AREA(#9763);
#9763 = FILL_AREA_STYLE('',(#9764));
#9764 = FILL_AREA_STYLE_COLOUR('',#9070);
#9765 = STYLED_ITEM('color',(#9766),#1681);
#9766 = PRESENTATION_STYLE_ASSIGNMENT((#9767));
#9767 = SURFACE_STYLE_USAGE(.BOTH.,#9768);
#9768 = SURFACE_SIDE_STYLE('',(#9769));
#9769 = SURFACE_STYLE_FILL_AREA(#9770);
#9770 = FILL_AREA_STYLE('',(#9771));
#9771 = FILL_AREA_STYLE_COLOUR('',#9070);
#9772 = STYLED_ITEM('color',(#9773),#1698);
#9773 = PRESENTATION_STYLE_ASSIGNMENT((#9774));
#9774 = SURFACE_STYLE_USAGE(.BOTH.,#9775);
#9775 = SURFACE_SIDE_STYLE('',(#9776));
#9776 = SURFACE_STYLE_FILL_AREA(#9777);
#9777 = FILL_AREA_STYLE('',(#9778));
#9778 = FILL_AREA_STYLE_COLOUR('',#9070);
#9779 = STYLED_ITEM('color',(#9780),#1715);
#9780 = PRESENTATION_STYLE_ASSIGNMENT((#9781));
#9781 = SURFACE_STYLE_USAGE(.BOTH.,#9782);
#9782 = SURFACE_SIDE_STYLE('',(#9783));
#9783 = SURFACE_STYLE_FILL_AREA(#9784);
#9784 = FILL_AREA_STYLE('',(#9785));
#9785 = FILL_AREA_STYLE_COLOUR('',#9070);
#9786 = STYLED_ITEM('color',(#9787),#1732);
#9787 = PRESENTATION_STYLE_ASSIGNMENT((#9788));
#9788 = SURFACE_STYLE_USAGE(.BOTH.,#9789);
#9789 = SURFACE_SIDE_STYLE('',(#9790));
#9790 = SURFACE_STYLE_FILL_AREA(#9791);
#9791 = FILL_AREA_STYLE('',(#9792));
#9792 = FILL_AREA_STYLE_COLOUR('',#9070);
#9793 = STYLED_ITEM('color',(#9794),#1749);
#9794 = PRESENTATION_STYLE_ASSIGNMENT((#9795));
#9795 = SURFACE_STYLE_USAGE(.BOTH.,#9796);
#9796 = SURFACE_SIDE_STYLE('',(#9797));
#9797 = SURFACE_STYLE_FILL_AREA(#9798);
#9798 = FILL_AREA_STYLE('',(#9799));
#9799 = FILL_AREA_STYLE_COLOUR('',#9070);
#9800 = STYLED_ITEM('color',(#9801),#1766);
#9801 = PRESENTATION_STYLE_ASSIGNMENT((#9802));
#9802 = SURFACE_STYLE_USAGE(.BOTH.,#9803);
#9803 = SURFACE_SIDE_STYLE('',(#9804));
#9804 = SURFACE_STYLE_FILL_AREA(#9805);
#9805 = FILL_AREA_STYLE('',(#9806));
#9806 = FILL_AREA_STYLE_COLOUR('',#9070);
#9807 = STYLED_ITEM('color',(#9808),#1783);
#9808 = PRESENTATION_STYLE_ASSIGNMENT((#9809));
#9809 = SURFACE_STYLE_USAGE(.BOTH.,#9810);
#9810 = SURFACE_SIDE_STYLE('',(#9811));
#9811 = SURFACE_STYLE_FILL_AREA(#9812);
#9812 = FILL_AREA_STYLE('',(#9813));
#9813 = FILL_AREA_STYLE_COLOUR('',#9070);
#9814 = STYLED_ITEM('color',(#9815),#1800);
#9815 = PRESENTATION_STYLE_ASSIGNMENT((#9816));
#9816 = SURFACE_STYLE_USAGE(.BOTH.,#9817);
#9817 = SURFACE_SIDE_STYLE('',(#9818));
#9818 = SURFACE_STYLE_FILL_AREA(#9819);
#9819 = FILL_AREA_STYLE('',(#9820));
#9820 = FILL_AREA_STYLE_COLOUR('',#9070);
#9821 = STYLED_ITEM('color',(#9822),#1812);
#9822 = PRESENTATION_STYLE_ASSIGNMENT((#9823));
#9823 = SURFACE_STYLE_USAGE(.BOTH.,#9824);
#9824 = SURFACE_SIDE_STYLE('',(#9825));
#9825 = SURFACE_STYLE_FILL_AREA(#9826);
#9826 = FILL_AREA_STYLE('',(#9827));
#9827 = FILL_AREA_STYLE_COLOUR('',#9183);
#9828 = STYLED_ITEM('color',(#9829),#1843);
#9829 = PRESENTATION_STYLE_ASSIGNMENT((#9830));
#9830 = SURFACE_STYLE_USAGE(.BOTH.,#9831);
#9831 = SURFACE_SIDE_STYLE('',(#9832));
#9832 = SURFACE_STYLE_FILL_AREA(#9833);
#9833 = FILL_AREA_STYLE('',(#9834));
#9834 = FILL_AREA_STYLE_COLOUR('',#9183);
#9835 = STYLED_ITEM('color',(#9836),#1867);
#9836 = PRESENTATION_STYLE_ASSIGNMENT((#9837));
#9837 = SURFACE_STYLE_USAGE(.BOTH.,#9838);
#9838 = SURFACE_SIDE_STYLE('',(#9839));
#9839 = SURFACE_STYLE_FILL_AREA(#9840);
#9840 = FILL_AREA_STYLE('',(#9841));
#9841 = FILL_AREA_STYLE_COLOUR('',#9183);
#9842 = STYLED_ITEM('color',(#9843),#1891);
#9843 = PRESENTATION_STYLE_ASSIGNMENT((#9844));
#9844 = SURFACE_STYLE_USAGE(.BOTH.,#9845);
#9845 = SURFACE_SIDE_STYLE('',(#9846));
#9846 = SURFACE_STYLE_FILL_AREA(#9847);
#9847 = FILL_AREA_STYLE('',(#9848));
#9848 = FILL_AREA_STYLE_COLOUR('',#9183);
#9849 = STYLED_ITEM('color',(#9850),#1908);
#9850 = PRESENTATION_STYLE_ASSIGNMENT((#9851));
#9851 = SURFACE_STYLE_USAGE(.BOTH.,#9852);
#9852 = SURFACE_SIDE_STYLE('',(#9853));
#9853 = SURFACE_STYLE_FILL_AREA(#9854);
#9854 = FILL_AREA_STYLE('',(#9855));
#9855 = FILL_AREA_STYLE_COLOUR('',#9183);
#9856 = STYLED_ITEM('color',(#9857),#1939);
#9857 = PRESENTATION_STYLE_ASSIGNMENT((#9858));
#9858 = SURFACE_STYLE_USAGE(.BOTH.,#9859);
#9859 = SURFACE_SIDE_STYLE('',(#9860));
#9860 = SURFACE_STYLE_FILL_AREA(#9861);
#9861 = FILL_AREA_STYLE('',(#9862));
#9862 = FILL_AREA_STYLE_COLOUR('',#9183);
#9863 = STYLED_ITEM('color',(#9864),#1963);
#9864 = PRESENTATION_STYLE_ASSIGNMENT((#9865));
#9865 = SURFACE_STYLE_USAGE(.BOTH.,#9866);
#9866 = SURFACE_SIDE_STYLE('',(#9867));
#9867 = SURFACE_STYLE_FILL_AREA(#9868);
#9868 = FILL_AREA_STYLE('',(#9869));
#9869 = FILL_AREA_STYLE_COLOUR('',#9183);
#9870 = STYLED_ITEM('color',(#9871),#1987);
#9871 = PRESENTATION_STYLE_ASSIGNMENT((#9872));
#9872 = SURFACE_STYLE_USAGE(.BOTH.,#9873);
#9873 = SURFACE_SIDE_STYLE('',(#9874));
#9874 = SURFACE_STYLE_FILL_AREA(#9875);
#9875 = FILL_AREA_STYLE('',(#9876));
#9876 = FILL_AREA_STYLE_COLOUR('',#9183);
#9877 = STYLED_ITEM('color',(#9878),#2004);
#9878 = PRESENTATION_STYLE_ASSIGNMENT((#9879));
#9879 = SURFACE_STYLE_USAGE(.BOTH.,#9880);
#9880 = SURFACE_SIDE_STYLE('',(#9881));
#9881 = SURFACE_STYLE_FILL_AREA(#9882);
#9882 = FILL_AREA_STYLE('',(#9883));
#9883 = FILL_AREA_STYLE_COLOUR('',#9183);
#9884 = STYLED_ITEM('color',(#9885),#2035);
#9885 = PRESENTATION_STYLE_ASSIGNMENT((#9886));
#9886 = SURFACE_STYLE_USAGE(.BOTH.,#9887);
#9887 = SURFACE_SIDE_STYLE('',(#9888));
#9888 = SURFACE_STYLE_FILL_AREA(#9889);
#9889 = FILL_AREA_STYLE('',(#9890));
#9890 = FILL_AREA_STYLE_COLOUR('',#9183);
#9891 = STYLED_ITEM('color',(#9892),#2059);
#9892 = PRESENTATION_STYLE_ASSIGNMENT((#9893));
#9893 = SURFACE_STYLE_USAGE(.BOTH.,#9894);
#9894 = SURFACE_SIDE_STYLE('',(#9895));
#9895 = SURFACE_STYLE_FILL_AREA(#9896);
#9896 = FILL_AREA_STYLE('',(#9897));
#9897 = FILL_AREA_STYLE_COLOUR('',#9183);
#9898 = STYLED_ITEM('color',(#9899),#2083);
#9899 = PRESENTATION_STYLE_ASSIGNMENT((#9900));
#9900 = SURFACE_STYLE_USAGE(.BOTH.,#9901);
#9901 = SURFACE_SIDE_STYLE('',(#9902));
#9902 = SURFACE_STYLE_FILL_AREA(#9903);
#9903 = FILL_AREA_STYLE('',(#9904));
#9904 = FILL_AREA_STYLE_COLOUR('',#9183);
#9905 = STYLED_ITEM('color',(#9906),#2100);
#9906 = PRESENTATION_STYLE_ASSIGNMENT((#9907));
#9907 = SURFACE_STYLE_USAGE(.BOTH.,#9908);
#9908 = SURFACE_SIDE_STYLE('',(#9909));
#9909 = SURFACE_STYLE_FILL_AREA(#9910);
#9910 = FILL_AREA_STYLE('',(#9911));
#9911 = FILL_AREA_STYLE_COLOUR('',#9183);
#9912 = STYLED_ITEM('color',(#9913),#2131);
#9913 = PRESENTATION_STYLE_ASSIGNMENT((#9914));
#9914 = SURFACE_STYLE_USAGE(.BOTH.,#9915);
#9915 = SURFACE_SIDE_STYLE('',(#9916));
#9916 = SURFACE_STYLE_FILL_AREA(#9917);
#9917 = FILL_AREA_STYLE('',(#9918));
#9918 = FILL_AREA_STYLE_COLOUR('',#9183);
#9919 = STYLED_ITEM('color',(#9920),#2155);
#9920 = PRESENTATION_STYLE_ASSIGNMENT((#9921));
#9921 = SURFACE_STYLE_USAGE(.BOTH.,#9922);
#9922 = SURFACE_SIDE_STYLE('',(#9923));
#9923 = SURFACE_STYLE_FILL_AREA(#9924);
#9924 = FILL_AREA_STYLE('',(#9925));
#9925 = FILL_AREA_STYLE_COLOUR('',#9183);
#9926 = STYLED_ITEM('color',(#9927),#2179);
#9927 = PRESENTATION_STYLE_ASSIGNMENT((#9928));
#9928 = SURFACE_STYLE_USAGE(.BOTH.,#9929);
#9929 = SURFACE_SIDE_STYLE('',(#9930));
#9930 = SURFACE_STYLE_FILL_AREA(#9931);
#9931 = FILL_AREA_STYLE('',(#9932));
#9932 = FILL_AREA_STYLE_COLOUR('',#9183);
#9933 = STYLED_ITEM('color',(#9934),#2196);
#9934 = PRESENTATION_STYLE_ASSIGNMENT((#9935));
#9935 = SURFACE_STYLE_USAGE(.BOTH.,#9936);
#9936 = SURFACE_SIDE_STYLE('',(#9937));
#9937 = SURFACE_STYLE_FILL_AREA(#9938);
#9938 = FILL_AREA_STYLE('',(#9939));
#9939 = FILL_AREA_STYLE_COLOUR('',#9183);
#9940 = STYLED_ITEM('color',(#9941),#2227);
#9941 = PRESENTATION_STYLE_ASSIGNMENT((#9942));
#9942 = SURFACE_STYLE_USAGE(.BOTH.,#9943);
#9943 = SURFACE_SIDE_STYLE('',(#9944));
#9944 = SURFACE_STYLE_FILL_AREA(#9945);
#9945 = FILL_AREA_STYLE('',(#9946));
#9946 = FILL_AREA_STYLE_COLOUR('',#9183);
#9947 = STYLED_ITEM('color',(#9948),#2251);
#9948 = PRESENTATION_STYLE_ASSIGNMENT((#9949));
#9949 = SURFACE_STYLE_USAGE(.BOTH.,#9950);
#9950 = SURFACE_SIDE_STYLE('',(#9951));
#9951 = SURFACE_STYLE_FILL_AREA(#9952);
#9952 = FILL_AREA_STYLE('',(#9953));
#9953 = FILL_AREA_STYLE_COLOUR('',#9183);
#9954 = STYLED_ITEM('color',(#9955),#2275);
#9955 = PRESENTATION_STYLE_ASSIGNMENT((#9956));
#9956 = SURFACE_STYLE_USAGE(.BOTH.,#9957);
#9957 = SURFACE_SIDE_STYLE('',(#9958));
#9958 = SURFACE_STYLE_FILL_AREA(#9959);
#9959 = FILL_AREA_STYLE('',(#9960));
#9960 = FILL_AREA_STYLE_COLOUR('',#9183);
#9961 = STYLED_ITEM('color',(#9962),#2292);
#9962 = PRESENTATION_STYLE_ASSIGNMENT((#9963));
#9963 = SURFACE_STYLE_USAGE(.BOTH.,#9964);
#9964 = SURFACE_SIDE_STYLE('',(#9965));
#9965 = SURFACE_STYLE_FILL_AREA(#9966);
#9966 = FILL_AREA_STYLE('',(#9967));
#9967 = FILL_AREA_STYLE_COLOUR('',#9183);
#9968 = STYLED_ITEM('color',(#9969),#2323);
#9969 = PRESENTATION_STYLE_ASSIGNMENT((#9970));
#9970 = SURFACE_STYLE_USAGE(.BOTH.,#9971);
#9971 = SURFACE_SIDE_STYLE('',(#9972));
#9972 = SURFACE_STYLE_FILL_AREA(#9973);
#9973 = FILL_AREA_STYLE('',(#9974));
#9974 = FILL_AREA_STYLE_COLOUR('',#9183);
#9975 = STYLED_ITEM('color',(#9976),#2347);
#9976 = PRESENTATION_STYLE_ASSIGNMENT((#9977));
#9977 = SURFACE_STYLE_USAGE(.BOTH.,#9978);
#9978 = SURFACE_SIDE_STYLE('',(#9979));
#9979 = SURFACE_STYLE_FILL_AREA(#9980);
#9980 = FILL_AREA_STYLE('',(#9981));
#9981 = FILL_AREA_STYLE_COLOUR('',#9183);
#9982 = STYLED_ITEM('color',(#9983),#2371);
#9983 = PRESENTATION_STYLE_ASSIGNMENT((#9984));
#9984 = SURFACE_STYLE_USAGE(.BOTH.,#9985);
#9985 = SURFACE_SIDE_STYLE('',(#9986));
#9986 = SURFACE_STYLE_FILL_AREA(#9987);
#9987 = FILL_AREA_STYLE('',(#9988));
#9988 = FILL_AREA_STYLE_COLOUR('',#9183);
#9989 = STYLED_ITEM('color',(#9990),#2388);
#9990 = PRESENTATION_STYLE_ASSIGNMENT((#9991));
#9991 = SURFACE_STYLE_USAGE(.BOTH.,#9992);
#9992 = SURFACE_SIDE_STYLE('',(#9993));
#9993 = SURFACE_STYLE_FILL_AREA(#9994);
#9994 = FILL_AREA_STYLE('',(#9995));
#9995 = FILL_AREA_STYLE_COLOUR('',#9183);
#9996 = STYLED_ITEM('color',(#9997),#2419);
#9997 = PRESENTATION_STYLE_ASSIGNMENT((#9998));
#9998 = SURFACE_STYLE_USAGE(.BOTH.,#9999);
#9999 = SURFACE_SIDE_STYLE('',(#10000));
#10000 = SURFACE_STYLE_FILL_AREA(#10001);
#10001 = FILL_AREA_STYLE('',(#10002));
#10002 = FILL_AREA_STYLE_COLOUR('',#9183);
#10003 = STYLED_ITEM('color',(#10004),#2443);
#10004 = PRESENTATION_STYLE_ASSIGNMENT((#10005));
#10005 = SURFACE_STYLE_USAGE(.BOTH.,#10006);
#10006 = SURFACE_SIDE_STYLE('',(#10007));
#10007 = SURFACE_STYLE_FILL_AREA(#10008);
#10008 = FILL_AREA_STYLE('',(#10009));
#10009 = FILL_AREA_STYLE_COLOUR('',#9183);
#10010 = STYLED_ITEM('color',(#10011),#2467);
#10011 = PRESENTATION_STYLE_ASSIGNMENT((#10012));
#10012 = SURFACE_STYLE_USAGE(.BOTH.,#10013);
#10013 = SURFACE_SIDE_STYLE('',(#10014));
#10014 = SURFACE_STYLE_FILL_AREA(#10015);
#10015 = FILL_AREA_STYLE('',(#10016));
#10016 = FILL_AREA_STYLE_COLOUR('',#9183);
#10017 = STYLED_ITEM('color',(#10018),#2484);
#10018 = PRESENTATION_STYLE_ASSIGNMENT((#10019));
#10019 = SURFACE_STYLE_USAGE(.BOTH.,#10020);
#10020 = SURFACE_SIDE_STYLE('',(#10021));
#10021 = SURFACE_STYLE_FILL_AREA(#10022);
#10022 = FILL_AREA_STYLE('',(#10023));
#10023 = FILL_AREA_STYLE_COLOUR('',#9183);
#10024 = STYLED_ITEM('color',(#10025),#2515);
#10025 = PRESENTATION_STYLE_ASSIGNMENT((#10026));
#10026 = SURFACE_STYLE_USAGE(.BOTH.,#10027);
#10027 = SURFACE_SIDE_STYLE('',(#10028));
#10028 = SURFACE_STYLE_FILL_AREA(#10029);
#10029 = FILL_AREA_STYLE('',(#10030));
#10030 = FILL_AREA_STYLE_COLOUR('',#9183);
#10031 = STYLED_ITEM('color',(#10032),#2539);
#10032 = PRESENTATION_STYLE_ASSIGNMENT((#10033));
#10033 = SURFACE_STYLE_USAGE(.BOTH.,#10034);
#10034 = SURFACE_SIDE_STYLE('',(#10035));
#10035 = SURFACE_STYLE_FILL_AREA(#10036);
#10036 = FILL_AREA_STYLE('',(#10037));
#10037 = FILL_AREA_STYLE_COLOUR('',#9183);
#10038 = STYLED_ITEM('color',(#10039),#2563);
#10039 = PRESENTATION_STYLE_ASSIGNMENT((#10040));
#10040 = SURFACE_STYLE_USAGE(.BOTH.,#10041);
#10041 = SURFACE_SIDE_STYLE('',(#10042));
#10042 = SURFACE_STYLE_FILL_AREA(#10043);
#10043 = FILL_AREA_STYLE('',(#10044));
#10044 = FILL_AREA_STYLE_COLOUR('',#9183);
#10045 = STYLED_ITEM('color',(#10046),#2580);
#10046 = PRESENTATION_STYLE_ASSIGNMENT((#10047));
#10047 = SURFACE_STYLE_USAGE(.BOTH.,#10048);
#10048 = SURFACE_SIDE_STYLE('',(#10049));
#10049 = SURFACE_STYLE_FILL_AREA(#10050);
#10050 = FILL_AREA_STYLE('',(#10051));
#10051 = FILL_AREA_STYLE_COLOUR('',#9183);
#10052 = STYLED_ITEM('color',(#10053),#2611);
#10053 = PRESENTATION_STYLE_ASSIGNMENT((#10054));
#10054 = SURFACE_STYLE_USAGE(.BOTH.,#10055);
#10055 = SURFACE_SIDE_STYLE('',(#10056));
#10056 = SURFACE_STYLE_FILL_AREA(#10057);
#10057 = FILL_AREA_STYLE('',(#10058));
#10058 = FILL_AREA_STYLE_COLOUR('',#9183);
#10059 = STYLED_ITEM('color',(#10060),#2635);
#10060 = PRESENTATION_STYLE_ASSIGNMENT((#10061));
#10061 = SURFACE_STYLE_USAGE(.BOTH.,#10062);
#10062 = SURFACE_SIDE_STYLE('',(#10063));
#10063 = SURFACE_STYLE_FILL_AREA(#10064);
#10064 = FILL_AREA_STYLE('',(#10065));
#10065 = FILL_AREA_STYLE_COLOUR('',#9183);
#10066 = STYLED_ITEM('color',(#10067),#2659);
#10067 = PRESENTATION_STYLE_ASSIGNMENT((#10068));
#10068 = SURFACE_STYLE_USAGE(.BOTH.,#10069);
#10069 = SURFACE_SIDE_STYLE('',(#10070));
#10070 = SURFACE_STYLE_FILL_AREA(#10071);
#10071 = FILL_AREA_STYLE('',(#10072));
#10072 = FILL_AREA_STYLE_COLOUR('',#9183);
#10073 = STYLED_ITEM('color',(#10074),#2676);
#10074 = PRESENTATION_STYLE_ASSIGNMENT((#10075));
#10075 = SURFACE_STYLE_USAGE(.BOTH.,#10076);
#10076 = SURFACE_SIDE_STYLE('',(#10077));
#10077 = SURFACE_STYLE_FILL_AREA(#10078);
#10078 = FILL_AREA_STYLE('',(#10079));
#10079 = FILL_AREA_STYLE_COLOUR('',#9183);
#10080 = STYLED_ITEM('color',(#10081),#2707);
#10081 = PRESENTATION_STYLE_ASSIGNMENT((#10082));
#10082 = SURFACE_STYLE_USAGE(.BOTH.,#10083);
#10083 = SURFACE_SIDE_STYLE('',(#10084));
#10084 = SURFACE_STYLE_FILL_AREA(#10085);
#10085 = FILL_AREA_STYLE('',(#10086));
#10086 = FILL_AREA_STYLE_COLOUR('',#9183);
#10087 = STYLED_ITEM('color',(#10088),#2731);
#10088 = PRESENTATION_STYLE_ASSIGNMENT((#10089));
#10089 = SURFACE_STYLE_USAGE(.BOTH.,#10090);
#10090 = SURFACE_SIDE_STYLE('',(#10091));
#10091 = SURFACE_STYLE_FILL_AREA(#10092);
#10092 = FILL_AREA_STYLE('',(#10093));
#10093 = FILL_AREA_STYLE_COLOUR('',#9183);
#10094 = STYLED_ITEM('color',(#10095),#2755);
#10095 = PRESENTATION_STYLE_ASSIGNMENT((#10096));
#10096 = SURFACE_STYLE_USAGE(.BOTH.,#10097);
#10097 = SURFACE_SIDE_STYLE('',(#10098));
#10098 = SURFACE_STYLE_FILL_AREA(#10099);
#10099 = FILL_AREA_STYLE('',(#10100));
#10100 = FILL_AREA_STYLE_COLOUR('',#9183);
#10101 = STYLED_ITEM('color',(#10102),#2772);
#10102 = PRESENTATION_STYLE_ASSIGNMENT((#10103));
#10103 = SURFACE_STYLE_USAGE(.BOTH.,#10104);
#10104 = SURFACE_SIDE_STYLE('',(#10105));
#10105 = SURFACE_STYLE_FILL_AREA(#10106);
#10106 = FILL_AREA_STYLE('',(#10107));
#10107 = FILL_AREA_STYLE_COLOUR('',#9183);
#10108 = STYLED_ITEM('color',(#10109),#2803);
#10109 = PRESENTATION_STYLE_ASSIGNMENT((#10110));
#10110 = SURFACE_STYLE_USAGE(.BOTH.,#10111);
#10111 = SURFACE_SIDE_STYLE('',(#10112));
#10112 = SURFACE_STYLE_FILL_AREA(#10113);
#10113 = FILL_AREA_STYLE('',(#10114));
#10114 = FILL_AREA_STYLE_COLOUR('',#9183);
#10115 = STYLED_ITEM('color',(#10116),#2827);
#10116 = PRESENTATION_STYLE_ASSIGNMENT((#10117));
#10117 = SURFACE_STYLE_USAGE(.BOTH.,#10118);
#10118 = SURFACE_SIDE_STYLE('',(#10119));
#10119 = SURFACE_STYLE_FILL_AREA(#10120);
#10120 = FILL_AREA_STYLE('',(#10121));
#10121 = FILL_AREA_STYLE_COLOUR('',#9183);
#10122 = STYLED_ITEM('color',(#10123),#2851);
#10123 = PRESENTATION_STYLE_ASSIGNMENT((#10124));
#10124 = SURFACE_STYLE_USAGE(.BOTH.,#10125);
#10125 = SURFACE_SIDE_STYLE('',(#10126));
#10126 = SURFACE_STYLE_FILL_AREA(#10127);
#10127 = FILL_AREA_STYLE('',(#10128));
#10128 = FILL_AREA_STYLE_COLOUR('',#9183);
#10129 = STYLED_ITEM('color',(#10130),#2868);
#10130 = PRESENTATION_STYLE_ASSIGNMENT((#10131));
#10131 = SURFACE_STYLE_USAGE(.BOTH.,#10132);
#10132 = SURFACE_SIDE_STYLE('',(#10133));
#10133 = SURFACE_STYLE_FILL_AREA(#10134);
#10134 = FILL_AREA_STYLE('',(#10135));
#10135 = FILL_AREA_STYLE_COLOUR('',#9183);
#10136 = STYLED_ITEM('color',(#10137),#2899);
#10137 = PRESENTATION_STYLE_ASSIGNMENT((#10138));
#10138 = SURFACE_STYLE_USAGE(.BOTH.,#10139);
#10139 = SURFACE_SIDE_STYLE('',(#10140));
#10140 = SURFACE_STYLE_FILL_AREA(#10141);
#10141 = FILL_AREA_STYLE('',(#10142));
#10142 = FILL_AREA_STYLE_COLOUR('',#9183);
#10143 = STYLED_ITEM('color',(#10144),#2923);
#10144 = PRESENTATION_STYLE_ASSIGNMENT((#10145));
#10145 = SURFACE_STYLE_USAGE(.BOTH.,#10146);
#10146 = SURFACE_SIDE_STYLE('',(#10147));
#10147 = SURFACE_STYLE_FILL_AREA(#10148);
#10148 = FILL_AREA_STYLE('',(#10149));
#10149 = FILL_AREA_STYLE_COLOUR('',#9183);
#10150 = STYLED_ITEM('color',(#10151),#2947);
#10151 = PRESENTATION_STYLE_ASSIGNMENT((#10152));
#10152 = SURFACE_STYLE_USAGE(.BOTH.,#10153);
#10153 = SURFACE_SIDE_STYLE('',(#10154));
#10154 = SURFACE_STYLE_FILL_AREA(#10155);
#10155 = FILL_AREA_STYLE('',(#10156));
#10156 = FILL_AREA_STYLE_COLOUR('',#9183);
#10157 = STYLED_ITEM('color',(#10158),#2964);
#10158 = PRESENTATION_STYLE_ASSIGNMENT((#10159));
#10159 = SURFACE_STYLE_USAGE(.BOTH.,#10160);
#10160 = SURFACE_SIDE_STYLE('',(#10161));
#10161 = SURFACE_STYLE_FILL_AREA(#10162);
#10162 = FILL_AREA_STYLE('',(#10163));
#10163 = FILL_AREA_STYLE_COLOUR('',#9183);
#10164 = STYLED_ITEM('color',(#10165),#2976);
#10165 = PRESENTATION_STYLE_ASSIGNMENT((#10166));
#10166 = SURFACE_STYLE_USAGE(.BOTH.,#10167);
#10167 = SURFACE_SIDE_STYLE('',(#10168));
#10168 = SURFACE_STYLE_FILL_AREA(#10169);
#10169 = FILL_AREA_STYLE('',(#10170));
#10170 = FILL_AREA_STYLE_COLOUR('',#9183);
#10171 = STYLED_ITEM('color',(#10172),#2988);
#10172 = PRESENTATION_STYLE_ASSIGNMENT((#10173));
#10173 = SURFACE_STYLE_USAGE(.BOTH.,#10174);
#10174 = SURFACE_SIDE_STYLE('',(#10175));
#10175 = SURFACE_STYLE_FILL_AREA(#10176);
#10176 = FILL_AREA_STYLE('',(#10177));
#10177 = FILL_AREA_STYLE_COLOUR('',#9183);
#10178 = STYLED_ITEM('color',(#10179),#3000);
#10179 = PRESENTATION_STYLE_ASSIGNMENT((#10180));
#10180 = SURFACE_STYLE_USAGE(.BOTH.,#10181);
#10181 = SURFACE_SIDE_STYLE('',(#10182));
#10182 = SURFACE_STYLE_FILL_AREA(#10183);
#10183 = FILL_AREA_STYLE('',(#10184));
#10184 = FILL_AREA_STYLE_COLOUR('',#9183);
#10185 = STYLED_ITEM('color',(#10186),#3012);
#10186 = PRESENTATION_STYLE_ASSIGNMENT((#10187));
#10187 = SURFACE_STYLE_USAGE(.BOTH.,#10188);
#10188 = SURFACE_SIDE_STYLE('',(#10189));
#10189 = SURFACE_STYLE_FILL_AREA(#10190);
#10190 = FILL_AREA_STYLE('',(#10191));
#10191 = FILL_AREA_STYLE_COLOUR('',#9183);
#10192 = STYLED_ITEM('color',(#10193),#3024);
#10193 = PRESENTATION_STYLE_ASSIGNMENT((#10194));
#10194 = SURFACE_STYLE_USAGE(.BOTH.,#10195);
#10195 = SURFACE_SIDE_STYLE('',(#10196));
#10196 = SURFACE_STYLE_FILL_AREA(#10197);
#10197 = FILL_AREA_STYLE('',(#10198));
#10198 = FILL_AREA_STYLE_COLOUR('',#9183);
#10199 = MECHANICAL_DESIGN_GEOMETRIC_PRESENTATION_REPRESENTATION('',(
    #10200,#10208,#10215,#10222,#10229,#10236,#10243,#10250,#10257,
    #10264,#10271,#10278,#10285,#10292,#10299,#10306,#10313,#10320,
    #10327,#10334,#10341,#10348),#7829);
#10200 = STYLED_ITEM('color',(#10201),#5121);
#10201 = PRESENTATION_STYLE_ASSIGNMENT((#10202));
#10202 = SURFACE_STYLE_USAGE(.BOTH.,#10203);
#10203 = SURFACE_SIDE_STYLE('',(#10204));
#10204 = SURFACE_STYLE_FILL_AREA(#10205);
#10205 = FILL_AREA_STYLE('',(#10206));
#10206 = FILL_AREA_STYLE_COLOUR('',#10207);
#10207 = COLOUR_RGB('',0.982560078588,0.982560078588,0.982560078588);
#10208 = STYLED_ITEM('color',(#10209),#5263);
#10209 = PRESENTATION_STYLE_ASSIGNMENT((#10210));
#10210 = SURFACE_STYLE_USAGE(.BOTH.,#10211);
#10211 = SURFACE_SIDE_STYLE('',(#10212));
#10212 = SURFACE_STYLE_FILL_AREA(#10213);
#10213 = FILL_AREA_STYLE('',(#10214));
#10214 = FILL_AREA_STYLE_COLOUR('',#10207);
#10215 = STYLED_ITEM('color',(#10216),#5470);
#10216 = PRESENTATION_STYLE_ASSIGNMENT((#10217));
#10217 = SURFACE_STYLE_USAGE(.BOTH.,#10218);
#10218 = SURFACE_SIDE_STYLE('',(#10219));
#10219 = SURFACE_STYLE_FILL_AREA(#10220);
#10220 = FILL_AREA_STYLE('',(#10221));
#10221 = FILL_AREA_STYLE_COLOUR('',#10207);
#10222 = STYLED_ITEM('color',(#10223),#5758);
#10223 = PRESENTATION_STYLE_ASSIGNMENT((#10224));
#10224 = SURFACE_STYLE_USAGE(.BOTH.,#10225);
#10225 = SURFACE_SIDE_STYLE('',(#10226));
#10226 = SURFACE_STYLE_FILL_AREA(#10227);
#10227 = FILL_AREA_STYLE('',(#10228));
#10228 = FILL_AREA_STYLE_COLOUR('',#10207);
#10229 = STYLED_ITEM('color',(#10230),#5965);
#10230 = PRESENTATION_STYLE_ASSIGNMENT((#10231));
#10231 = SURFACE_STYLE_USAGE(.BOTH.,#10232);
#10232 = SURFACE_SIDE_STYLE('',(#10233));
#10233 = SURFACE_STYLE_FILL_AREA(#10234);
#10234 = FILL_AREA_STYLE('',(#10235));
#10235 = FILL_AREA_STYLE_COLOUR('',#10207);
#10236 = STYLED_ITEM('color',(#10237),#6034);
#10237 = PRESENTATION_STYLE_ASSIGNMENT((#10238));
#10238 = SURFACE_STYLE_USAGE(.BOTH.,#10239);
#10239 = SURFACE_SIDE_STYLE('',(#10240));
#10240 = SURFACE_STYLE_FILL_AREA(#10241);
#10241 = FILL_AREA_STYLE('',(#10242));
#10242 = FILL_AREA_STYLE_COLOUR('',#10207);
#10243 = STYLED_ITEM('color',(#10244),#6103);
#10244 = PRESENTATION_STYLE_ASSIGNMENT((#10245));
#10245 = SURFACE_STYLE_USAGE(.BOTH.,#10246);
#10246 = SURFACE_SIDE_STYLE('',(#10247));
#10247 = SURFACE_STYLE_FILL_AREA(#10248);
#10248 = FILL_AREA_STYLE('',(#10249));
#10249 = FILL_AREA_STYLE_COLOUR('',#10207);
#10250 = STYLED_ITEM('color',(#10251),#6172);
#10251 = PRESENTATION_STYLE_ASSIGNMENT((#10252));
#10252 = SURFACE_STYLE_USAGE(.BOTH.,#10253);
#10253 = SURFACE_SIDE_STYLE('',(#10254));
#10254 = SURFACE_STYLE_FILL_AREA(#10255);
#10255 = FILL_AREA_STYLE('',(#10256));
#10256 = FILL_AREA_STYLE_COLOUR('',#10207);
#10257 = STYLED_ITEM('color',(#10258),#6241);
#10258 = PRESENTATION_STYLE_ASSIGNMENT((#10259));
#10259 = SURFACE_STYLE_USAGE(.BOTH.,#10260);
#10260 = SURFACE_SIDE_STYLE('',(#10261));
#10261 = SURFACE_STYLE_FILL_AREA(#10262);
#10262 = FILL_AREA_STYLE('',(#10263));
#10263 = FILL_AREA_STYLE_COLOUR('',#10207);
#10264 = STYLED_ITEM('color',(#10265),#6359);
#10265 = PRESENTATION_STYLE_ASSIGNMENT((#10266));
#10266 = SURFACE_STYLE_USAGE(.BOTH.,#10267);
#10267 = SURFACE_SIDE_STYLE('',(#10268));
#10268 = SURFACE_STYLE_FILL_AREA(#10269);
#10269 = FILL_AREA_STYLE('',(#10270));
#10270 = FILL_AREA_STYLE_COLOUR('',#10207);
#10271 = STYLED_ITEM('color',(#10272),#6521);
#10272 = PRESENTATION_STYLE_ASSIGNMENT((#10273));
#10273 = SURFACE_STYLE_USAGE(.BOTH.,#10274);
#10274 = SURFACE_SIDE_STYLE('',(#10275));
#10275 = SURFACE_STYLE_FILL_AREA(#10276);
#10276 = FILL_AREA_STYLE('',(#10277));
#10277 = FILL_AREA_STYLE_COLOUR('',#10207);
#10278 = STYLED_ITEM('color',(#10279),#6756);
#10279 = PRESENTATION_STYLE_ASSIGNMENT((#10280));
#10280 = SURFACE_STYLE_USAGE(.BOTH.,#10281);
#10281 = SURFACE_SIDE_STYLE('',(#10282));
#10282 = SURFACE_STYLE_FILL_AREA(#10283);
#10283 = FILL_AREA_STYLE('',(#10284));
#10284 = FILL_AREA_STYLE_COLOUR('',#10207);
#10285 = STYLED_ITEM('color',(#10286),#6918);
#10286 = PRESENTATION_STYLE_ASSIGNMENT((#10287));
#10287 = SURFACE_STYLE_USAGE(.BOTH.,#10288);
#10288 = SURFACE_SIDE_STYLE('',(#10289));
#10289 = SURFACE_STYLE_FILL_AREA(#10290);
#10290 = FILL_AREA_STYLE('',(#10291));
#10291 = FILL_AREA_STYLE_COLOUR('',#10207);
#10292 = STYLED_ITEM('color',(#10293),#6970);
#10293 = PRESENTATION_STYLE_ASSIGNMENT((#10294));
#10294 = SURFACE_STYLE_USAGE(.BOTH.,#10295);
#10295 = SURFACE_SIDE_STYLE('',(#10296));
#10296 = SURFACE_STYLE_FILL_AREA(#10297);
#10297 = FILL_AREA_STYLE('',(#10298));
#10298 = FILL_AREA_STYLE_COLOUR('',#10207);
#10299 = STYLED_ITEM('color',(#10300),#7135);
#10300 = PRESENTATION_STYLE_ASSIGNMENT((#10301));
#10301 = SURFACE_STYLE_USAGE(.BOTH.,#10302);
#10302 = SURFACE_SIDE_STYLE('',(#10303));
#10303 = SURFACE_STYLE_FILL_AREA(#10304);
#10304 = FILL_AREA_STYLE('',(#10305));
#10305 = FILL_AREA_STYLE_COLOUR('',#10207);
#10306 = STYLED_ITEM('color',(#10307),#7253);
#10307 = PRESENTATION_STYLE_ASSIGNMENT((#10308));
#10308 = SURFACE_STYLE_USAGE(.BOTH.,#10309);
#10309 = SURFACE_SIDE_STYLE('',(#10310));
#10310 = SURFACE_STYLE_FILL_AREA(#10311);
#10311 = FILL_AREA_STYLE('',(#10312));
#10312 = FILL_AREA_STYLE_COLOUR('',#10207);
#10313 = STYLED_ITEM('color',(#10314),#7297);
#10314 = PRESENTATION_STYLE_ASSIGNMENT((#10315));
#10315 = SURFACE_STYLE_USAGE(.BOTH.,#10316);
#10316 = SURFACE_SIDE_STYLE('',(#10317));
#10317 = SURFACE_STYLE_FILL_AREA(#10318);
#10318 = FILL_AREA_STYLE('',(#10319));
#10319 = FILL_AREA_STYLE_COLOUR('',#10207);
#10320 = STYLED_ITEM('color',(#10321),#7388);
#10321 = PRESENTATION_STYLE_ASSIGNMENT((#10322));
#10322 = SURFACE_STYLE_USAGE(.BOTH.,#10323);
#10323 = SURFACE_SIDE_STYLE('',(#10324));
#10324 = SURFACE_STYLE_FILL_AREA(#10325);
#10325 = FILL_AREA_STYLE('',(#10326));
#10326 = FILL_AREA_STYLE_COLOUR('',#10207);
#10327 = STYLED_ITEM('color',(#10328),#7500);
#10328 = PRESENTATION_STYLE_ASSIGNMENT((#10329));
#10329 = SURFACE_STYLE_USAGE(.BOTH.,#10330);
#10330 = SURFACE_SIDE_STYLE('',(#10331));
#10331 = SURFACE_STYLE_FILL_AREA(#10332);
#10332 = FILL_AREA_STYLE('',(#10333));
#10333 = FILL_AREA_STYLE_COLOUR('',#10207);
#10334 = STYLED_ITEM('color',(#10335),#7552);
#10335 = PRESENTATION_STYLE_ASSIGNMENT((#10336));
#10336 = SURFACE_STYLE_USAGE(.BOTH.,#10337);
#10337 = SURFACE_SIDE_STYLE('',(#10338));
#10338 = SURFACE_STYLE_FILL_AREA(#10339);
#10339 = FILL_AREA_STYLE('',(#10340));
#10340 = FILL_AREA_STYLE_COLOUR('',#10207);
#10341 = STYLED_ITEM('color',(#10342),#7604);
#10342 = PRESENTATION_STYLE_ASSIGNMENT((#10343));
#10343 = SURFACE_STYLE_USAGE(.BOTH.,#10344);
#10344 = SURFACE_SIDE_STYLE('',(#10345));
#10345 = SURFACE_STYLE_FILL_AREA(#10346);
#10346 = FILL_AREA_STYLE('',(#10347));
#10347 = FILL_AREA_STYLE_COLOUR('',#10207);
#10348 = STYLED_ITEM('color',(#10349),#7689);
#10349 = PRESENTATION_STYLE_ASSIGNMENT((#10350));
#10350 = SURFACE_STYLE_USAGE(.BOTH.,#10351);
#10351 = SURFACE_SIDE_STYLE('',(#10352));
#10352 = SURFACE_STYLE_FILL_AREA(#10353);
#10353 = FILL_AREA_STYLE('',(#10354));
#10354 = FILL_AREA_STYLE_COLOUR('',#10207);
#10355 = MECHANICAL_DESIGN_GEOMETRIC_PRESENTATION_REPRESENTATION('',(
    #10356,#10364),#4911);
#10356 = STYLED_ITEM('color',(#10357),#4549);
#10357 = PRESENTATION_STYLE_ASSIGNMENT((#10358));
#10358 = SURFACE_STYLE_USAGE(.BOTH.,#10359);
#10359 = SURFACE_SIDE_STYLE('',(#10360));
#10360 = SURFACE_STYLE_FILL_AREA(#10361);
#10361 = FILL_AREA_STYLE('',(#10362));
#10362 = FILL_AREA_STYLE_COLOUR('',#10363);
#10363 = COLOUR_RGB('',0.345098039026,0.333333332236,0.415686275537);
#10364 = OVER_RIDING_STYLED_ITEM('overriding color',(#10365),#4901,
  #10356);
#10365 = PRESENTATION_STYLE_ASSIGNMENT((#10366));
#10366 = SURFACE_STYLE_USAGE(.BOTH.,#10367);
#10367 = SURFACE_SIDE_STYLE('',(#10368));
#10368 = SURFACE_STYLE_FILL_AREA(#10369);
#10369 = FILL_AREA_STYLE('',(#10370));
#10370 = FILL_AREA_STYLE_COLOUR('',#9437);
#10371 = SHAPE_DEFINITION_REPRESENTATION(#10372,#10374);
#10372 = PROPERTY_DEFINITION('shape with specific properties',
  'properties for subshape',#10373);
#10373 = SHAPE_ASPECT('','',#4542,.F.);
#10374 = SHAPE_REPRESENTATION('',(#4549),#4911);
#10375 = PROPERTY_DEFINITION_REPRESENTATION(#10376,#10377);
#10376 = PROPERTY_DEFINITION('geometric validation property',
  'surface area',#10373);
#10377 = REPRESENTATION('surface area',(#10378),#4911);
#10378 = MEASURE_REPRESENTATION_ITEM('surface area measure',AREA_MEASURE
  (1.082302044024E+03),#10379);
#10379 = DERIVED_UNIT((#10380));
#10380 = DERIVED_UNIT_ELEMENT(#10381,2.);
#10381 = ( LENGTH_UNIT() NAMED_UNIT(*) SI_UNIT(.MILLI.,.METRE.) );
#10382 = PROPERTY_DEFINITION_REPRESENTATION(#10383,#10384);
#10383 = PROPERTY_DEFINITION('geometric validation property','volume',
  #10373);
#10384 = REPRESENTATION('volume',(#10385),#4911);
#10385 = MEASURE_REPRESENTATION_ITEM('volume measure',VOLUME_MEASURE(
    2.219054842224E+03),#10386);
#10386 = DERIVED_UNIT((#10387));
#10387 = DERIVED_UNIT_ELEMENT(#10388,3.);
#10388 = ( LENGTH_UNIT() NAMED_UNIT(*) SI_UNIT(.MILLI.,.METRE.) );
#10389 = PROPERTY_DEFINITION_REPRESENTATION(#10390,#10391);
#10390 = PROPERTY_DEFINITION('geometric validation property','centroid',
  #10373);
#10391 = REPRESENTATION('centroid',(#10392),#4911);
#10392 = CARTESIAN_POINT('centre point',(2.721260397178E-05,
    -6.420998817592,1.722324982414E-05));
#10393 = SHAPE_DEFINITION_REPRESENTATION(#10394,#10396);
#10394 = PROPERTY_DEFINITION('shape with specific properties',
  'properties for subshape',#10395);
#10395 = SHAPE_ASPECT('','',#4923,.F.);
#10396 = SHAPE_REPRESENTATION('',(#4930),#5080);
#10397 = PROPERTY_DEFINITION_REPRESENTATION(#10398,#10399);
#10398 = PROPERTY_DEFINITION('geometric validation property',
  'surface area',#10395);
#10399 = REPRESENTATION('surface area',(#10400),#5080);
#10400 = MEASURE_REPRESENTATION_ITEM('surface area measure',AREA_MEASURE
  (7.66),#10401);
#10401 = DERIVED_UNIT((#10402));
#10402 = DERIVED_UNIT_ELEMENT(#10403,2.);
#10403 = ( LENGTH_UNIT() NAMED_UNIT(*) SI_UNIT(.MILLI.,.METRE.) );
#10404 = PROPERTY_DEFINITION_REPRESENTATION(#10405,#10406);
#10405 = PROPERTY_DEFINITION('geometric validation property','volume',
  #10395);
#10406 = REPRESENTATION('volume',(#10407),#5080);
#10407 = MEASURE_REPRESENTATION_ITEM('volume measure',VOLUME_MEASURE(
    0.69),#10408);
#10408 = DERIVED_UNIT((#10409));
#10409 = DERIVED_UNIT_ELEMENT(#10410,3.);
#10410 = ( LENGTH_UNIT() NAMED_UNIT(*) SI_UNIT(.MILLI.,.METRE.) );
#10411 = PROPERTY_DEFINITION_REPRESENTATION(#10412,#10413);
#10412 = PROPERTY_DEFINITION('geometric validation property','centroid',
  #10395);
#10413 = REPRESENTATION('centroid',(#10414),#5080);
#10414 = CARTESIAN_POINT('centre point',(0.,0.,0.));
#10415 = PROPERTY_DEFINITION_REPRESENTATION(#10416,#10417);
#10416 = PROPERTY_DEFINITION('geometric validation property',
  'surface area',#4499);
#10417 = REPRESENTATION('surface area',(#10418),#4530);
#10418 = MEASURE_REPRESENTATION_ITEM('surface area measure',AREA_MEASURE
  (1.120602044024E+03),#10419);
#10419 = DERIVED_UNIT((#10420));
#10420 = DERIVED_UNIT_ELEMENT(#10421,2.);
#10421 = ( LENGTH_UNIT() NAMED_UNIT(*) SI_UNIT(.MILLI.,.METRE.) );
#10422 = PROPERTY_DEFINITION_REPRESENTATION(#10423,#10424);
#10423 = PROPERTY_DEFINITION('geometric validation property','volume',
  #4499);
#10424 = REPRESENTATION('volume',(#10425),#4530);
#10425 = MEASURE_REPRESENTATION_ITEM('volume measure',VOLUME_MEASURE(
    2.222504842224E+03),#10426);
#10426 = DERIVED_UNIT((#10427));
#10427 = DERIVED_UNIT_ELEMENT(#10428,3.);
#10428 = ( LENGTH_UNIT() NAMED_UNIT(*) SI_UNIT(.MILLI.,.METRE.) );
#10429 = PROPERTY_DEFINITION_REPRESENTATION(#10430,#10431);
#10430 = PROPERTY_DEFINITION('geometric validation property','centroid',
  #4499);
#10431 = REPRESENTATION('centroid',(#10432),#4530);
#10432 = CARTESIAN_POINT('centre point',(8.157400722684E-04,
    -6.40823733992,2.656110899634E-03));
ENDSEC;
END-ISO-10303-21;
